sq_candidato;turno;uf;codigo_cargo;cargo;nome_urna;partido;genero;raca_cor;escolaridade;resultado;eleito;segundo_turno;data_geracao;hora_geracao
250002536388;1;SP;7;DEPUTADO ESTADUAL;GIOVANNI SANCHES;PL;MASCULINO;BRANCA;SUPERIOR COMPLETO;ELEITO POR QP;1;0;05/10/2026;10:14:11
190002543040;1;RJ;7;DEPUTADO ESTADUAL;LEANDRO;REPUBLICANOS;MASCULINO;PARDA;SUPERIOR INCOMPLETO;ELEITO POR QP;1;0;05/10/2026;10:14:11
190002541068;1;RJ;6;DEPUTADO FEDERAL;DELEGADO FELIPE CURI;PP;MASCULINO;BRANCA;SUPERIOR COMPLETO;ELEITO POR QP;1;0;05/10/2026;10:14:11
240002533831;1;SC;6;DEPUTADO FEDERAL;GIOVANA MONDARDO;PCDOB;FEMININO;BRANCA;SUPERIOR COMPLETO;ELEITO POR MÉDIA;1;0;05/10/2026;10:14:11
240002539382;1;SC;6;DEPUTADO FEDERAL;DANIELA REINEHR;PL;FEMININO;BRANCA;SUPERIOR COMPLETO;ELEITO POR QP;1;0;05/10/2026;10:14:11
240002548535;1;SC;6;DEPUTADO FEDERAL;JULIO GARCIA;PSD;MASCULINO;BRANCA;ENSINO MÉDIO COMPLETO;ELEITO POR QP;1;0;05/10/2026;10:14:11
260002541260;1;SE;6;DEPUTADO FEDERAL;CLAUDIO MITIDIERI;PSB;MASCULINO;BRANCA;SUPERIOR COMPLETO;ELEITO POR QP;1;0;05/10/2026;10:14:11
260002533079;1;SE;6;DEPUTADO FEDERAL;ICARO DE VALMIR;REPUBLICANOS;MASCULINO;BRANCA;ENSINO MÉDIO COMPLETO;ELEITO POR QP;1;0;05/10/2026;10:14:11
130002543112;1;MG;6;DEPUTADO FEDERAL;LUIS TIBÉ;AVANTE;MASCULINO;BRANCA;SUPERIOR COMPLETO;ELEITO POR QP;1;0;05/10/2026;10:14:11
50002535570;1;BA;7;DEPUTADO ESTADUAL;JOÃO DE FURÃO;AVANTE;MASCULINO;BRANCA;SUPERIOR COMPLETO;ELEITO POR QP;1;0;05/10/2026;10:14:11
50002537856;1;BA;7;DEPUTADO ESTADUAL;TAGNER;PT;MASCULINO;BRANCA;SUPERIOR INCOMPLETO;ELEITO POR QP;1;0;05/10/2026;10:14:11
250002533778;1;SP;7;DEPUTADO ESTADUAL;SARGENTO CASTRO;PP;MASCULINO;BRANCA;SUPERIOR COMPLETO;ELEITO POR QP;1;0;05/10/2026;10:14:11
50002537861;1;BA;7;DEPUTADO ESTADUAL;JÚLIO PINHEIRO;PT;MASCULINO;BRANCA;SUPERIOR COMPLETO;ELEITO POR QP;1;0;05/10/2026;10:14:11
50002537847;1;BA;7;DEPUTADO ESTADUAL;ROBERTO CARLOS;PV;MASCULINO;PARDA;SUPERIOR COMPLETO;ELEITO POR QP;1;0;05/10/2026;10:14:11
50002537853;1;BA;7;DEPUTADO ESTADUAL;JUVENILSON PASSOS;PT;MASCULINO;PARDA;SUPERIOR COMPLETO;ELEITO POR QP;1;0;05/10/2026;10:14:11
50002537869;1;BA;7;DEPUTADO ESTADUAL;ROBINSON;PT;MASCULINO;BRANCA;SUPERIOR COMPLETO;ELEITO POR QP;1;0;05/10/2026;10:14:11
250002536840;1;SP;7;DEPUTADO ESTADUAL;JOÃO PAULO RILLO;PT;MASCULINO;BRANCA;SUPERIOR COMPLETO;ELEITO POR MÉDIA;1;0;05/10/2026;10:14:11
130002548795;1;MG;6;DEPUTADO FEDERAL;NELY AQUINO;PODE;FEMININO;PARDA;SUPERIOR INCOMPLETO;ELEITO POR QP;1;0;05/10/2026;10:14:11
250002536831;1;SP;7;DEPUTADO ESTADUAL;EMÍDIO;PT;MASCULINO;BRANCA;SUPERIOR COMPLETO;ELEITO POR QP;1;0;05/10/2026;10:14:11
130002535282;1;MG;6;DEPUTADO FEDERAL;GLEIDE ANDRADE;PT;FEMININO;BRANCA;SUPERIOR COMPLETO;ELEITO POR QP;1;0;05/10/2026;10:14:11
50002531378;1;BA;7;DEPUTADO ESTADUAL;LUCIANO PINHEIRO;PDT;MASCULINO;PARDA;SUPERIOR COMPLETO;ELEITO POR QP;1;0;05/10/2026;10:14:11
130002535303;1;MG;6;DEPUTADO FEDERAL;PADRE JOÃO;PT;MASCULINO;BRANCA;SUPERIOR COMPLETO;ELEITO POR MÉDIA;1;0;05/10/2026;10:14:11
50002531393;1;BA;7;DEPUTADO ESTADUAL;NETO COELHO;PDT;MASCULINO;BRANCA;ENSINO MÉDIO COMPLETO;ELEITO POR QP;1;0;05/10/2026;10:14:11
50002535060;1;BA;7;DEPUTADO ESTADUAL;SANDRO REGIS;UNIÃO;MASCULINO;PARDA;SUPERIOR COMPLETO;ELEITO POR QP;1;0;05/10/2026;10:14:11
250002545037;1;SP;7;DEPUTADO ESTADUAL;RAFA MINATO;MISSÃO;MASCULINO;AMARELA;SUPERIOR COMPLETO;ELEITO POR QP;1;0;05/10/2026;10:14:11
50002535049;1;BA;7;DEPUTADO ESTADUAL;HASSAN DE ZÉ COCÁ;PP;MASCULINO;BRANCA;SUPERIOR COMPLETO;ELEITO POR QP;1;0;05/10/2026;10:14:11
50002535119;1;BA;7;DEPUTADO ESTADUAL;SAMUEL JÚNIOR;PL;MASCULINO;PRETA;SUPERIOR INCOMPLETO;ELEITO POR QP;1;0;05/10/2026;10:14:11
130002542715;1;MG;6;DEPUTADO FEDERAL;RODRIGO DE CASTRO;UNIÃO;MASCULINO;BRANCA;SUPERIOR COMPLETO;ELEITO POR QP;1;0;05/10/2026;10:14:11
250002538908;1;SP;7;DEPUTADO ESTADUAL;KEIT LIMA;PSOL;FEMININO;PRETA;SUPERIOR COMPLETO;ELEITO POR QP;1;0;05/10/2026;10:14:11
180002536221;1;PI;7;DEPUTADO ESTADUAL;ANA PAULA;MDB;FEMININO;BRANCA;SUPERIOR COMPLETO;ELEITO POR QP;1;0;05/10/2026;10:14:11
180002533547;1;PI;7;DEPUTADO ESTADUAL;LIMMA;PT;MASCULINO;INDÍGENA;SUPERIOR COMPLETO;ELEITO POR QP;1;0;05/10/2026;10:14:11
180002534827;1;PI;7;DEPUTADO ESTADUAL;MARDEN MENEZES;PSD;MASCULINO;PARDA;SUPERIOR COMPLETO;ELEITO POR MÉDIA;1;0;05/10/2026;10:14:11
120002539694;1;MS;7;DEPUTADO ESTADUAL;HELIO PELUFFO;PP;MASCULINO;BRANCA;SUPERIOR COMPLETO;ELEITO POR QP;1;0;05/10/2026;10:14:11
180002539021;1;PI;7;DEPUTADO ESTADUAL;JÚNIOR PERCY;PP;MASCULINO;BRANCA;SUPERIOR COMPLETO;ELEITO POR MÉDIA;1;0;05/10/2026;10:14:11
120002535532;1;MS;7;DEPUTADO ESTADUAL;CARAVINA;PSDB;MASCULINO;BRANCA;SUPERIOR COMPLETO;ELEITO POR QP;1;0;05/10/2026;10:14:11
120002536072;1;MS;7;DEPUTADO ESTADUAL;MARCIO FERNANDES;PL;MASCULINO;BRANCA;SUPERIOR COMPLETO;ELEITO POR MÉDIA;1;0;05/10/2026;10:14:11
120002536055;1;MS;7;DEPUTADO ESTADUAL;ZÉ TEIXEIRA;PL;MASCULINO;PARDA;ENSINO FUNDAMENTAL COMPLETO;ELEITO POR QP;1;0;05/10/2026;10:14:11
120002536069;1;MS;7;DEPUTADO ESTADUAL;LUCAS DE LIMA DO AMOR SEM FIM;PL;MASCULINO;BRANCA;SUPERIOR COMPLETO;ELEITO POR MÉDIA;1;0;05/10/2026;10:14:11
120002544705;1;MS;7;DEPUTADO ESTADUAL;ANDRÉ PUCCINELLI;MDB;MASCULINO;BRANCA;SUPERIOR COMPLETO;ELEITO POR QP;1;0;05/10/2026;10:14:11
240002541382;1;SC;7;DEPUTADO ESTADUAL;FERNANDO KRELLING;MDB;MASCULINO;BRANCA;SUPERIOR COMPLETO;ELEITO POR QP;1;0;05/10/2026;10:14:11
240002541379;1;SC;7;DEPUTADO ESTADUAL;JERRY COMPER;MDB;MASCULINO;BRANCA;ENSINO MÉDIO COMPLETO;ELEITO POR QP;1;0;05/10/2026;10:14:11
240002540083;1;SC;7;DEPUTADO ESTADUAL;LUCIANE CARMINATTI;PT;FEMININO;BRANCA;SUPERIOR COMPLETO;ELEITO POR QP;1;0;05/10/2026;10:14:11
240002543418;1;SC;7;DEPUTADO ESTADUAL;PEPÊ COLLAÇO;PP;MASCULINO;BRANCA;SUPERIOR COMPLETO;ELEITO POR QP;1;0;05/10/2026;10:14:11
240002543392;1;SC;7;DEPUTADO ESTADUAL;DR. VICENTE;UNIÃO;MASCULINO;BRANCA;SUPERIOR COMPLETO;ELEITO POR QP;1;0;05/10/2026;10:14:11
250002541864;1;SP;7;DEPUTADO ESTADUAL;RENATA SENE;REPUBLICANOS;FEMININO;BRANCA;SUPERIOR COMPLETO;ELEITO POR QP;1;0;05/10/2026;10:14:11
240002533283;1;SC;7;DEPUTADO ESTADUAL;RODRIGO MINOTTO;PDT;MASCULINO;BRANCA;SUPERIOR COMPLETO;ELEITO POR MÉDIA;1;0;05/10/2026;10:14:11
70002540503;1;DF;8;DEPUTADO DISTRITAL;CHICO VIGILANTE;PT;MASCULINO;PRETA;ENSINO FUNDAMENTAL INCOMPLETO;ELEITO POR QP;1;0;05/10/2026;10:14:11
90002546219;1;GO;7;DEPUTADO ESTADUAL;ISSY QUINAN;MDB;MASCULINO;BRANCA;SUPERIOR COMPLETO;ELEITO POR QP;1;0;05/10/2026;10:14:11
240002539981;1;SC;7;DEPUTADO ESTADUAL;MARCOS DA ROSA;PL;MASCULINO;BRANCA;SUPERIOR COMPLETO;ELEITO POR QP;1;0;05/10/2026;10:14:11
240002539561;1;SC;7;DEPUTADO ESTADUAL;FABIO BOTELHO;PODE;MASCULINO;BRANCA;SUPERIOR COMPLETO;ELEITO POR MÉDIA;1;0;05/10/2026;10:14:11
90002540149;1;GO;7;DEPUTADO ESTADUAL;FABRICIO ROSA;PT;MASCULINO;BRANCA;SUPERIOR COMPLETO;ELEITO POR QP;1;0;05/10/2026;10:14:11
70002538488;1;DF;8;DEPUTADO DISTRITAL;PASTOR DANIEL DE CASTRO;PP;MASCULINO;BRANCA;SUPERIOR COMPLETO;ELEITO POR MÉDIA;1;0;05/10/2026;10:14:11
90002548074;1;GO;7;DEPUTADO ESTADUAL;CARDOSO;REPUBLICANOS;MASCULINO;PARDA;ENSINO MÉDIO COMPLETO;ELEITO POR QP;1;0;05/10/2026;10:14:11
250002548910;1;SP;7;DEPUTADO ESTADUAL;ANA CAROLINA SERRA;PSDB;FEMININO;BRANCA;SUPERIOR COMPLETO;ELEITO POR QP;1;0;05/10/2026;10:14:11
10002545229;1;AC;6;DEPUTADO FEDERAL;ZÉ ADRIANO;PP;MASCULINO;PARDA;SUPERIOR COMPLETO;ELEITO POR MÉDIA;1;0;05/10/2026;10:14:11
90002543800;1;GO;7;DEPUTADO ESTADUAL;AMAURI RIBEIRO;PL;MASCULINO;BRANCA;ENSINO MÉDIO INCOMPLETO;ELEITO POR QP;1;0;05/10/2026;10:14:11
250002540584;1;SP;7;DEPUTADO ESTADUAL;ANALICE FERNANDES;PSD;FEMININO;BRANCA;SUPERIOR COMPLETO;ELEITO POR QP;1;0;05/10/2026;10:14:11
250002540562;1;SP;7;DEPUTADO ESTADUAL;CARLA MORANDO;PSD;FEMININO;BRANCA;SUPERIOR COMPLETO;ELEITO POR QP;1;0;05/10/2026;10:14:11
90002537441;1;GO;7;DEPUTADO ESTADUAL;WILLIAN PANDA;PODE;MASCULINO;PARDA;SUPERIOR COMPLETO;ELEITO POR QP;1;0;05/10/2026;10:14:11
140002540619;1;PA;6;DEPUTADO FEDERAL;ANDRÉIA SIQUEIRA;PSB;FEMININO;PARDA;SUPERIOR COMPLETO;ELEITO POR QP;1;0;05/10/2026;10:14:11
250002536384;1;SP;7;DEPUTADO ESTADUAL;EDUARDA CAMPOPIANO;PL;FEMININO;BRANCA;ENSINO MÉDIO COMPLETO;ELEITO POR QP;1;0;05/10/2026;10:14:11
130002535325;1;MG;7;DEPUTADO ESTADUAL;MARQUINHO LEMOS;PT;MASCULINO;PARDA;SUPERIOR INCOMPLETO;ELEITO POR QP;1;0;05/10/2026;10:14:11
250002536389;1;SP;7;DEPUTADO ESTADUAL;RICARDO MADALENA;PL;MASCULINO;BRANCA;SUPERIOR COMPLETO;ELEITO POR QP;1;0;05/10/2026;10:14:11
130002535334;1;MG;7;DEPUTADO ESTADUAL;LELECO PIMENTEL;PT;MASCULINO;PARDA;SUPERIOR COMPLETO;ELEITO POR QP;1;0;05/10/2026;10:14:11
250002539294;1;SP;7;DEPUTADO ESTADUAL;CAIO FRANÇA;PSB;MASCULINO;BRANCA;SUPERIOR COMPLETO;ELEITO POR QP;1;0;05/10/2026;10:14:11
130002533517;1;MG;7;DEPUTADO ESTADUAL;CABO GREGORIO SILVA;DEMOCRATA;MASCULINO;BRANCA;ENSINO MÉDIO COMPLETO;ELEITO POR QP;1;0;05/10/2026;10:14:11
250002536406;1;SP;7;DEPUTADO ESTADUAL;MARCOS DAMASIO;PL;MASCULINO;BRANCA;SUPERIOR COMPLETO;ELEITO POR QP;1;0;05/10/2026;10:14:11
210002534277;1;RS;6;DEPUTADO FEDERAL;SERGIO ZAMBIASI;PODE;MASCULINO;BRANCA;ENSINO MÉDIO COMPLETO;ELEITO POR QP;1;0;05/10/2026;10:14:11
210002534270;1;RS;6;DEPUTADO FEDERAL;RONY GABRIEL;PODE;MASCULINO;PARDA;SUPERIOR COMPLETO;ELEITO POR QP;1;0;05/10/2026;10:14:11
120002536282;1;MS;6;DEPUTADO FEDERAL;MARCOS POLLON;PL;MASCULINO;BRANCA;SUPERIOR COMPLETO;ELEITO POR QP;1;0;05/10/2026;10:14:11
210002534588;1;RS;6;DEPUTADO FEDERAL;DAIANA SANTOS;PCDOB;FEMININO;PRETA;SUPERIOR COMPLETO;ELEITO POR QP;1;0;05/10/2026;10:14:11
210002534601;1;RS;6;DEPUTADO FEDERAL;BOHN GASS;PT;MASCULINO;BRANCA;SUPERIOR COMPLETO;ELEITO POR QP;1;0;05/10/2026;10:14:11
150002544178;1;PB;6;DEPUTADO FEDERAL;GERVÁSIO MAIA;PCDOB;MASCULINO;BRANCA;SUPERIOR COMPLETO;ELEITO POR MÉDIA;1;0;05/10/2026;10:14:11
100002536101;1;MA;6;DEPUTADO FEDERAL;VINICIUS FERRO;MDB;MASCULINO;BRANCA;SUPERIOR COMPLETO;ELEITO POR QP;1;0;05/10/2026;10:14:11
210002536933;1;RS;6;DEPUTADO FEDERAL;GUSTAVO VICTORINO;REPUBLICANOS;MASCULINO;BRANCA;SUPERIOR COMPLETO;ELEITO POR QP;1;0;05/10/2026;10:14:11
130002532941;1;MG;7;DEPUTADO ESTADUAL;FERNANDO BRENO;PRD;MASCULINO;BRANCA;SUPERIOR COMPLETO;ELEITO POR MÉDIA;1;0;05/10/2026;10:14:11
110002550849;1;MT;7;DEPUTADO ESTADUAL;THIAGO SILVA;MDB;MASCULINO;BRANCA;SUPERIOR COMPLETO;ELEITO POR QP;1;0;05/10/2026;10:14:11
130002534569;1;MG;7;DEPUTADO ESTADUAL;DR. MAURÍCIO;NOVO;MASCULINO;BRANCA;SUPERIOR COMPLETO;ELEITO POR QP;1;0;05/10/2026;10:14:11
40002532736;1;AM;7;DEPUTADO ESTADUAL;THIAGO ABRAHIM;MDB;MASCULINO;BRANCA;SUPERIOR COMPLETO;ELEITO POR QP;1;0;05/10/2026;10:14:11
40002541749;1;AM;7;DEPUTADO ESTADUAL;DR. GEORGE LINS;UNIÃO;MASCULINO;PARDA;SUPERIOR COMPLETO;ELEITO POR QP;1;0;05/10/2026;10:14:11
130002539932;1;MG;7;DEPUTADO ESTADUAL;TONY CARLOS;PSDB;MASCULINO;BRANCA;SUPERIOR COMPLETO;ELEITO POR QP;1;0;05/10/2026;10:14:11
210002541970;1;RS;7;DEPUTADO ESTADUAL;MOISÉS BARBOZA;PSDB;MASCULINO;BRANCA;SUPERIOR COMPLETO;ELEITO POR QP;1;0;05/10/2026;10:14:11
40002532771;1;AM;7;DEPUTADO ESTADUAL;EURICO TAVARES;PSD;MASCULINO;BRANCA;ENSINO MÉDIO COMPLETO;ELEITO POR QP;1;0;05/10/2026;10:14:11
210002535704;1;RS;7;DEPUTADO ESTADUAL;PAPARICO BACCHI;PL;MASCULINO;BRANCA;SUPERIOR COMPLETO;ELEITO POR QP;1;0;05/10/2026;10:14:11
210002535670;1;RS;7;DEPUTADO ESTADUAL;DAIANE MELLO;PL;FEMININO;BRANCA;SUPERIOR COMPLETO;ELEITO POR QP;1;0;05/10/2026;10:14:11
130002543650;1;MG;7;DEPUTADO ESTADUAL;LUIZ PAULO;PSB;MASCULINO;BRANCA;SUPERIOR COMPLETO;ELEITO POR QP;1;0;05/10/2026;10:14:11
190002543583;1;RJ;7;DEPUTADO ESTADUAL;VERÔNICA LIMA;PT;FEMININO;PRETA;SUPERIOR COMPLETO;ELEITO POR QP;1;0;05/10/2026;10:14:11
190002543580;1;RJ;7;DEPUTADO ESTADUAL;DANI BALBI;PCDOB;FEMININO;PRETA;SUPERIOR COMPLETO;ELEITO POR QP;1;0;05/10/2026;10:14:11
100002540273;1;MA;7;DEPUTADO ESTADUAL;FLORENCIO NETO;MDB;MASCULINO;BRANCA;SUPERIOR COMPLETO;ELEITO POR QP;1;0;05/10/2026;10:14:11
100002540274;1;MA;7;DEPUTADO ESTADUAL;TULIO REZENDE;MDB;MASCULINO;PARDA;SUPERIOR INCOMPLETO;ELEITO POR QP;1;0;05/10/2026;10:14:11
100002540263;1;MA;7;DEPUTADO ESTADUAL;DANIELLA;MDB;FEMININO;PARDA;SUPERIOR COMPLETO;ELEITO POR QP;1;0;05/10/2026;10:14:11
210002537644;1;RS;7;DEPUTADO ESTADUAL;JOEL WILHELM;PP;MASCULINO;BRANCA;SUPERIOR COMPLETO;ELEITO POR QP;1;0;05/10/2026;10:14:11
100002545726;1;MA;7;DEPUTADO ESTADUAL;LEANDRO BELLO;PSB;MASCULINO;BRANCA;ENSINO MÉDIO COMPLETO;ELEITO POR QP;1;0;05/10/2026;10:14:11
190002541802;1;RJ;7;DEPUTADO ESTADUAL;SERGINHO;PDT;MASCULINO;BRANCA;ENSINO MÉDIO COMPLETO;ELEITO POR QP;1;0;05/10/2026;10:14:11
210002537653;1;RS;7;DEPUTADO ESTADUAL;SALMO;PP;MASCULINO;BRANCA;SUPERIOR COMPLETO;ELEITO POR MÉDIA;1;0;05/10/2026;10:14:11
100002535476;1;MA;7;DEPUTADO ESTADUAL;ERIC COSTA;REPUBLICANOS;MASCULINO;BRANCA;SUPERIOR COMPLETO;ELEITO POR QP;1;0;05/10/2026;10:14:11
100002535490;1;MA;7;DEPUTADO ESTADUAL;ANDRÉ CAMPOS;REPUBLICANOS;MASCULINO;BRANCA;SUPERIOR COMPLETO;ELEITO POR QP;1;0;05/10/2026;10:14:11
210002540644;1;RS;7;DEPUTADO ESTADUAL;DELEGADA NADINE;PSD;FEMININO;BRANCA;SUPERIOR COMPLETO;ELEITO POR QP;1;0;05/10/2026;10:14:11
140002549007;1;PA;7;DEPUTADO ESTADUAL;MARIA;PT;FEMININO;BRANCA;SUPERIOR COMPLETO;ELEITO POR QP;1;0;05/10/2026;10:14:11
190002533429;1;RJ;7;DEPUTADO ESTADUAL;GISELLE MONTEIRO;PL;FEMININO;PARDA;SUPERIOR COMPLETO;ELEITO POR QP;1;0;05/10/2026;10:14:11
190002533425;1;RJ;7;DEPUTADO ESTADUAL;CHICO MACHADO;PL;MASCULINO;BRANCA;SUPERIOR COMPLETO;ELEITO POR QP;1;0;05/10/2026;10:14:11
190002533707;1;RJ;7;DEPUTADO ESTADUAL;NELSINHO RUAS;PL;MASCULINO;BRANCA;SUPERIOR COMPLETO;ELEITO POR QP;1;0;05/10/2026;10:14:11
190002533695;1;RJ;7;DEPUTADO ESTADUAL;RENATO MIRANDA;PL;MASCULINO;BRANCA;SUPERIOR COMPLETO;ELEITO POR QP;1;0;05/10/2026;10:14:11
140002541714;1;PA;7;DEPUTADO ESTADUAL;CILENE COUTO;MDB;FEMININO;BRANCA;SUPERIOR COMPLETO;ELEITO POR QP;1;0;05/10/2026;10:14:11
140002541710;1;PA;7;DEPUTADO ESTADUAL;CARLOS VINICIOS;MDB;MASCULINO;BRANCA;SUPERIOR COMPLETO;ELEITO POR QP;1;0;05/10/2026;10:14:11
140002541713;1;PA;7;DEPUTADO ESTADUAL;DR SIPRIANO FERRAZ;MDB;MASCULINO;PARDA;SUPERIOR COMPLETO;ELEITO POR QP;1;0;05/10/2026;10:14:11
190002533704;1;RJ;7;DEPUTADO ESTADUAL;ALAN LOPES;PL;MASCULINO;PARDA;ENSINO MÉDIO COMPLETO;ELEITO POR QP;1;0;05/10/2026;10:14:11
190002533433;1;RJ;7;DEPUTADO ESTADUAL;ANDERSON MORAES;PL;MASCULINO;BRANCA;ENSINO MÉDIO COMPLETO;ELEITO POR QP;1;0;05/10/2026;10:14:11
140002541730;1;PA;7;DEPUTADO ESTADUAL;IRAN LIMA;MDB;MASCULINO;BRANCA;SUPERIOR COMPLETO;ELEITO POR QP;1;0;05/10/2026;10:14:11
100002535659;1;MA;7;DEPUTADO ESTADUAL;JOÃO IGOR CARVALHO;PDT;MASCULINO;PARDA;SUPERIOR COMPLETO;ELEITO POR QP;1;0;05/10/2026;10:14:11
190002537796;1;RJ;7;DEPUTADO ESTADUAL;JARI;PSB;MASCULINO;PARDA;SUPERIOR COMPLETO;ELEITO POR QP;1;0;05/10/2026;10:14:11
190002538018;1;RJ;7;DEPUTADO ESTADUAL;CARLA MACHADO;PSD;FEMININO;PARDA;SUPERIOR COMPLETO;ELEITO POR QP;1;0;05/10/2026;10:14:11
140002551127;1;PA;7;DEPUTADO ESTADUAL;LUTH REBELO;PP;MASCULINO;BRANCA;ENSINO MÉDIO COMPLETO;ELEITO POR QP;1;0;05/10/2026;10:14:11
180002539127;1;PI;6;DEPUTADO FEDERAL;JULIO ARCOVERDE;PP;MASCULINO;PARDA;SUPERIOR COMPLETO;ELEITO POR QP;1;0;05/10/2026;10:14:11
50002538769;1;BA;6;DEPUTADO FEDERAL;OLIVIA;PCDOB;FEMININO;PRETA;SUPERIOR COMPLETO;ELEITO POR QP;1;0;05/10/2026;10:14:11
50002538760;1;BA;6;DEPUTADO FEDERAL;JOSEILDO;PT;MASCULINO;PARDA;SUPERIOR COMPLETO;ELEITO POR MÉDIA;1;0;05/10/2026;10:14:11
20002550917;1;AL;7;DEPUTADO ESTADUAL;CABO BEBETO;PL;MASCULINO;BRANCA;SUPERIOR INCOMPLETO;ELEITO POR QP;1;0;05/10/2026;10:14:11
20002540121;1;AL;7;DEPUTADO ESTADUAL;RONALDO MEDEIROS;PT;MASCULINO;BRANCA;SUPERIOR COMPLETO;ELEITO POR QP;1;0;05/10/2026;10:14:11
20002548095;1;AL;7;DEPUTADO ESTADUAL;DUDU RONALSA;MDB;MASCULINO;BRANCA;SUPERIOR COMPLETO;ELEITO POR QP;1;0;05/10/2026;10:14:11
20002548106;1;AL;7;DEPUTADO ESTADUAL;CÍCERO CAVALCANTE;MDB;MASCULINO;BRANCA;ENSINO FUNDAMENTAL COMPLETO;ELEITO POR QP;1;0;05/10/2026;10:14:11
150002541191;1;PB;7;DEPUTADO ESTADUAL;WALLBER VIRGOLINO;PL;MASCULINO;BRANCA;SUPERIOR COMPLETO;ELEITO POR MÉDIA;1;0;05/10/2026;10:14:11
150002541204;1;PB;7;DEPUTADO ESTADUAL;DEPUTA MANÉ BUCHADA;PL;MASCULINO;PARDA;SUPERIOR COMPLETO;ELEITO POR QP;1;0;05/10/2026;10:14:11
150002544190;1;PB;7;DEPUTADO ESTADUAL;JUTAY MENESES;REPUBLICANOS;MASCULINO;PARDA;SUPERIOR COMPLETO;ELEITO POR MÉDIA;1;0;05/10/2026;10:14:11
150002544186;1;PB;7;DEPUTADO ESTADUAL;OLÍVIA MOTTA;REPUBLICANOS;FEMININO;BRANCA;SUPERIOR COMPLETO;ELEITO POR QP;1;0;05/10/2026;10:14:11
80002549412;1;ES;7;DEPUTADO ESTADUAL;PASTOR DINHO SOUZA;PL;MASCULINO;PRETA;SUPERIOR COMPLETO;ELEITO POR QP;1;0;05/10/2026;10:14:11
150002544666;1;PB;7;DEPUTADO ESTADUAL;NELINHO COSTA;PSB;MASCULINO;BRANCA;ENSINO MÉDIO COMPLETO;ELEITO POR QP;1;0;05/10/2026;10:14:11
80002537485;1;ES;7;DEPUTADO ESTADUAL;FABRÍCIO GANDINI;PODE;MASCULINO;BRANCA;SUPERIOR COMPLETO;ELEITO POR MÉDIA;1;0;05/10/2026;10:14:11
80002537487;1;ES;7;DEPUTADO ESTADUAL;ALEXANDRE XAMBINHO;PODE;MASCULINO;BRANCA;SUPERIOR COMPLETO;ELEITO POR QP;1;0;05/10/2026;10:14:11
150002544163;1;PB;7;DEPUTADO ESTADUAL;CHIÓ;PV;MASCULINO;BRANCA;SUPERIOR COMPLETO;ELEITO POR QP;1;0;05/10/2026;10:14:11
150002544161;1;PB;7;DEPUTADO ESTADUAL;FLÁVIO BRASILEIRO;PT;MASCULINO;BRANCA;SUPERIOR COMPLETO;ELEITO POR MÉDIA;1;0;05/10/2026;10:14:11
250002533666;1;SP;6;DEPUTADO FEDERAL;ENRICO MISASI;MDB;MASCULINO;BRANCA;SUPERIOR COMPLETO;ELEITO POR MÉDIA;1;0;05/10/2026;10:14:11
250002537969;1;SP;6;DEPUTADO FEDERAL;CELSO RUSSOMANNO;REPUBLICANOS;MASCULINO;BRANCA;SUPERIOR COMPLETO;ELEITO POR QP;1;0;05/10/2026;10:14:11
250002539604;1;SP;6;DEPUTADO FEDERAL;SÂMIA BOMFIM;PSOL;FEMININO;BRANCA;SUPERIOR COMPLETO;ELEITO POR QP;1;0;05/10/2026;10:14:11
80002541027;1;ES;7;DEPUTADO ESTADUAL;DARY PAGUNG;PSB;MASCULINO;BRANCA;SUPERIOR COMPLETO;ELEITO POR QP;1;0;05/10/2026;10:14:11
160002542377;1;PR;7;DEPUTADO ESTADUAL;DEIVID WISLEY;NOVO;MASCULINO;BRANCA;ENSINO MÉDIO COMPLETO;ELEITO POR QP;1;0;05/10/2026;10:14:11
250002541112;1;SP;6;DEPUTADO FEDERAL;CARLOS BEZERRA JR.;PSD;MASCULINO;BRANCA;SUPERIOR COMPLETO;ELEITO POR MÉDIA;1;0;05/10/2026;10:14:11
160002533447;1;PR;7;DEPUTADO ESTADUAL;FELIPE MACHADO DA SAÚDE;PP;MASCULINO;BRANCA;SUPERIOR COMPLETO;ELEITO POR MÉDIA;1;0;05/10/2026;10:14:11
170002539162;1;PE;6;DEPUTADO FEDERAL;THIAGO MEDINA;PL;MASCULINO;BRANCA;SUPERIOR COMPLETO;ELEITO POR MÉDIA;1;0;05/10/2026;10:14:11
160002533451;1;PR;7;DEPUTADO ESTADUAL;MARIA VICTORIA;PP;FEMININO;BRANCA;SUPERIOR COMPLETO;ELEITO POR QP;1;0;05/10/2026;10:14:11
170002540301;1;PE;6;DEPUTADO FEDERAL;PEDRO CAMPOS;PSB;MASCULINO;BRANCA;SUPERIOR COMPLETO;ELEITO POR QP;1;0;05/10/2026;10:14:11
170002533313;1;PE;6;DEPUTADO FEDERAL;ROSA AMORIM;PT;FEMININO;PRETA;SUPERIOR COMPLETO;ELEITO POR QP;1;0;05/10/2026;10:14:11
250002544326;1;SP;6;DEPUTADO FEDERAL;FELIPE BECARI;PODE;MASCULINO;BRANCA;SUPERIOR COMPLETO;ELEITO POR QP;1;0;05/10/2026;10:14:11
160002547608;1;PR;7;DEPUTADO ESTADUAL;FÃO DO BOLSONARO;PL;MASCULINO;BRANCA;ENSINO MÉDIO COMPLETO;ELEITO POR QP;1;0;05/10/2026;10:14:11
160002547614;1;PR;7;DEPUTADO ESTADUAL;RICARDO ZAMPIERI;PL;MASCULINO;BRANCA;SUPERIOR COMPLETO;ELEITO POR QP;1;0;05/10/2026;10:14:11
160002547646;1;PR;7;DEPUTADO ESTADUAL;DENIAN COUTO;PL;MASCULINO;BRANCA;SUPERIOR COMPLETO;ELEITO POR QP;1;0;05/10/2026;10:14:11
160002546833;1;PR;7;DEPUTADO ESTADUAL;GUGU BUENO;PSD;MASCULINO;BRANCA;SUPERIOR COMPLETO;ELEITO POR QP;1;0;05/10/2026;10:14:11
160002546829;1;PR;7;DEPUTADO ESTADUAL;BAZANA;PSD;MASCULINO;BRANCA;SUPERIOR COMPLETO;ELEITO POR MÉDIA;1;0;05/10/2026;10:14:11
30002533720;1;AP;7;DEPUTADO ESTADUAL;JACK JK;PDT;MASCULINO;BRANCA;SUPERIOR COMPLETO;ELEITO POR QP;1;0;05/10/2026;10:14:11
250002535936;1;SP;6;DEPUTADO FEDERAL;GIL DINIZ;PL;MASCULINO;BRANCA;SUPERIOR COMPLETO;ELEITO POR QP;1;0;05/10/2026;10:14:11
30002549865;1;AP;7;DEPUTADO ESTADUAL;DIOGO SENIOR;MDB;MASCULINO;BRANCA;SUPERIOR COMPLETO;ELEITO POR QP;1;0;05/10/2026;10:14:11
250002535968;1;SP;6;DEPUTADO FEDERAL;MOTTA;PL;MASCULINO;BRANCA;SUPERIOR COMPLETO;ELEITO POR QP;1;0;05/10/2026;10:14:11
30002549894;1;AP;7;DEPUTADO ESTADUAL;TELMA NERY;REPUBLICANOS;FEMININO;PARDA;SUPERIOR COMPLETO;ELEITO POR QP;1;0;05/10/2026;10:14:11
80002536278;1;ES;6;DEPUTADO FEDERAL;GILSON DANIEL;PODE;MASCULINO;PARDA;SUPERIOR COMPLETO;ELEITO POR QP;1;0;05/10/2026;10:14:11
220002547346;1;RO;7;DEPUTADO ESTADUAL;PEDRO FERNANDES;PRD;MASCULINO;PARDA;ENSINO MÉDIO COMPLETO;ELEITO POR QP;1;0;05/10/2026;10:14:11
20002547849;1;AL;6;DEPUTADO FEDERAL;DELEGADO FABIO COSTA;PP;MASCULINO;PARDA;SUPERIOR COMPLETO;ELEITO POR QP;1;0;05/10/2026;10:14:11
60002537669;1;CE;7;DEPUTADO ESTADUAL;FIRMO CAMURÇA;PSD;MASCULINO;PARDA;SUPERIOR COMPLETO;ELEITO POR QP;1;0;05/10/2026;10:14:11
220002537557;1;RO;7;DEPUTADO ESTADUAL;WIVESLANDO NEIVA;PL;MASCULINO;BRANCA;SUPERIOR COMPLETO;ELEITO POR MÉDIA;1;0;05/10/2026;10:14:11
60002542833;1;CE;7;DEPUTADO ESTADUAL;ABREU JUNIOR;PL;MASCULINO;PARDA;SUPERIOR COMPLETO;ELEITO POR QP;1;0;05/10/2026;10:14:11
60002540714;1;CE;7;DEPUTADO ESTADUAL;LAIS NUNES;PT;FEMININO;BRANCA;SUPERIOR COMPLETO;ELEITO POR QP;1;0;05/10/2026;10:14:11
60002540708;1;CE;7;DEPUTADO ESTADUAL;JADE ROMERO;PT;FEMININO;BRANCA;SUPERIOR COMPLETO;ELEITO POR QP;1;0;05/10/2026;10:14:11
270002550085;1;TO;7;DEPUTADO ESTADUAL;EDUARDO MADRUGA;REPUBLICANOS;MASCULINO;BRANCA;SUPERIOR INCOMPLETO;ELEITO POR MÉDIA;1;0;05/10/2026;10:14:11
60002532981;1;CE;6;DEPUTADO FEDERAL;GIORDANNA MANO;PRD;FEMININO;BRANCA;SUPERIOR COMPLETO;ELEITO POR QP;1;0;05/10/2026;10:14:11
10002545660;1;AC;7;DEPUTADO ESTADUAL;GLÁUCIO PEDROSA;PL;MASCULINO;PARDA;ENSINO MÉDIO INCOMPLETO;ELEITO POR MÉDIA;1;0;05/10/2026;10:14:11
10002545649;1;AC;7;DEPUTADO ESTADUAL;CHIQUINHO DO DUDA;PL;MASCULINO;BRANCA;SUPERIOR INCOMPLETO;ELEITO POR QP;1;0;05/10/2026;10:14:11
10002536323;1;AC;7;DEPUTADO ESTADUAL;TADEU HASSEM;REPUBLICANOS;MASCULINO;PARDA;SUPERIOR COMPLETO;ELEITO POR QP;1;0;05/10/2026;10:14:11
110002538411;1;MT;6;DEPUTADO FEDERAL;CORONEL FERNANDA;PL;FEMININO;BRANCA;SUPERIOR COMPLETO;ELEITO POR QP;1;0;05/10/2026;10:14:11
170002539230;1;PE;7;DEPUTADO ESTADUAL;ABIMAEL SANTOS;PL;MASCULINO;PARDA;SUPERIOR INCOMPLETO;ELEITO POR QP;1;0;05/10/2026;10:14:11
170002535172;1;PE;7;DEPUTADO ESTADUAL;JEFERSON TIMÓTEO;PODE;MASCULINO;PRETA;SUPERIOR COMPLETO;ELEITO POR MÉDIA;1;0;05/10/2026;10:14:11
200002533867;1;RN;6;DEPUTADO FEDERAL;DR. BERNARDO;PV;MASCULINO;PARDA;SUPERIOR COMPLETO;ELEITO POR QP;1;0;05/10/2026;10:14:11
200002533872;1;RN;6;DEPUTADO FEDERAL;NATÁLIA BONAVIDES;PT;FEMININO;BRANCA;SUPERIOR COMPLETO;ELEITO POR QP;1;0;05/10/2026;10:14:11
170002535176;1;PE;7;DEPUTADO ESTADUAL;FABRIZIO FERRAZ;PODE;MASCULINO;PARDA;SUPERIOR COMPLETO;ELEITO POR QP;1;0;05/10/2026;10:14:11
170002533350;1;PE;7;DEPUTADO ESTADUAL;PROFESSORA IVETE CAETANO;PT;FEMININO;BRANCA;SUPERIOR COMPLETO;ELEITO POR QP;1;0;05/10/2026;10:14:11
170002533339;1;PE;7;DEPUTADO ESTADUAL;JOÃO DE NADEGI;PV;MASCULINO;BRANCA;SUPERIOR COMPLETO;ELEITO POR QP;1;0;05/10/2026;10:14:11
170002542424;1;PE;7;DEPUTADO ESTADUAL;CAYO ALBINO;PSB;MASCULINO;BRANCA;SUPERIOR COMPLETO;ELEITO POR QP;1;0;05/10/2026;10:14:11
230002533378;1;RR;7;DEPUTADO ESTADUAL;EDER LOURINHO;PL;MASCULINO;BRANCA;SUPERIOR COMPLETO;ELEITO POR QP;1;0;05/10/2026;10:14:11
170002540355;1;PE;7;DEPUTADO ESTADUAL;ANTONIO MORAES;PSD;MASCULINO;BRANCA;SUPERIOR COMPLETO;ELEITO POR QP;1;0;05/10/2026;10:14:11
230002549356;1;RR;7;DEPUTADO ESTADUAL;JORGE EVERTON;UNIÃO;MASCULINO;PARDA;SUPERIOR COMPLETO;ELEITO POR QP;1;0;05/10/2026;10:14:11
230002552042;1;RR;7;DEPUTADO ESTADUAL;VICTOR SPIES;PDT;MASCULINO;BRANCA;SUPERIOR COMPLETO;ELEITO POR QP;1;0;05/10/2026;10:14:11
70002539533;1;DF;6;DEPUTADO FEDERAL;PROF. REGINALDO VERAS;PV;MASCULINO;PARDA;SUPERIOR COMPLETO;ELEITO POR MÉDIA;1;0;05/10/2026;10:14:11
160002542324;1;PR;6;DEPUTADO FEDERAL;PARANHOS;PSD;MASCULINO;BRANCA;SUPERIOR COMPLETO;ELEITO POR QP;1;0;05/10/2026;10:14:11
270002548433;1;TO;6;DEPUTADO FEDERAL;SANDOVAL CARDOSO;PODE;MASCULINO;BRANCA;ENSINO MÉDIO COMPLETO;ELEITO POR MÉDIA;1;0;05/10/2026;10:14:11
200002534425;1;RN;7;DEPUTADO ESTADUAL;TOMBA FARIAS;PL;MASCULINO;BRANCA;ENSINO MÉDIO COMPLETO;ELEITO POR QP;1;0;05/10/2026;10:14:11
190002540190;1;RJ;6;DEPUTADO FEDERAL;MÁRCIO REZENDE;PSD;MASCULINO;BRANCA;ENSINO MÉDIO COMPLETO;ELEITO POR QP;1;0;05/10/2026;10:14:11
80002554483;1;ES;6;DEPUTADO FEDERAL;LUCAS O FEDERAL DA DIREITA;PL;MASCULINO;BRANCA;SUPERIOR COMPLETO;ELEITO POR QP;1;0;05/10/2026;10:14:11
90002543218;1;GO;6;DEPUTADO FEDERAL;FLÁVIA MORAIS;MDB;FEMININO;BRANCA;SUPERIOR COMPLETO;ELEITO POR QP;1;0;05/10/2026;10:14:11
40002542670;1;AM;6;DEPUTADO FEDERAL;FAUSTO JR;UNIÃO;MASCULINO;BRANCA;SUPERIOR COMPLETO;ELEITO POR QP;1;0;05/10/2026;10:14:11
90002543246;1;GO;6;DEPUTADO FEDERAL;JOSE NELTO;UNIÃO;MASCULINO;PARDA;SUPERIOR COMPLETO;ELEITO POR QP;1;0;05/10/2026;10:14:11
90002542618;1;GO;6;DEPUTADO FEDERAL;FRED RODRIGUES;PL;MASCULINO;BRANCA;SUPERIOR INCOMPLETO;ELEITO POR QP;1;0;05/10/2026;10:14:11
90002539157;1;GO;6;DEPUTADO FEDERAL;DELEGADA ADRIANA ACCORSI;PT;FEMININO;BRANCA;SUPERIOR COMPLETO;ELEITO POR QP;1;0;05/10/2026;10:14:11
240002541919;1;SC;6;DEPUTADO FEDERAL;ZÉ MILTON;PP;MASCULINO;BRANCA;SUPERIOR COMPLETO;ELEITO POR QP;1;0;05/10/2026;10:14:11
130002547896;1;MG;6;DEPUTADO FEDERAL;NEWTON CARDOSO JR;MDB;MASCULINO;BRANCA;SUPERIOR COMPLETO;ELEITO POR MÉDIA;1;0;05/10/2026;10:14:11
190002532820;1;RJ;6;DEPUTADO FEDERAL;RAFAEL SATIÊ;PL;MASCULINO;PRETA;ENSINO MÉDIO COMPLETO;ELEITO POR QP;1;0;05/10/2026;10:14:11
190002532807;1;RJ;6;DEPUTADO FEDERAL;SORAYA SANTOS;PL;FEMININO;BRANCA;SUPERIOR COMPLETO;ELEITO POR QP;1;0;05/10/2026;10:14:11
260002547408;1;SE;6;DEPUTADO FEDERAL;YANDRA MOURA;UNIÃO;FEMININO;BRANCA;SUPERIOR COMPLETO;ELEITO POR QP;1;0;05/10/2026;10:14:11
190002536145;1;RJ;6;DEPUTADO FEDERAL;PASTOR HENRIQUE VIEIRA;PSOL;MASCULINO;PRETA;SUPERIOR COMPLETO;ELEITO POR MÉDIA;1;0;05/10/2026;10:14:11
190002539336;1;RJ;6;DEPUTADO FEDERAL;GUTEMBERG REIS;MDB;MASCULINO;BRANCA;SUPERIOR COMPLETO;ELEITO POR QP;1;0;05/10/2026;10:14:11
50002535558;1;BA;7;DEPUTADO ESTADUAL;SILVA NETO;AVANTE;MASCULINO;PARDA;SUPERIOR COMPLETO;ELEITO POR QP;1;0;05/10/2026;10:14:11
130002542036;1;MG;6;DEPUTADO FEDERAL;DR. FREDERICO;PL;MASCULINO;BRANCA;SUPERIOR COMPLETO;ELEITO POR QP;1;0;05/10/2026;10:14:11
130002542017;1;MG;6;DEPUTADO FEDERAL;EMIDINHO MADEIRA;PL;MASCULINO;BRANCA;ENSINO FUNDAMENTAL INCOMPLETO;ELEITO POR QP;1;0;05/10/2026;10:14:11
130002542008;1;MG;6;DEPUTADO FEDERAL;JUNIO AMARAL;PL;MASCULINO;BRANCA;SUPERIOR COMPLETO;ELEITO POR QP;1;0;05/10/2026;10:14:11
130002542044;1;MG;6;DEPUTADO FEDERAL;DR. MARCOS VINICIUS;PL;MASCULINO;BRANCA;SUPERIOR COMPLETO;ELEITO POR QP;1;0;05/10/2026;10:14:11
50002537866;1;BA;7;DEPUTADO ESTADUAL;ROSEMBERG;PT;MASCULINO;PARDA;SUPERIOR COMPLETO;ELEITO POR QP;1;0;05/10/2026;10:14:11
190002540185;1;RJ;6;DEPUTADO FEDERAL;MARCIO RIBEIRO;PSD;MASCULINO;BRANCA;SUPERIOR COMPLETO;ELEITO POR MÉDIA;1;0;05/10/2026;10:14:11
250002536240;1;SP;7;DEPUTADO ESTADUAL;BARBA;PT;MASCULINO;PRETA;SUPERIOR COMPLETO;ELEITO POR QP;1;0;05/10/2026;10:14:11
50002532561;1;BA;7;DEPUTADO ESTADUAL;DR. THIAGO GILLENO;REPUBLICANOS;MASCULINO;PARDA;SUPERIOR COMPLETO;ELEITO POR QP;1;0;05/10/2026;10:14:11
130002535317;1;MG;6;DEPUTADO FEDERAL;REGINALDO LOPES;PT;MASCULINO;BRANCA;SUPERIOR COMPLETO;ELEITO POR QP;1;0;05/10/2026;10:14:11
50002532694;1;BA;7;DEPUTADO ESTADUAL;RICARDO RODRIGUES;PSD;MASCULINO;PARDA;ENSINO MÉDIO COMPLETO;ELEITO POR QP;1;0;05/10/2026;10:14:11
50002532697;1;BA;7;DEPUTADO ESTADUAL;IVANA BASTOS;PSD;FEMININO;BRANCA;SUPERIOR COMPLETO;ELEITO POR QP;1;0;05/10/2026;10:14:11
50002532689;1;BA;7;DEPUTADO ESTADUAL;LUDMILLA FISCINA;PSD;FEMININO;BRANCA;SUPERIOR COMPLETO;ELEITO POR MÉDIA;1;0;05/10/2026;10:14:11
250002536260;1;SP;7;DEPUTADO ESTADUAL;PROFESSORA BEBEL;PT;FEMININO;BRANCA;SUPERIOR COMPLETO;ELEITO POR QP;1;0;05/10/2026;10:14:11
130002535313;1;MG;6;DEPUTADO FEDERAL;LEONARDO MONTEIRO;PT;MASCULINO;PRETA;SUPERIOR COMPLETO;ELEITO POR MÉDIA;1;0;05/10/2026;10:14:11
250002536836;1;SP;7;DEPUTADO ESTADUAL;RÔMULO;PT;MASCULINO;PARDA;SUPERIOR COMPLETO;ELEITO POR QP;1;0;05/10/2026;10:14:11
50002531381;1;BA;7;DEPUTADO ESTADUAL;CACAU DA MATA;PDT;MASCULINO;PARDA;ENSINO MÉDIO COMPLETO;ELEITO POR MÉDIA;1;0;05/10/2026;10:14:11
190002543072;1;RJ;6;DEPUTADO FEDERAL;DIEGO QUAQUA;PT;MASCULINO;BRANCA;ENSINO MÉDIO COMPLETO;ELEITO POR QP;1;0;05/10/2026;10:14:11
50002535030;1;BA;7;DEPUTADO ESTADUAL;DR. PITÁGORAS;PP;MASCULINO;PARDA;SUPERIOR COMPLETO;ELEITO POR QP;1;0;05/10/2026;10:14:11
190002539658;1;RJ;6;DEPUTADO FEDERAL;MARCOS TAVARES;PDT;MASCULINO;BRANCA;SUPERIOR COMPLETO;ELEITO POR QP;1;0;05/10/2026;10:14:11
250002534251;1;SP;7;DEPUTADO ESTADUAL;REGINA NUNES;MDB;FEMININO;BRANCA;SUPERIOR COMPLETO;ELEITO POR QP;1;0;05/10/2026;10:14:11
180002536216;1;PI;7;DEPUTADO ESTADUAL;DR. HÉLIO;MDB;MASCULINO;PARDA;SUPERIOR COMPLETO;ELEITO POR QP;1;0;05/10/2026;10:14:11
250002545142;1;SP;7;DEPUTADO ESTADUAL;RICARDO FRANÇA;PODE;MASCULINO;BRANCA;SUPERIOR COMPLETO;ELEITO POR MÉDIA;1;0;05/10/2026;10:14:11
180002533567;1;PI;7;DEPUTADO ESTADUAL;JANAINNA MARQUES;PT;FEMININO;PARDA;SUPERIOR COMPLETO;ELEITO POR QP;1;0;05/10/2026;10:14:11
180002533560;1;PI;7;DEPUTADO ESTADUAL;EVALDO GOMES;PT;MASCULINO;PARDA;SUPERIOR COMPLETO;ELEITO POR QP;1;0;05/10/2026;10:14:11
120002539703;1;MS;7;DEPUTADO ESTADUAL;GERSON CLARO;PP;MASCULINO;BRANCA;SUPERIOR COMPLETO;ELEITO POR QP;1;0;05/10/2026;10:14:11
120002536067;1;MS;7;DEPUTADO ESTADUAL;ODILON RIBEIRO;PL;MASCULINO;BRANCA;SUPERIOR COMPLETO;ELEITO POR QP;1;0;05/10/2026;10:14:11
90002543113;1;GO;7;DEPUTADO ESTADUAL;KEKE DA VULKANIC;MOBILIZA;MASCULINO;BRANCA;SUPERIOR COMPLETO;ELEITO POR QP;1;0;05/10/2026;10:14:11
240002541393;1;SC;7;DEPUTADO ESTADUAL;TIAGO ZILLI;MDB;MASCULINO;BRANCA;SUPERIOR COMPLETO;ELEITO POR MÉDIA;1;0;05/10/2026;10:14:11
240002540084;1;SC;7;DEPUTADO ESTADUAL;FABIANO DA LUZ;PT;MASCULINO;BRANCA;SUPERIOR COMPLETO;ELEITO POR QP;1;0;05/10/2026;10:14:11
90002547030;1;GO;7;DEPUTADO ESTADUAL;TALLES BARRETO;UNIÃO;MASCULINO;PARDA;SUPERIOR COMPLETO;ELEITO POR MÉDIA;1;0;05/10/2026;10:14:11
240002551461;1;SC;7;DEPUTADO ESTADUAL;NAPOLEÃO BERNARDES;PSD;MASCULINO;BRANCA;SUPERIOR COMPLETO;ELEITO POR MÉDIA;1;0;05/10/2026;10:14:11
240002539976;1;SC;7;DEPUTADO ESTADUAL;MAURÍCIO PEIXER;PL;MASCULINO;BRANCA;SUPERIOR COMPLETO;ELEITO POR QP;1;0;05/10/2026;10:14:11
240002539969;1;SC;7;DEPUTADO ESTADUAL;JULIANA MACIEL;PL;FEMININO;BRANCA;SUPERIOR COMPLETO;ELEITO POR QP;1;0;05/10/2026;10:14:11
240002539991;1;SC;7;DEPUTADO ESTADUAL;SORGATTO;PL;MASCULINO;BRANCA;SUPERIOR COMPLETO;ELEITO POR QP;1;0;05/10/2026;10:14:11
90002549166;1;GO;7;DEPUTADO ESTADUAL;WAGNER NETO;SOLIDARIEDADE;MASCULINO;BRANCA;SUPERIOR COMPLETO;ELEITO POR QP;1;0;05/10/2026;10:14:11
90002548670;1;GO;7;DEPUTADO ESTADUAL;PAULIN VAI NELE;PRD;MASCULINO;PARDA;ENSINO MÉDIO COMPLETO;ELEITO POR MÉDIA;1;0;05/10/2026;10:14:11
90002543799;1;GO;7;DEPUTADO ESTADUAL;CORONEL URZEDA;PL;MASCULINO;BRANCA;SUPERIOR COMPLETO;ELEITO POR QP;1;0;05/10/2026;10:14:11
250002540580;1;SP;7;DEPUTADO ESTADUAL;BARROS MUNHOZ;PSD;MASCULINO;BRANCA;SUPERIOR COMPLETO;ELEITO POR QP;1;0;05/10/2026;10:14:11
130002535378;1;MG;7;DEPUTADO ESTADUAL;MÁRIO HENRIQUE CAIXA;PV;MASCULINO;PARDA;SUPERIOR COMPLETO;ELEITO POR QP;1;0;05/10/2026;10:14:11
130002535346;1;MG;7;DEPUTADO ESTADUAL;DANIEL SUCUPIRA;PT;MASCULINO;PARDA;SUPERIOR COMPLETO;ELEITO POR QP;1;0;05/10/2026;10:14:11
130002535329;1;MG;7;DEPUTADO ESTADUAL;MACAÉ EVARISTO;PT;FEMININO;PRETA;SUPERIOR COMPLETO;ELEITO POR QP;1;0;05/10/2026;10:14:11
130002535374;1;MG;7;DEPUTADO ESTADUAL;DR. JEAN FREIRE;PT;MASCULINO;PARDA;SUPERIOR COMPLETO;ELEITO POR QP;1;0;05/10/2026;10:14:11
250002536423;1;SP;7;DEPUTADO ESTADUAL;THIAGO AURICCHIO;PL;MASCULINO;BRANCA;SUPERIOR COMPLETO;ELEITO POR MÉDIA;1;0;05/10/2026;10:14:11
250002536377;1;SP;7;DEPUTADO ESTADUAL;FRANCO SARDELLI;PL;MASCULINO;BRANCA;SUPERIOR COMPLETO;ELEITO POR QP;1;0;05/10/2026;10:14:11
130002535348;1;MG;7;DEPUTADO ESTADUAL;ULYSSES GOMES;PT;MASCULINO;BRANCA;SUPERIOR COMPLETO;ELEITO POR QP;1;0;05/10/2026;10:14:11
250002536393;1;SP;7;DEPUTADO ESTADUAL;PAULO MANSUR;PL;MASCULINO;BRANCA;SUPERIOR COMPLETO;ELEITO POR QP;1;0;05/10/2026;10:14:11
140002547302;1;PA;6;DEPUTADO FEDERAL;BOB FLLAY;PODE;MASCULINO;BRANCA;ENSINO MÉDIO COMPLETO;ELEITO POR MÉDIA;1;0;05/10/2026;10:14:11
210002534898;1;RS;6;DEPUTADO FEDERAL;PERONDI;PL;MASCULINO;BRANCA;SUPERIOR COMPLETO;ELEITO POR MÉDIA;1;0;05/10/2026;10:14:11
210002537717;1;RS;6;DEPUTADO FEDERAL;PEDRO WESTPHALEN;PP;MASCULINO;BRANCA;SUPERIOR COMPLETO;ELEITO POR QP;1;0;05/10/2026;10:14:11
130002542060;1;MG;7;DEPUTADO ESTADUAL;ANTONIO CARLOS ARANTES;PL;MASCULINO;BRANCA;ENSINO FUNDAMENTAL COMPLETO;ELEITO POR QP;1;0;05/10/2026;10:14:11
130002542058;1;MG;7;DEPUTADO ESTADUAL;VITTORIO MEDIOLI;PL;MASCULINO;BRANCA;SUPERIOR COMPLETO;ELEITO POR QP;1;0;05/10/2026;10:14:11
120002537465;1;MS;6;DEPUTADO FEDERAL;CAMILA JARA;PT;FEMININO;BRANCA;SUPERIOR COMPLETO;ELEITO POR QP;1;0;05/10/2026;10:14:11
130002542072;1;MG;7;DEPUTADO ESTADUAL;CORONEL HENRIQUE;PL;MASCULINO;BRANCA;SUPERIOR COMPLETO;ELEITO POR QP;1;0;05/10/2026;10:14:11
130002542066;1;MG;7;DEPUTADO ESTADUAL;MARCELO HEITOR;PL;MASCULINO;BRANCA;SUPERIOR COMPLETO;ELEITO POR QP;1;0;05/10/2026;10:14:11
120002537355;1;MS;6;DEPUTADO FEDERAL;BETO PEREIRA;REPUBLICANOS;MASCULINO;PARDA;SUPERIOR COMPLETO;ELEITO POR QP;1;0;05/10/2026;10:14:11
130002542047;1;MG;7;DEPUTADO ESTADUAL;GUSTAVO SANTANA;PL;MASCULINO;BRANCA;SUPERIOR INCOMPLETO;ELEITO POR QP;1;0;05/10/2026;10:14:11
130002542048;1;MG;7;DEPUTADO ESTADUAL;SAMUEL CAIRES;PL;MASCULINO;PARDA;SUPERIOR COMPLETO;ELEITO POR QP;1;0;05/10/2026;10:14:11
110002539237;1;MT;7;DEPUTADO ESTADUAL;FAISSAL;PL;MASCULINO;BRANCA;SUPERIOR COMPLETO;ELEITO POR QP;1;0;05/10/2026;10:14:11
130002549940;1;MG;7;DEPUTADO ESTADUAL;GUSTAVO VALADARES;PSD;MASCULINO;BRANCA;SUPERIOR COMPLETO;ELEITO POR QP;1;0;05/10/2026;10:14:11
130002542747;1;MG;7;DEPUTADO ESTADUAL;RODRIGO LOPES;UNIÃO;MASCULINO;BRANCA;SUPERIOR COMPLETO;ELEITO POR QP;1;0;05/10/2026;10:14:11
130002542804;1;MG;7;DEPUTADO ESTADUAL;GREGO DA FUNDAÇÃO;UNIÃO;MASCULINO;BRANCA;SUPERIOR COMPLETO;ELEITO POR QP;1;0;05/10/2026;10:14:11
130002542748;1;MG;7;DEPUTADO ESTADUAL;DOORGAL ANDRADA;PP;MASCULINO;BRANCA;SUPERIOR COMPLETO;ELEITO POR QP;1;0;05/10/2026;10:14:11
110002543208;1;MT;7;DEPUTADO ESTADUAL;VALDIR BARRANCO;PT;MASCULINO;BRANCA;SUPERIOR COMPLETO;ELEITO POR QP;1;0;05/10/2026;10:14:11
100002542869;1;MA;6;DEPUTADO FEDERAL;AMANDA GENTIL;PP;FEMININO;PARDA;SUPERIOR COMPLETO;ELEITO POR QP;1;0;05/10/2026;10:14:11
100002535251;1;MA;6;DEPUTADO FEDERAL;ERLANIO XAVIER;PDT;MASCULINO;BRANCA;ENSINO MÉDIO COMPLETO;ELEITO POR MÉDIA;1;0;05/10/2026;10:14:11
190002543037;1;RJ;7;DEPUTADO ESTADUAL;TIA JU;REPUBLICANOS;FEMININO;PARDA;SUPERIOR COMPLETO;ELEITO POR MÉDIA;1;0;05/10/2026;10:14:11
110002550859;1;MT;7;DEPUTADO ESTADUAL;LEO BORTOLIN;MDB;MASCULINO;BRANCA;SUPERIOR COMPLETO;ELEITO POR QP;1;0;05/10/2026;10:14:11
210002534038;1;RS;7;DEPUTADO ESTADUAL;SOFIA CAVEDON;PT;FEMININO;BRANCA;SUPERIOR COMPLETO;ELEITO POR MÉDIA;1;0;05/10/2026;10:14:11
210002534012;1;RS;7;DEPUTADO ESTADUAL;MIGUEL ROSSETTO;PT;MASCULINO;BRANCA;SUPERIOR COMPLETO;ELEITO POR MÉDIA;1;0;05/10/2026;10:14:11
210002539056;1;RS;7;DEPUTADO ESTADUAL;ELIZANDRO SABINO;REPUBLICANOS;MASCULINO;BRANCA;SUPERIOR COMPLETO;ELEITO POR QP;1;0;05/10/2026;10:14:11
40002542661;1;AM;7;DEPUTADO ESTADUAL;CARLINHOS BESSA;UNIÃO;MASCULINO;BRANCA;SUPERIOR COMPLETO;ELEITO POR QP;1;0;05/10/2026;10:14:11
130002539931;1;MG;7;DEPUTADO ESTADUAL;MARIA CLARA;PSDB;FEMININO;BRANCA;SUPERIOR COMPLETO;ELEITO POR QP;1;0;05/10/2026;10:14:11
210002535685;1;RS;7;DEPUTADO ESTADUAL;COMANDANTE NÁDIA;PL;FEMININO;BRANCA;SUPERIOR COMPLETO;ELEITO POR QP;1;0;05/10/2026;10:14:11
100002540256;1;MA;7;DEPUTADO ESTADUAL;TIAGO FERNANDES;MDB;MASCULINO;BRANCA;SUPERIOR COMPLETO;ELEITO POR QP;1;0;05/10/2026;10:14:11
100002540258;1;MA;7;DEPUTADO ESTADUAL;CLAUDIA COUTINHO;MDB;FEMININO;PARDA;SUPERIOR COMPLETO;ELEITO POR MÉDIA;1;0;05/10/2026;10:14:11
140002541323;1;PA;7;DEPUTADO ESTADUAL;RENATO OLIVEIRA;AVANTE;MASCULINO;PARDA;ENSINO MÉDIO COMPLETO;ELEITO POR QP;1;0;05/10/2026;10:14:11
100002540260;1;MA;7;DEPUTADO ESTADUAL;IVO REZENDE;MDB;MASCULINO;BRANCA;SUPERIOR COMPLETO;ELEITO POR QP;1;0;05/10/2026;10:14:11
210002548220;1;RS;7;DEPUTADO ESTADUAL;EDIVILSON BRUM;MDB;MASCULINO;BRANCA;SUPERIOR COMPLETO;ELEITO POR QP;1;0;05/10/2026;10:14:11
210002537885;1;RS;7;DEPUTADO ESTADUAL;NICOLE WEBER COVATTI;PP;FEMININO;BRANCA;SUPERIOR COMPLETO;ELEITO POR QP;1;0;05/10/2026;10:14:11
190002541803;1;RJ;7;DEPUTADO ESTADUAL;FERNANDA NEVES;PDT;FEMININO;BRANCA;SUPERIOR COMPLETO;ELEITO POR QP;1;0;05/10/2026;10:14:11
190002533418;1;RJ;7;DEPUTADO ESTADUAL;ÍNDIA ARMELAU;PL;FEMININO;INDÍGENA;SUPERIOR COMPLETO;ELEITO POR QP;1;0;05/10/2026;10:14:11
140002541732;1;PA;7;DEPUTADO ESTADUAL;RONIE SILVA;MDB;MASCULINO;BRANCA;SUPERIOR COMPLETO;ELEITO POR QP;1;0;05/10/2026;10:14:11
100002542855;1;MA;7;DEPUTADO ESTADUAL;NATÁLIA DO JÚNIOR GARIMPEIRO;UNIÃO;FEMININO;BRANCA;SUPERIOR INCOMPLETO;ELEITO POR QP;1;0;05/10/2026;10:14:11
140002536805;1;PA;7;DEPUTADO ESTADUAL;JUÁ PARÁ;REPUBLICANOS;MASCULINO;BRANCA;SUPERIOR COMPLETO;ELEITO POR QP;1;0;05/10/2026;10:14:11
190002538000;1;RJ;7;DEPUTADO ESTADUAL;JOYCE TRINDADE;PSD;FEMININO;PRETA;SUPERIOR COMPLETO;ELEITO POR MÉDIA;1;0;05/10/2026;10:14:11
140002551126;1;PA;7;DEPUTADO ESTADUAL;VICTOR DIAS;UNIÃO;MASCULINO;PARDA;SUPERIOR COMPLETO;ELEITO POR QP;1;0;05/10/2026;10:14:11
190002541637;1;RJ;7;DEPUTADO ESTADUAL;BRUNO DAUAIRE;UNIÃO;MASCULINO;BRANCA;SUPERIOR COMPLETO;ELEITO POR QP;1;0;05/10/2026;10:14:11
140002536873;1;PA;7;DEPUTADO ESTADUAL;LEONARDO VALE;PSD;MASCULINO;BRANCA;ENSINO MÉDIO COMPLETO;ELEITO POR QP;1;0;05/10/2026;10:14:11
50002532632;1;BA;6;DEPUTADO FEDERAL;SERGIO BRITO;PSD;MASCULINO;PARDA;SUPERIOR COMPLETO;ELEITO POR QP;1;0;05/10/2026;10:14:11
190002541682;1;RJ;7;DEPUTADO ESTADUAL;MÁRCIO CANELLA;UNIÃO;MASCULINO;BRANCA;ENSINO MÉDIO COMPLETO;ELEITO POR QP;1;0;05/10/2026;10:14:11
190002541635;1;RJ;7;DEPUTADO ESTADUAL;FELIPE PAMPOLHA;PP;MASCULINO;PARDA;SUPERIOR INCOMPLETO;ELEITO POR QP;1;0;05/10/2026;10:14:11
50002535004;1;BA;6;DEPUTADO FEDERAL;LEUR LOMANTO JUNIOR;UNIÃO;MASCULINO;PARDA;SUPERIOR COMPLETO;ELEITO POR QP;1;0;05/10/2026;10:14:11
50002535008;1;BA;6;DEPUTADO FEDERAL;SANDRO FILHO;PP;MASCULINO;PRETA;ENSINO MÉDIO COMPLETO;ELEITO POR QP;1;0;05/10/2026;10:14:11
50002538765;1;BA;6;DEPUTADO FEDERAL;VALMIR ASSUNÇÃO;PT;MASCULINO;PRETA;ENSINO FUNDAMENTAL COMPLETO;ELEITO POR QP;1;0;05/10/2026;10:14:11
50002538774;1;BA;6;DEPUTADO FEDERAL;MARIA MARIGHELLA;PT;FEMININO;PARDA;SUPERIOR COMPLETO;ELEITO POR QP;1;0;05/10/2026;10:14:11
50002538766;1;BA;6;DEPUTADO FEDERAL;DANIEL;PCDOB;MASCULINO;BRANCA;SUPERIOR COMPLETO;ELEITO POR QP;1;0;05/10/2026;10:14:11
50002538767;1;BA;6;DEPUTADO FEDERAL;IVONEIDE CAETANO;PT;FEMININO;PARDA;SUPERIOR COMPLETO;ELEITO POR QP;1;0;05/10/2026;10:14:11
190002534708;1;RJ;7;DEPUTADO ESTADUAL;COSTENARO;NOVO;MASCULINO;PARDA;ENSINO MÉDIO INCOMPLETO;ELEITO POR QP;1;0;05/10/2026;10:14:11
50002538772;1;BA;6;DEPUTADO FEDERAL;ALICE PORTUGAL;PCDOB;FEMININO;BRANCA;SUPERIOR COMPLETO;ELEITO POR QP;1;0;05/10/2026;10:14:11
260002550754;1;SE;7;DEPUTADO ESTADUAL;LUCIANO PIMENTEL;PL;MASCULINO;BRANCA;SUPERIOR COMPLETO;ELEITO POR QP;1;0;05/10/2026;10:14:11
260002535596;1;SE;7;DEPUTADO ESTADUAL;GEORGEO PASSOS;REPUBLICANOS;MASCULINO;BRANCA;SUPERIOR COMPLETO;ELEITO POR QP;1;0;05/10/2026;10:14:11
260002548698;1;SE;7;DEPUTADO ESTADUAL;DRA LIDIANE LUCENA;UNIÃO;FEMININO;BRANCA;SUPERIOR COMPLETO;ELEITO POR QP;1;0;05/10/2026;10:14:11
20002540108;1;AL;7;DEPUTADO ESTADUAL;MARCOS BARBOSA;PT;MASCULINO;BRANCA;SUPERIOR COMPLETO;ELEITO POR QP;1;0;05/10/2026;10:14:11
20002540105;1;AL;7;DEPUTADO ESTADUAL;TECA NELMA;PT;FEMININO;BRANCA;SUPERIOR COMPLETO;ELEITO POR QP;1;0;05/10/2026;10:14:11
260002549384;1;SE;7;DEPUTADO ESTADUAL;MARCELO SOBRAL;UNIÃO;MASCULINO;BRANCA;SUPERIOR COMPLETO;ELEITO POR QP;1;0;05/10/2026;10:14:11
260002549385;1;SE;7;DEPUTADO ESTADUAL;NETINHO GUIMARÃES;UNIÃO;MASCULINO;BRANCA;SUPERIOR COMPLETO;ELEITO POR QP;1;0;05/10/2026;10:14:11
20002553253;1;AL;7;DEPUTADO ESTADUAL;LUCAS BARBOSA;PSDB;MASCULINO;BRANCA;SUPERIOR COMPLETO;ELEITO POR QP;1;0;05/10/2026;10:14:11
20002548092;1;AL;7;DEPUTADO ESTADUAL;HENRIQUE CHICÃO;MDB;MASCULINO;BRANCA;SUPERIOR COMPLETO;ELEITO POR QP;1;0;05/10/2026;10:14:11
260002545636;1;SE;7;DEPUTADO ESTADUAL;IBRAIN DE VALMIR;PV;MASCULINO;PARDA;SUPERIOR INCOMPLETO;ELEITO POR QP;1;0;05/10/2026;10:14:11
20002548110;1;AL;7;DEPUTADO ESTADUAL;MARCOS BELTRÃO;MDB;MASCULINO;BRANCA;SUPERIOR COMPLETO;ELEITO POR QP;1;0;05/10/2026;10:14:11
150002541172;1;PB;7;DEPUTADO ESTADUAL;SEGUNDO DOMICIANO;PL;MASCULINO;BRANCA;SUPERIOR COMPLETO;ELEITO POR QP;1;0;05/10/2026;10:14:11
250002536727;1;SP;6;DEPUTADO FEDERAL;LUNA ZARATTINI;PT;FEMININO;BRANCA;SUPERIOR COMPLETO;ELEITO POR QP;1;0;05/10/2026;10:14:11
150002553920;1;PB;7;DEPUTADO ESTADUAL;NIL MENDES;PSB;FEMININO;BRANCA;ENSINO MÉDIO INCOMPLETO;ELEITO POR QP;1;0;05/10/2026;10:14:11
150002548940;1;PB;7;DEPUTADO ESTADUAL;MICHEL HENRIQUE;PP;MASCULINO;BRANCA;SUPERIOR COMPLETO;ELEITO POR QP;1;0;05/10/2026;10:14:11
250002539435;1;SP;6;DEPUTADO FEDERAL;TABATA AMARAL;PSB;FEMININO;BRANCA;SUPERIOR COMPLETO;ELEITO POR QP;1;0;05/10/2026;10:14:11
250002533647;1;SP;6;DEPUTADO FEDERAL;BALEIA ROSSI;MDB;MASCULINO;BRANCA;SUPERIOR COMPLETO;ELEITO POR QP;1;0;05/10/2026;10:14:11
160002547690;1;PR;7;DEPUTADO ESTADUAL;ANIBELLI NETO;MDB;MASCULINO;BRANCA;SUPERIOR COMPLETO;ELEITO POR QP;1;0;05/10/2026;10:14:11
80002549091;1;ES;7;DEPUTADO ESTADUAL;KARLA COSER;PT;FEMININO;PARDA;SUPERIOR COMPLETO;ELEITO POR QP;1;0;05/10/2026;10:14:11
250002539620;1;SP;6;DEPUTADO FEDERAL;GUILHERME CORTEZ;PSOL;MASCULINO;BRANCA;SUPERIOR COMPLETO;ELEITO POR QP;1;0;05/10/2026;10:14:11
80002541026;1;ES;7;DEPUTADO ESTADUAL;VICTOR COELHO;PSB;MASCULINO;BRANCA;SUPERIOR COMPLETO;ELEITO POR MÉDIA;1;0;05/10/2026;10:14:11
250002539612;1;SP;6;DEPUTADO FEDERAL;ERIKA HILTON;PSOL;FEMININO;PRETA;SUPERIOR COMPLETO;ELEITO POR QP;1;0;05/10/2026;10:14:11
160002542263;1;PR;7;DEPUTADO ESTADUAL;YASMIN HACHEM;PT;FEMININO;BRANCA;SUPERIOR COMPLETO;ELEITO POR QP;1;0;05/10/2026;10:14:11
170002534909;1;PE;6;DEPUTADO FEDERAL;MARCELO GOUVEIA;PODE;MASCULINO;BRANCA;SUPERIOR COMPLETO;ELEITO POR QP;1;0;05/10/2026;10:14:11
160002542231;1;PR;7;DEPUTADO ESTADUAL;ANGELO VANHONI;PT;MASCULINO;BRANCA;SUPERIOR COMPLETO;ELEITO POR QP;1;0;05/10/2026;10:14:11
160002542235;1;PR;7;DEPUTADO ESTADUAL;BETO VIZZOTTO;PT;MASCULINO;BRANCA;SUPERIOR COMPLETO;ELEITO POR QP;1;0;05/10/2026;10:14:11
160002542233;1;PR;7;DEPUTADO ESTADUAL;MISS PRETA;PT;FEMININO;PRETA;SUPERIOR COMPLETO;ELEITO POR QP;1;0;05/10/2026;10:14:11
160002533488;1;PR;7;DEPUTADO ESTADUAL;PAULO MAC DONALD;PP;MASCULINO;BRANCA;SUPERIOR COMPLETO;ELEITO POR QP;1;0;05/10/2026;10:14:11
160002547537;1;PR;7;DEPUTADO ESTADUAL;FABIANA PARRO;PODE;FEMININO;BRANCA;SUPERIOR COMPLETO;ELEITO POR QP;1;0;05/10/2026;10:14:11
250002544355;1;SP;6;DEPUTADO FEDERAL;RODRIGO GAMBALE;PODE;MASCULINO;BRANCA;SUPERIOR COMPLETO;ELEITO POR MÉDIA;1;0;05/10/2026;10:14:11
160002547636;1;PR;7;DEPUTADO ESTADUAL;EMERSON BACIL;PL;MASCULINO;BRANCA;SUPERIOR COMPLETO;ELEITO POR MÉDIA;1;0;05/10/2026;10:14:11
160002547611;1;PR;7;DEPUTADO ESTADUAL;ITAMAR PAIM;PL;MASCULINO;BRANCA;SUPERIOR COMPLETO;ELEITO POR QP;1;0;05/10/2026;10:14:11
250002532342;1;SP;6;DEPUTADO FEDERAL;SARGENTO NANTES;PP;MASCULINO;BRANCA;SUPERIOR COMPLETO;ELEITO POR QP;1;0;05/10/2026;10:14:11
160002546832;1;PR;7;DEPUTADO ESTADUAL;MARCIO NUNES;PSD;MASCULINO;BRANCA;SUPERIOR COMPLETO;ELEITO POR QP;1;0;05/10/2026;10:14:11
230002549300;1;RR;6;DEPUTADO FEDERAL;MARCOS JORGE;REPUBLICANOS;MASCULINO;PARDA;SUPERIOR COMPLETO;ELEITO POR QP;1;0;05/10/2026;10:14:11
30002549864;1;AP;7;DEPUTADO ESTADUAL;JUNIOR FAVACHO;MDB;MASCULINO;BRANCA;SUPERIOR COMPLETO;ELEITO POR MÉDIA;1;0;05/10/2026;10:14:11
250002535980;1;SP;6;DEPUTADO FEDERAL;MARCIO ALVINO;PL;MASCULINO;BRANCA;SUPERIOR COMPLETO;ELEITO POR QP;1;0;05/10/2026;10:14:11
30002531192;1;AP;7;DEPUTADO ESTADUAL;FRANCO;PSD;MASCULINO;BRANCA;SUPERIOR COMPLETO;ELEITO POR QP;1;0;05/10/2026;10:14:11
250002535994;1;SP;6;DEPUTADO FEDERAL;WESLEY CEZAR LELINHO;PL;MASCULINO;BRANCA;SUPERIOR INCOMPLETO;ELEITO POR QP;1;0;05/10/2026;10:14:11
30002549877;1;AP;7;DEPUTADO ESTADUAL;JAIME PEREZ;REPUBLICANOS;MASCULINO;PRETA;SUPERIOR COMPLETO;ELEITO POR QP;1;0;05/10/2026;10:14:11
20002546941;1;AL;6;DEPUTADO FEDERAL;ISNALDO BULHÕES JR;MDB;MASCULINO;BRANCA;SUPERIOR COMPLETO;ELEITO POR MÉDIA;1;0;05/10/2026;10:14:11
20002540489;1;AL;6;DEPUTADO FEDERAL;JULIA NUNES;PSD;FEMININO;BRANCA;SUPERIOR COMPLETO;ELEITO POR QP;1;0;05/10/2026;10:14:11
220002547344;1;RO;7;DEPUTADO ESTADUAL;JEAN OLIVEIRA;PRD;MASCULINO;BRANCA;ENSINO MÉDIO COMPLETO;ELEITO POR MÉDIA;1;0;05/10/2026;10:14:11
220002539765;1;RO;7;DEPUTADO ESTADUAL;FÁTIMA CLEIDE;PT;FEMININO;PRETA;SUPERIOR COMPLETO;ELEITO POR MÉDIA;1;0;05/10/2026;10:14:11
60002537663;1;CE;7;DEPUTADO ESTADUAL;DOMINGOS FILHO;PSD;MASCULINO;BRANCA;SUPERIOR COMPLETO;ELEITO POR QP;1;0;05/10/2026;10:14:11
220002537562;1;RO;7;DEPUTADO ESTADUAL;ALAN QUEIROZ;PL;MASCULINO;BRANCA;SUPERIOR COMPLETO;ELEITO POR MÉDIA;1;0;05/10/2026;10:14:11
220002547327;1;RO;7;DEPUTADO ESTADUAL;ISMAEL CRISPIN;PP;MASCULINO;PARDA;SUPERIOR COMPLETO;ELEITO POR QP;1;0;05/10/2026;10:14:11
60002542827;1;CE;7;DEPUTADO ESTADUAL;PASTOR FROTA;PL;MASCULINO;BRANCA;SUPERIOR COMPLETO;ELEITO POR QP;1;0;05/10/2026;10:14:11
270002544480;1;TO;7;DEPUTADO ESTADUAL;MOISEMAR MARINHO;PL;MASCULINO;PARDA;SUPERIOR COMPLETO;ELEITO POR QP;1;0;05/10/2026;10:14:11
270002544482;1;TO;7;DEPUTADO ESTADUAL;MARCUS MARCELO;PL;MASCULINO;PARDA;SUPERIOR COMPLETO;ELEITO POR MÉDIA;1;0;05/10/2026;10:14:11
60002536195;1;CE;7;DEPUTADO ESTADUAL;JAMES BEL;UNIÃO;MASCULINO;BRANCA;SUPERIOR COMPLETO;ELEITO POR MÉDIA;1;0;05/10/2026;10:14:11
60002542459;1;CE;7;DEPUTADO ESTADUAL;DAVI DE RAIMUNDÃO;MDB;MASCULINO;BRANCA;SUPERIOR INCOMPLETO;ELEITO POR QP;1;0;05/10/2026;10:14:11
60002540730;1;CE;7;DEPUTADO ESTADUAL;CATANHO;PT;MASCULINO;PRETA;SUPERIOR COMPLETO;ELEITO POR QP;1;0;05/10/2026;10:14:11
60002536690;1;CE;7;DEPUTADO ESTADUAL;DR. GERONIMO;PSB;MASCULINO;BRANCA;SUPERIOR COMPLETO;ELEITO POR MÉDIA;1;0;05/10/2026;10:14:11
60002536692;1;CE;7;DEPUTADO ESTADUAL;PALOMA NUNES;PSB;FEMININO;PARDA;SUPERIOR COMPLETO;ELEITO POR QP;1;0;05/10/2026;10:14:11
60002545132;1;CE;7;DEPUTADO ESTADUAL;GARDEL ROLIM;REPUBLICANOS;MASCULINO;PARDA;SUPERIOR COMPLETO;ELEITO POR QP;1;0;05/10/2026;10:14:11
60002544112;1;CE;6;DEPUTADO FEDERAL;ERIKA AMORIM;REPUBLICANOS;FEMININO;BRANCA;SUPERIOR COMPLETO;ELEITO POR MÉDIA;1;0;05/10/2026;10:14:11
10002534784;1;AC;7;DEPUTADO ESTADUAL;JAILSON AMORIM;PSD;MASCULINO;PARDA;SUPERIOR COMPLETO;ELEITO POR QP;1;0;05/10/2026;10:14:11
60002532983;1;CE;6;DEPUTADO FEDERAL;EMANUEL ACRIZIO;SOLIDARIEDADE;MASCULINO;PARDA;SUPERIOR INCOMPLETO;ELEITO POR MÉDIA;1;0;05/10/2026;10:14:11
60002536967;1;CE;6;DEPUTADO FEDERAL;DR JAZIEL;PL;MASCULINO;BRANCA;SUPERIOR COMPLETO;ELEITO POR QP;1;0;05/10/2026;10:14:11
60002540740;1;CE;6;DEPUTADO FEDERAL;LUISA CELA;PT;FEMININO;PARDA;SUPERIOR COMPLETO;ELEITO POR MÉDIA;1;0;05/10/2026;10:14:11
60002534888;1;CE;6;DEPUTADO FEDERAL;DANILO FORTE;PP;MASCULINO;BRANCA;SUPERIOR COMPLETO;ELEITO POR QP;1;0;05/10/2026;10:14:11
200002533875;1;RN;6;DEPUTADO FEDERAL;GENERAL GIRÃO;PL;MASCULINO;BRANCA;SUPERIOR COMPLETO;ELEITO POR QP;1;0;05/10/2026;10:14:11
170002543728;1;PE;7;DEPUTADO ESTADUAL;ADALTO SANTOS;PP;MASCULINO;PARDA;ENSINO MÉDIO COMPLETO;ELEITO POR QP;1;0;05/10/2026;10:14:11
170002543747;1;PE;7;DEPUTADO ESTADUAL;FRANCE HACKER;PP;MASCULINO;BRANCA;ENSINO MÉDIO COMPLETO;ELEITO POR QP;1;0;05/10/2026;10:14:11
170002542909;1;PE;7;DEPUTADO ESTADUAL;BATISTA CABRAL;PSB;MASCULINO;BRANCA;SUPERIOR COMPLETO;ELEITO POR QP;1;0;05/10/2026;10:14:11
230002533376;1;RR;7;DEPUTADO ESTADUAL;RARISON BARBOSA;PL;MASCULINO;PARDA;SUPERIOR COMPLETO;ELEITO POR QP;1;0;05/10/2026;10:14:11
230002549243;1;RR;7;DEPUTADO ESTADUAL;DARBI DE JESUS;REPUBLICANOS;FEMININO;PARDA;SUPERIOR COMPLETO;ELEITO POR QP;1;0;05/10/2026;10:14:11
230002552049;1;RR;7;DEPUTADO ESTADUAL;JEAN FRANK;PDT;MASCULINO;PARDA;ENSINO MÉDIO COMPLETO;ELEITO POR MÉDIA;1;0;05/10/2026;10:14:11
160002542287;1;PR;6;DEPUTADO FEDERAL;JEFFREY CHIQUINI;NOVO;MASCULINO;BRANCA;SUPERIOR COMPLETO;ELEITO POR QP;1;0;05/10/2026;10:14:11
160002540769;1;PR;6;DEPUTADO FEDERAL;PEDRO LUPION;REPUBLICANOS;MASCULINO;BRANCA;SUPERIOR COMPLETO;ELEITO POR QP;1;0;05/10/2026;10:14:11
160002532859;1;PR;6;DEPUTADO FEDERAL;PAULO LITRO;UNIÃO;MASCULINO;BRANCA;SUPERIOR COMPLETO;ELEITO POR QP;1;0;05/10/2026;10:14:11
160002536516;1;PR;6;DEPUTADO FEDERAL;ANA JÚLIA;PT;FEMININO;BRANCA;SUPERIOR COMPLETO;ELEITO POR QP;1;0;05/10/2026;10:14:11
160002536505;1;PR;6;DEPUTADO FEDERAL;ALIEL MACHADO;PV;MASCULINO;BRANCA;SUPERIOR INCOMPLETO;ELEITO POR QP;1;0;05/10/2026;10:14:11
30002536306;1;AP;6;DEPUTADO FEDERAL;FELIPE SHOW;UNIÃO;MASCULINO;BRANCA;ENSINO MÉDIO COMPLETO;ELEITO POR QP;1;0;05/10/2026;10:14:11
200002533860;1;RN;7;DEPUTADO ESTADUAL;FRANCISCO DO PT;PT;MASCULINO;BRANCA;SUPERIOR COMPLETO;ELEITO POR QP;1;0;05/10/2026;10:14:11
250002537953;1;SP;6;DEPUTADO FEDERAL;NEY SANTOS;REPUBLICANOS;MASCULINO;PARDA;ENSINO FUNDAMENTAL COMPLETO;ELEITO POR QP;1;0;05/10/2026;10:14:11
240002538368;1;SC;6;DEPUTADO FEDERAL;PAULINHA;PODE;FEMININO;BRANCA;SUPERIOR INCOMPLETO;ELEITO POR MÉDIA;1;0;05/10/2026;10:14:11
90002543239;1;GO;6;DEPUTADO FEDERAL;ADRIANO DO BALDY;PP;MASCULINO;BRANCA;ENSINO MÉDIO COMPLETO;ELEITO POR QP;1;0;05/10/2026;10:14:11
190002541063;1;RJ;6;DEPUTADO FEDERAL;BEBETO;PP;MASCULINO;BRANCA;ENSINO MÉDIO COMPLETO;ELEITO POR MÉDIA;1;0;05/10/2026;10:14:11
190002541078;1;RJ;6;DEPUTADO FEDERAL;LENIEL BOREL;PP;MASCULINO;BRANCA;SUPERIOR COMPLETO;ELEITO POR QP;1;0;05/10/2026;10:14:11
240002539376;1;SC;6;DEPUTADO FEDERAL;DANIEL FREITAS;PL;MASCULINO;BRANCA;SUPERIOR COMPLETO;ELEITO POR MÉDIA;1;0;05/10/2026;10:14:11
240002539378;1;SC;6;DEPUTADO FEDERAL;JULIA ZANATTA;PL;FEMININO;BRANCA;SUPERIOR COMPLETO;ELEITO POR QP;1;0;05/10/2026;10:14:11
240002537081;1;SC;6;DEPUTADO FEDERAL;GEOVANIA DE SÁ;REPUBLICANOS;FEMININO;BRANCA;SUPERIOR COMPLETO;ELEITO POR QP;1;0;05/10/2026;10:14:11
190002532804;1;RJ;6;DEPUTADO FEDERAL;MANOELA PERES;PL;FEMININO;BRANCA;SUPERIOR COMPLETO;ELEITO POR QP;1;0;05/10/2026;10:14:11
130002545559;1;MG;6;DEPUTADO FEDERAL;DIEGO ANDRADE;PSD;MASCULINO;BRANCA;SUPERIOR COMPLETO;ELEITO POR QP;1;0;05/10/2026;10:14:11
260002542473;1;SE;6;DEPUTADO FEDERAL;FÁBIO REIS;PSD;MASCULINO;BRANCA;SUPERIOR INCOMPLETO;ELEITO POR QP;1;0;05/10/2026;10:14:11
190002550489;1;RJ;6;DEPUTADO FEDERAL;MARCELO QUEIROZ;PSDB;MASCULINO;BRANCA;SUPERIOR COMPLETO;ELEITO POR QP;1;0;05/10/2026;10:14:11
50002533156;1;BA;7;DEPUTADO ESTADUAL;JORDAVIO RAMOS;PSDB;MASCULINO;BRANCA;SUPERIOR COMPLETO;ELEITO POR QP;1;0;05/10/2026;10:14:11
50002535584;1;BA;7;DEPUTADO ESTADUAL;VITOR AZEVEDO;AVANTE;MASCULINO;PARDA;SUPERIOR COMPLETO;ELEITO POR QP;1;0;05/10/2026;10:14:11
130002542003;1;MG;6;DEPUTADO FEDERAL;LAFAYETTE ANDRADA;PL;MASCULINO;BRANCA;SUPERIOR COMPLETO;ELEITO POR QP;1;0;05/10/2026;10:14:11
130002542022;1;MG;6;DEPUTADO FEDERAL;SUBTENETE GONZAGA;PL;MASCULINO;BRANCA;SUPERIOR COMPLETO;ELEITO POR QP;1;0;05/10/2026;10:14:11
130002542039;1;MG;6;DEPUTADO FEDERAL;RODRIGO TAVARES;PL;MASCULINO;BRANCA;SUPERIOR COMPLETO;ELEITO POR QP;1;0;05/10/2026;10:14:11
250002533776;1;SP;7;DEPUTADO ESTADUAL;DELEGADO OLIM;PP;MASCULINO;BRANCA;SUPERIOR COMPLETO;ELEITO POR QP;1;0;05/10/2026;10:14:11
130002542011;1;MG;6;DEPUTADO FEDERAL;FABINHO RAMALHO;PL;MASCULINO;BRANCA;SUPERIOR INCOMPLETO;ELEITO POR QP;1;0;05/10/2026;10:14:11
50002537857;1;BA;7;DEPUTADO ESTADUAL;ANGELO ALMEIDA;PT;MASCULINO;BRANCA;SUPERIOR COMPLETO;ELEITO POR QP;1;0;05/10/2026;10:14:11
250002533758;1;SP;7;DEPUTADO ESTADUAL;RAFAEL SARAIVA;UNIÃO;MASCULINO;BRANCA;SUPERIOR COMPLETO;ELEITO POR QP;1;0;05/10/2026;10:14:11
250002536851;1;SP;7;DEPUTADO ESTADUAL;EDUARDO SUPLICY;PT;MASCULINO;BRANCA;SUPERIOR COMPLETO;ELEITO POR QP;1;0;05/10/2026;10:14:11
130002535279;1;MG;6;DEPUTADO FEDERAL;ROGÉRIO CORREIA;PT;MASCULINO;BRANCA;SUPERIOR INCOMPLETO;ELEITO POR QP;1;0;05/10/2026;10:14:11
50002532684;1;BA;7;DEPUTADO ESTADUAL;CLÁUDIA OLIVEIRA;PSD;FEMININO;PARDA;ENSINO MÉDIO COMPLETO;ELEITO POR QP;1;0;05/10/2026;10:14:11
50002531363;1;BA;7;DEPUTADO ESTADUAL;MARCINHO OLIVEIRA;PDT;MASCULINO;PARDA;SUPERIOR INCOMPLETO;ELEITO POR QP;1;0;05/10/2026;10:14:11
190002543101;1;RJ;6;DEPUTADO FEDERAL;LINDBERGH;PT;MASCULINO;BRANCA;SUPERIOR INCOMPLETO;ELEITO POR QP;1;0;05/10/2026;10:14:11
50002535103;1;BA;7;DEPUTADO ESTADUAL;PAULO CÂMARA;PL;MASCULINO;BRANCA;SUPERIOR COMPLETO;ELEITO POR QP;1;0;05/10/2026;10:14:11
250002539934;1;SP;7;DEPUTADO ESTADUAL;LUIZA ERUNDINA;PSOL;FEMININO;BRANCA;SUPERIOR COMPLETO;ELEITO POR QP;1;0;05/10/2026;10:14:11
180002536217;1;PI;7;DEPUTADO ESTADUAL;JOÃO MADISON;MDB;MASCULINO;BRANCA;SUPERIOR COMPLETO;ELEITO POR QP;1;0;05/10/2026;10:14:11
180002536235;1;PI;7;DEPUTADO ESTADUAL;SEVERO EULÁLIO;MDB;MASCULINO;BRANCA;SUPERIOR COMPLETO;ELEITO POR QP;1;0;05/10/2026;10:14:11
180002533541;1;PI;7;DEPUTADO ESTADUAL;FÁBIO XAVIER;PT;MASCULINO;BRANCA;SUPERIOR COMPLETO;ELEITO POR QP;1;0;05/10/2026;10:14:11
180002533565;1;PI;7;DEPUTADO ESTADUAL;FIRMINO PAULO;PT;MASCULINO;PARDA;SUPERIOR COMPLETO;ELEITO POR QP;1;0;05/10/2026;10:14:11
250002534178;1;SP;7;DEPUTADO ESTADUAL;ATILA JACOMUSSI;PRD;MASCULINO;PARDA;ENSINO MÉDIO COMPLETO;ELEITO POR QP;1;0;05/10/2026;10:14:11
180002534819;1;PI;7;DEPUTADO ESTADUAL;SIMONE PEREIRA;PSD;FEMININO;BRANCA;SUPERIOR COMPLETO;ELEITO POR QP;1;0;05/10/2026;10:14:11
90002544858;1;GO;7;DEPUTADO ESTADUAL;GCM ROMÁRIO POLICARPO;CIDADANIA;MASCULINO;PRETA;SUPERIOR COMPLETO;ELEITO POR QP;1;0;05/10/2026;10:14:11
250002545156;1;SP;7;DEPUTADO ESTADUAL;ROGERIO LINS;PODE;MASCULINO;BRANCA;SUPERIOR COMPLETO;ELEITO POR QP;1;0;05/10/2026;10:14:11
250002534232;1;SP;7;DEPUTADO ESTADUAL;ITAMAR BORGES;MDB;MASCULINO;BRANCA;SUPERIOR COMPLETO;ELEITO POR QP;1;0;05/10/2026;10:14:11
120002536060;1;MS;7;DEPUTADO ESTADUAL;DAVERSON MATOS;PL;MASCULINO;PARDA;SUPERIOR COMPLETO;ELEITO POR QP;1;0;05/10/2026;10:14:11
70002540817;1;DF;8;DEPUTADO DISTRITAL;MARTINS MACHADO;REPUBLICANOS;MASCULINO;PARDA;SUPERIOR INCOMPLETO;ELEITO POR MÉDIA;1;0;05/10/2026;10:14:11
70002540824;1;DF;8;DEPUTADO DISTRITAL;RENATA DAGUIAR;REPUBLICANOS;FEMININO;BRANCA;SUPERIOR COMPLETO;ELEITO POR QP;1;0;05/10/2026;10:14:11
240002540082;1;SC;7;DEPUTADO ESTADUAL;PADRE PEDRO;PT;MASCULINO;BRANCA;SUPERIOR COMPLETO;ELEITO POR MÉDIA;1;0;05/10/2026;10:14:11
250002541902;1;SP;7;DEPUTADO ESTADUAL;GILMACI SANTOS;REPUBLICANOS;MASCULINO;PARDA;SUPERIOR COMPLETO;ELEITO POR QP;1;0;05/10/2026;10:14:11
90002543157;1;GO;7;DEPUTADO ESTADUAL;GRACIELE DA ARTE TRIGO;AGIR;FEMININO;BRANCA;SUPERIOR COMPLETO;ELEITO POR MÉDIA;1;0;05/10/2026;10:14:11
70002550009;1;DF;8;DEPUTADO DISTRITAL;ROOSEVELT VILELA;PL;MASCULINO;PARDA;SUPERIOR COMPLETO;ELEITO POR QP;1;0;05/10/2026;10:14:11
90002546244;1;GO;7;DEPUTADO ESTADUAL;DR. GEORGE MORAIS;MDB;MASCULINO;BRANCA;SUPERIOR COMPLETO;ELEITO POR QP;1;0;05/10/2026;10:14:11
70002541286;1;DF;8;DEPUTADO DISTRITAL;ROBÉRIO NEGREIROS;PODE;MASCULINO;BRANCA;SUPERIOR COMPLETO;ELEITO POR QP;1;0;05/10/2026;10:14:11
240002539972;1;SC;7;DEPUTADO ESTADUAL;GUILHERME COLOMBO;PL;MASCULINO;BRANCA;SUPERIOR COMPLETO;ELEITO POR QP;1;0;05/10/2026;10:14:11
90002540139;1;GO;7;DEPUTADO ESTADUAL;ANTONIO GOMIDE;PT;MASCULINO;BRANCA;SUPERIOR COMPLETO;ELEITO POR QP;1;0;05/10/2026;10:14:11
90002548664;1;GO;7;DEPUTADO ESTADUAL;ALESSANDRO MOREIRA;PRD;MASCULINO;PARDA;SUPERIOR COMPLETO;ELEITO POR QP;1;0;05/10/2026;10:14:11
70002538796;1;DF;8;DEPUTADO DISTRITAL;HERMETO;MDB;MASCULINO;BRANCA;SUPERIOR COMPLETO;ELEITO POR MÉDIA;1;0;05/10/2026;10:14:11
70002538493;1;DF;8;DEPUTADO DISTRITAL;EDUARDO PEDROSA;UNIÃO;MASCULINO;BRANCA;SUPERIOR COMPLETO;ELEITO POR QP;1;0;05/10/2026;10:14:11
240002535452;1;SC;7;DEPUTADO ESTADUAL;ODAIR TRAMONTIN;NOVO;MASCULINO;BRANCA;SUPERIOR COMPLETO;ELEITO POR QP;1;0;05/10/2026;10:14:11
10002544296;1;AC;6;DEPUTADO FEDERAL;JÚNIOR BETÃO;PL;MASCULINO;BRANCA;ENSINO FUNDAMENTAL COMPLETO;ELEITO POR QP;1;0;05/10/2026;10:14:11
240002537915;1;SC;7;DEPUTADO ESTADUAL;LUCAS NEVES;REPUBLICANOS;MASCULINO;BRANCA;SUPERIOR COMPLETO;ELEITO POR QP;1;0;05/10/2026;10:14:11
250002540897;1;SP;7;DEPUTADO ESTADUAL;RAFAEL SILVA JR;PSD;MASCULINO;BRANCA;SUPERIOR COMPLETO;ELEITO POR QP;1;0;05/10/2026;10:14:11
250002536353;1;SP;7;DEPUTADO ESTADUAL;THOMAZ HENRIQUE;PL;MASCULINO;BRANCA;SUPERIOR COMPLETO;ELEITO POR QP;1;0;05/10/2026;10:14:11
250002536410;1;SP;7;DEPUTADO ESTADUAL;LUCAS BOVE;PL;MASCULINO;BRANCA;SUPERIOR COMPLETO;ELEITO POR QP;1;0;05/10/2026;10:14:11
210002541514;1;RS;6;DEPUTADO FEDERAL;ALCEU MOREIRA;MDB;MASCULINO;BRANCA;SUPERIOR INCOMPLETO;ELEITO POR QP;1;0;05/10/2026;10:14:11
130002535376;1;MG;7;DEPUTADO ESTADUAL;RICARDO CAMPOS;PT;MASCULINO;PARDA;SUPERIOR COMPLETO;ELEITO POR QP;1;0;05/10/2026;10:14:11
250002536404;1;SP;7;DEPUTADO ESTADUAL;LETICIA AGUIAR;PL;FEMININO;BRANCA;SUPERIOR COMPLETO;ELEITO POR QP;1;0;05/10/2026;10:14:11
250002536358;1;SP;7;DEPUTADO ESTADUAL;DANI ALONSO;PL;FEMININO;BRANCA;SUPERIOR COMPLETO;ELEITO POR QP;1;0;05/10/2026;10:14:11
250002536356;1;SP;7;DEPUTADO ESTADUAL;JOÃO PAULO;PL;MASCULINO;BRANCA;SUPERIOR COMPLETO;ELEITO POR QP;1;0;05/10/2026;10:14:11
250002536366;1;SP;7;DEPUTADO ESTADUAL;DELEGADA GRACIELA;PL;FEMININO;BRANCA;SUPERIOR COMPLETO;ELEITO POR QP;1;0;05/10/2026;10:14:11
130002539910;1;MG;7;DEPUTADO ESTADUAL;LUD FALCÃO;REPUBLICANOS;FEMININO;BRANCA;SUPERIOR COMPLETO;ELEITO POR QP;1;0;05/10/2026;10:14:11
140002537040;1;PA;6;DEPUTADO FEDERAL;RAIMUNDO SANTOS;PSD;MASCULINO;PARDA;SUPERIOR COMPLETO;ELEITO POR MÉDIA;1;0;05/10/2026;10:14:11
140002547295;1;PA;6;DEPUTADO FEDERAL;DRA. ALESSANDRA HABER;PODE;FEMININO;BRANCA;SUPERIOR COMPLETO;ELEITO POR QP;1;0;05/10/2026;10:14:11
130002539905;1;MG;7;DEPUTADO ESTADUAL;CARLOS HENRIQUE;REPUBLICANOS;MASCULINO;PARDA;SUPERIOR INCOMPLETO;ELEITO POR QP;1;0;05/10/2026;10:14:11
130002539522;1;MG;7;DEPUTADO ESTADUAL;LUCAS LASMAR;REDE;MASCULINO;BRANCA;SUPERIOR COMPLETO;ELEITO POR QP;1;0;05/10/2026;10:14:11
210002537712;1;RS;6;DEPUTADO FEDERAL;AFONSO HAMM;PP;MASCULINO;BRANCA;SUPERIOR COMPLETO;ELEITO POR QP;1;0;05/10/2026;10:14:11
130002542082;1;MG;7;DEPUTADO ESTADUAL;EDUARDO AZEVEDO;PL;MASCULINO;BRANCA;SUPERIOR COMPLETO;ELEITO POR QP;1;0;05/10/2026;10:14:11
210002534604;1;RS;6;DEPUTADO FEDERAL;MARIA DO ROSARIO;PT;FEMININO;BRANCA;SUPERIOR COMPLETO;ELEITO POR QP;1;0;05/10/2026;10:14:11
130002542109;1;MG;7;DEPUTADO ESTADUAL;SARGENTO RODRIGUES;PL;MASCULINO;PARDA;SUPERIOR COMPLETO;ELEITO POR QP;1;0;05/10/2026;10:14:11
150002549638;1;PB;6;DEPUTADO FEDERAL;DR° DAMIÃO;UNIÃO;MASCULINO;PRETA;SUPERIOR COMPLETO;ELEITO POR QP;1;0;05/10/2026;10:14:11
150002549646;1;PB;6;DEPUTADO FEDERAL;POLLYANNA;PP;FEMININO;BRANCA;SUPERIOR COMPLETO;ELEITO POR MÉDIA;1;0;05/10/2026;10:14:11
110002542636;1;MT;7;DEPUTADO ESTADUAL;ULYSSES MORAES;PODE;MASCULINO;BRANCA;SUPERIOR COMPLETO;ELEITO POR QP;1;0;05/10/2026;10:14:11
130002549948;1;MG;7;DEPUTADO ESTADUAL;DELEGADO CHRISTIANO XAVIER;PSD;MASCULINO;BRANCA;SUPERIOR COMPLETO;ELEITO POR QP;1;0;05/10/2026;10:14:11
110002543192;1;MT;7;DEPUTADO ESTADUAL;LÚDIO CABRAL;PT;MASCULINO;BRANCA;SUPERIOR COMPLETO;ELEITO POR QP;1;0;05/10/2026;10:14:11
210002536917;1;RS;6;DEPUTADO FEDERAL;CARLOS GOMES;REPUBLICANOS;MASCULINO;PARDA;SUPERIOR COMPLETO;ELEITO POR MÉDIA;1;0;05/10/2026;10:14:11
190002550038;1;RJ;7;DEPUTADO ESTADUAL;LÉO VIEIRA FILHO;PSDB;MASCULINO;BRANCA;SUPERIOR INCOMPLETO;ELEITO POR QP;1;0;05/10/2026;10:14:11
130002542812;1;MG;7;DEPUTADO ESTADUAL;ADRIANO ALVARENGA;PP;MASCULINO;BRANCA;ENSINO MÉDIO COMPLETO;ELEITO POR QP;1;0;05/10/2026;10:14:11
110002547793;1;MT;7;DEPUTADO ESTADUAL;DR. EUGÊNIO;REPUBLICANOS;MASCULINO;BRANCA;SUPERIOR COMPLETO;ELEITO POR QP;1;0;05/10/2026;10:14:11
190002536103;1;RJ;7;DEPUTADO ESTADUAL;DANI MONTEIRO;PSOL;FEMININO;PRETA;SUPERIOR INCOMPLETO;ELEITO POR QP;1;0;05/10/2026;10:14:11
210002539810;1;RS;7;DEPUTADO ESTADUAL;EDUARDO LOUREIRO;PDT;MASCULINO;BRANCA;SUPERIOR COMPLETO;ELEITO POR QP;1;0;05/10/2026;10:14:11
210002539805;1;RS;7;DEPUTADO ESTADUAL;TIAGO CADÓ;PDT;MASCULINO;BRANCA;SUPERIOR COMPLETO;ELEITO POR QP;1;0;05/10/2026;10:14:11
100002537271;1;MA;6;DEPUTADO FEDERAL;ALDIR JUNIOR;PL;MASCULINO;BRANCA;SUPERIOR COMPLETO;ELEITO POR QP;1;0;05/10/2026;10:14:11
210002534030;1;RS;7;DEPUTADO ESTADUAL;HUMBERTO MATOS;PCDOB;MASCULINO;BRANCA;SUPERIOR COMPLETO;ELEITO POR QP;1;0;05/10/2026;10:14:11
210002535706;1;RS;7;DEPUTADO ESTADUAL;KELLY MORAES;PL;FEMININO;BRANCA;ENSINO MÉDIO COMPLETO;ELEITO POR QP;1;0;05/10/2026;10:14:11
130002544127;1;MG;7;DEPUTADO ESTADUAL;CAROL CARAM;AVANTE;FEMININO;BRANCA;SUPERIOR COMPLETO;ELEITO POR QP;1;0;05/10/2026;10:14:11
190002537129;1;RJ;7;DEPUTADO ESTADUAL;JULIO ROCHA;AGIR;MASCULINO;PARDA;SUPERIOR COMPLETO;ELEITO POR QP;1;0;05/10/2026;10:14:11
130002544403;1;MG;7;DEPUTADO ESTADUAL;JOÃO DO SOCIAL;AVANTE;MASCULINO;PARDA;SUPERIOR INCOMPLETO;ELEITO POR MÉDIA;1;0;05/10/2026;10:14:11
190002543329;1;RJ;7;DEPUTADO ESTADUAL;ZEIDAN;PT;FEMININO;BRANCA;SUPERIOR COMPLETO;ELEITO POR QP;1;0;05/10/2026;10:14:11
100002540267;1;MA;7;DEPUTADO ESTADUAL;BRUNA PESSOA;MDB;FEMININO;BRANCA;SUPERIOR COMPLETO;ELEITO POR QP;1;0;05/10/2026;10:14:11
140002540873;1;PA;7;DEPUTADO ESTADUAL;PAULO HENRIQUE GOMES;AVANTE;MASCULINO;PARDA;SUPERIOR COMPLETO;ELEITO POR QP;1;0;05/10/2026;10:14:11
210002537649;1;RS;7;DEPUTADO ESTADUAL;MARCUS VINÍCIUS;PP;MASCULINO;BRANCA;SUPERIOR COMPLETO;ELEITO POR QP;1;0;05/10/2026;10:14:11
100002537287;1;MA;7;DEPUTADO ESTADUAL;SEGUNDO;PL;MASCULINO;PARDA;ENSINO MÉDIO COMPLETO;ELEITO POR QP;1;0;05/10/2026;10:14:11
140002548978;1;PA;7;DEPUTADO ESTADUAL;FÁBIO FIGUEIRAS;PV;MASCULINO;BRANCA;SUPERIOR COMPLETO;ELEITO POR QP;1;0;05/10/2026;10:14:11
210002540637;1;RS;7;DEPUTADO ESTADUAL;DIMAS COSTA;PSD;MASCULINO;BRANCA;SUPERIOR COMPLETO;ELEITO POR QP;1;0;05/10/2026;10:14:11
190002533687;1;RJ;7;DEPUTADO ESTADUAL;FELIPE TROPA;PL;MASCULINO;PRETA;ENSINO MÉDIO COMPLETO;ELEITO POR MÉDIA;1;0;05/10/2026;10:14:11
140002548993;1;PA;7;DEPUTADO ESTADUAL;ELIAS SANTIAGO;PT;MASCULINO;PARDA;SUPERIOR INCOMPLETO;ELEITO POR QP;1;0;05/10/2026;10:14:11
190002533674;1;RJ;7;DEPUTADO ESTADUAL;DELEGADO CARLOS AUGUSTO;PL;MASCULINO;BRANCA;SUPERIOR COMPLETO;ELEITO POR QP;1;0;05/10/2026;10:14:11
140002541728;1;PA;7;DEPUTADO ESTADUAL;ERICK MONTEIRO;MDB;MASCULINO;BRANCA;SUPERIOR COMPLETO;ELEITO POR QP;1;0;05/10/2026;10:14:11
190002533420;1;RJ;7;DEPUTADO ESTADUAL;MÁRCIO GUALBERTO;PL;MASCULINO;PRETA;SUPERIOR INCOMPLETO;ELEITO POR QP;1;0;05/10/2026;10:14:11
190002533424;1;RJ;7;DEPUTADO ESTADUAL;JAIR BITTENCOURT;PL;MASCULINO;PARDA;SUPERIOR COMPLETO;ELEITO POR QP;1;0;05/10/2026;10:14:11
100002545269;1;MA;7;DEPUTADO ESTADUAL;CRICIELLE;PT;FEMININO;PRETA;SUPERIOR COMPLETO;ELEITO POR QP;1;0;05/10/2026;10:14:11
50002531452;1;BA;6;DEPUTADO FEDERAL;MÁRCIO MARINHO;REPUBLICANOS;MASCULINO;PRETA;SUPERIOR COMPLETO;ELEITO POR QP;1;0;05/10/2026;10:14:11
140002544313;1;PA;7;DEPUTADO ESTADUAL;LÍVIA DUARTE;PSOL;FEMININO;PRETA;SUPERIOR COMPLETO;ELEITO POR MÉDIA;1;0;05/10/2026;10:14:11
50002534738;1;BA;6;DEPUTADO FEDERAL;NETO CARLETTO;AVANTE;MASCULINO;PARDA;SUPERIOR COMPLETO;ELEITO POR QP;1;0;05/10/2026;10:14:11
50002534737;1;BA;6;DEPUTADO FEDERAL;PASTOR SARGENTO ISIDÓRIO;AVANTE;MASCULINO;PRETA;SUPERIOR INCOMPLETO;ELEITO POR QP;1;0;05/10/2026;10:14:11
190002538037;1;RJ;7;DEPUTADO ESTADUAL;LUIZ PAULO;PSD;MASCULINO;BRANCA;SUPERIOR COMPLETO;ELEITO POR QP;1;0;05/10/2026;10:14:11
50002532910;1;BA;6;DEPUTADO FEDERAL;ROBERTA ROMA;PL;FEMININO;BRANCA;SUPERIOR COMPLETO;ELEITO POR QP;1;0;05/10/2026;10:14:11
190002534113;1;RJ;7;DEPUTADO ESTADUAL;MUNIR NETO;SOLIDARIEDADE;MASCULINO;BRANCA;SUPERIOR INCOMPLETO;ELEITO POR QP;1;0;05/10/2026;10:14:11
180002536465;1;PI;6;DEPUTADO FEDERAL;MARCOS AURÉLIO;MDB;MASCULINO;BRANCA;SUPERIOR COMPLETO;ELEITO POR MÉDIA;1;0;05/10/2026;10:14:11
180002532479;1;PI;6;DEPUTADO FEDERAL;DR. FRANCISCO;PT;MASCULINO;PRETA;SUPERIOR COMPLETO;ELEITO POR QP;1;0;05/10/2026;10:14:11
180002532478;1;PI;6;DEPUTADO FEDERAL;DELEGADO CHARLES;PV;MASCULINO;PARDA;SUPERIOR COMPLETO;ELEITO POR QP;1;0;05/10/2026;10:14:11
190002541653;1;RJ;7;DEPUTADO ESTADUAL;FELIPINHO RAVIS;PP;MASCULINO;BRANCA;ENSINO MÉDIO COMPLETO;ELEITO POR QP;1;0;05/10/2026;10:14:11
50002535007;1;BA;6;DEPUTADO FEDERAL;CLAUDIO CAJADO;PP;MASCULINO;PARDA;SUPERIOR COMPLETO;ELEITO POR QP;1;0;05/10/2026;10:14:11
260002550765;1;SE;7;DEPUTADO ESTADUAL;FERNANDINHO FRANCO;PL;MASCULINO;BRANCA;SUPERIOR INCOMPLETO;ELEITO POR MÉDIA;1;0;05/10/2026;10:14:11
260002535597;1;SE;7;DEPUTADO ESTADUAL;ANA LUIZA;REPUBLICANOS;FEMININO;BRANCA;SUPERIOR COMPLETO;ELEITO POR MÉDIA;1;0;05/10/2026;10:14:11
20002548090;1;AL;7;DEPUTADO ESTADUAL;LELO MAIA;MDB;MASCULINO;BRANCA;SUPERIOR COMPLETO;ELEITO POR QP;1;0;05/10/2026;10:14:11
20002548102;1;AL;7;DEPUTADO ESTADUAL;FÁTIMA CANUTO;MDB;FEMININO;BRANCA;SUPERIOR COMPLETO;ELEITO POR QP;1;0;05/10/2026;10:14:11
150002541192;1;PB;7;DEPUTADO ESTADUAL;FÁBIO LOPES;PL;MASCULINO;BRANCA;SUPERIOR COMPLETO;ELEITO POR QP;1;0;05/10/2026;10:14:11
150002544184;1;PB;7;DEPUTADO ESTADUAL;WILSON FILHO;REPUBLICANOS;MASCULINO;BRANCA;SUPERIOR COMPLETO;ELEITO POR QP;1;0;05/10/2026;10:14:11
80002549410;1;ES;7;DEPUTADO ESTADUAL;DARCIO BRACARENSE;PL;MASCULINO;BRANCA;SUPERIOR COMPLETO;ELEITO POR QP;1;0;05/10/2026;10:14:11
250002536722;1;SP;6;DEPUTADO FEDERAL;KIKO CELEGUIM;PT;MASCULINO;BRANCA;SUPERIOR COMPLETO;ELEITO POR MÉDIA;1;0;05/10/2026;10:14:11
150002544197;1;PB;7;DEPUTADO ESTADUAL;DANIELLE DO VALE;REPUBLICANOS;FEMININO;BRANCA;SUPERIOR COMPLETO;ELEITO POR QP;1;0;05/10/2026;10:14:11
250002536737;1;SP;6;DEPUTADO FEDERAL;CARLOS ZARATTINI;PT;MASCULINO;BRANCA;SUPERIOR COMPLETO;ELEITO POR QP;1;0;05/10/2026;10:14:11
250002536733;1;SP;6;DEPUTADO FEDERAL;JOAO PAULO CUNHA;PT;MASCULINO;BRANCA;SUPERIOR COMPLETO;ELEITO POR MÉDIA;1;0;05/10/2026;10:14:11
150002540234;1;PB;7;DEPUTADO ESTADUAL;FELIPE LEITÃO;MDB;MASCULINO;BRANCA;SUPERIOR COMPLETO;ELEITO POR QP;1;0;05/10/2026;10:14:11
250002536752;1;SP;6;DEPUTADO FEDERAL;THIAGO DOS REIS;PT;MASCULINO;BRANCA;SUPERIOR INCOMPLETO;ELEITO POR QP;1;0;05/10/2026;10:14:11
150002548947;1;PB;7;DEPUTADO ESTADUAL;MARIA PORTO;UNIÃO;FEMININO;PARDA;SUPERIOR COMPLETO;ELEITO POR QP;1;0;05/10/2026;10:14:11
150002548950;1;PB;7;DEPUTADO ESTADUAL;EDUARDO CARNEIRO;PP;MASCULINO;BRANCA;ENSINO MÉDIO COMPLETO;ELEITO POR QP;1;0;05/10/2026;10:14:11
150002548955;1;PB;7;DEPUTADO ESTADUAL;LORENA;PP;FEMININO;BRANCA;SUPERIOR COMPLETO;ELEITO POR QP;1;0;05/10/2026;10:14:11
150002548935;1;PB;7;DEPUTADO ESTADUAL;JOÃO PAULO SEGUNDO;PP;MASCULINO;BRANCA;SUPERIOR INCOMPLETO;ELEITO POR QP;1;0;05/10/2026;10:14:11
150002548932;1;PB;7;DEPUTADO ESTADUAL;JÚNIOR ARAÚJO;PP;MASCULINO;PARDA;SUPERIOR COMPLETO;ELEITO POR QP;1;0;05/10/2026;10:14:11
80002549986;1;ES;7;DEPUTADO ESTADUAL;PABLO MURIBECA;REPUBLICANOS;MASCULINO;BRANCA;SUPERIOR COMPLETO;ELEITO POR QP;1;0;05/10/2026;10:14:11
250002533624;1;SP;6;DEPUTADO FEDERAL;JOÃO CURY;MDB;MASCULINO;BRANCA;SUPERIOR COMPLETO;ELEITO POR QP;1;0;05/10/2026;10:14:11
250002537943;1;SP;6;DEPUTADO FEDERAL;MARIA ROSAS;REPUBLICANOS;FEMININO;PARDA;SUPERIOR COMPLETO;ELEITO POR MÉDIA;1;0;05/10/2026;10:14:11
80002541031;1;ES;7;DEPUTADO ESTADUAL;JANETE DE SÁ;PSB;FEMININO;PARDA;SUPERIOR COMPLETO;ELEITO POR QP;1;0;05/10/2026;10:14:11
160002542256;1;PR;7;DEPUTADO ESTADUAL;DR. ANTENOR;PT;MASCULINO;BRANCA;SUPERIOR COMPLETO;ELEITO POR MÉDIA;1;0;05/10/2026;10:14:11
170002533320;1;PE;6;DEPUTADO FEDERAL;CLODOALDO MAGALHÃES;PV;MASCULINO;BRANCA;SUPERIOR COMPLETO;ELEITO POR QP;1;0;05/10/2026;10:14:11
170002533326;1;PE;6;DEPUTADO FEDERAL;CARLOS VERAS;PT;MASCULINO;BRANCA;SUPERIOR COMPLETO;ELEITO POR QP;1;0;05/10/2026;10:14:11
250002544341;1;SP;6;DEPUTADO FEDERAL;DELEGADO BRUNO LIMA;PODE;MASCULINO;BRANCA;SUPERIOR COMPLETO;ELEITO POR QP;1;0;05/10/2026;10:14:11
160002547640;1;PR;7;DEPUTADO ESTADUAL;MAURO MORAES;PL;MASCULINO;BRANCA;SUPERIOR COMPLETO;ELEITO POR QP;1;0;05/10/2026;10:14:11
170002544057;1;PE;6;DEPUTADO FEDERAL;JULIANA DE CHAPARRAL;UNIÃO;FEMININO;BRANCA;SUPERIOR COMPLETO;ELEITO POR QP;1;0;05/10/2026;10:14:11
170002544063;1;PE;6;DEPUTADO FEDERAL;LULA DA FONTE;PP;MASCULINO;BRANCA;SUPERIOR COMPLETO;ELEITO POR QP;1;0;05/10/2026;10:14:11
170002544062;1;PE;6;DEPUTADO FEDERAL;CLARISSA TÉRCIO;PP;FEMININO;BRANCA;SUPERIOR COMPLETO;ELEITO POR QP;1;0;05/10/2026;10:14:11
160002546872;1;PR;7;DEPUTADO ESTADUAL;GOURA;PDT;MASCULINO;BRANCA;SUPERIOR COMPLETO;ELEITO POR QP;1;0;05/10/2026;10:14:11
30002533034;1;AP;7;DEPUTADO ESTADUAL;FABRICIO FURLAN;REDE;MASCULINO;BRANCA;SUPERIOR COMPLETO;ELEITO POR QP;1;0;05/10/2026;10:14:11
30002533112;1;AP;7;DEPUTADO ESTADUAL;SOCORRO NOGUEIRA;PT;FEMININO;PRETA;SUPERIOR COMPLETO;ELEITO POR QP;1;0;05/10/2026;10:14:11
230002549297;1;RR;6;DEPUTADO FEDERAL;ÍTALO OTÁVIO;REPUBLICANOS;MASCULINO;BRANCA;ENSINO MÉDIO COMPLETO;ELEITO POR QP;1;0;05/10/2026;10:14:11
60002538634;1;CE;7;DEPUTADO ESTADUAL;GABRIEL BIOLOGIA;PSOL;MASCULINO;BRANCA;SUPERIOR COMPLETO;ELEITO POR QP;1;0;05/10/2026;10:14:11
60002537671;1;CE;7;DEPUTADO ESTADUAL;SIMÃO PEDRO;PSD;MASCULINO;BRANCA;SUPERIOR COMPLETO;ELEITO POR MÉDIA;1;0;05/10/2026;10:14:11
220002542936;1;RO;7;DEPUTADO ESTADUAL;LAERTE GOMES;PSD;MASCULINO;PARDA;SUPERIOR INCOMPLETO;ELEITO POR QP;1;0;05/10/2026;10:14:11
220002537549;1;RO;7;DEPUTADO ESTADUAL;DELEGADO LUCAS TORRES;PL;MASCULINO;BRANCA;SUPERIOR COMPLETO;ELEITO POR QP;1;0;05/10/2026;10:14:11
60002541558;1;CE;7;DEPUTADO ESTADUAL;EMILIA PESSOA;PSDB;FEMININO;BRANCA;SUPERIOR COMPLETO;ELEITO POR QP;1;0;05/10/2026;10:14:11
60002542851;1;CE;7;DEPUTADO ESTADUAL;BELLA CARMELO;PL;FEMININO;BRANCA;SUPERIOR INCOMPLETO;ELEITO POR QP;1;0;05/10/2026;10:14:11
60002542831;1;CE;7;DEPUTADO ESTADUAL;DRA MAYRA PINHEIRO;PL;FEMININO;BRANCA;SUPERIOR COMPLETO;ELEITO POR QP;1;0;05/10/2026;10:14:11
60002536203;1;CE;7;DEPUTADO ESTADUAL;MOSES FILHO;UNIÃO;MASCULINO;BRANCA;SUPERIOR COMPLETO;ELEITO POR QP;1;0;05/10/2026;10:14:11
60002540717;1;CE;7;DEPUTADO ESTADUAL;GADYEL;PT;MASCULINO;BRANCA;ENSINO MÉDIO COMPLETO;ELEITO POR QP;1;0;05/10/2026;10:14:11
270002544650;1;TO;7;DEPUTADO ESTADUAL;RAUL CAYRES;MDB;MASCULINO;BRANCA;SUPERIOR COMPLETO;ELEITO POR QP;1;0;05/10/2026;10:14:11
60002536677;1;CE;7;DEPUTADO ESTADUAL;JEOVÁ MOTA;PSB;MASCULINO;PARDA;ENSINO MÉDIO COMPLETO;ELEITO POR QP;1;0;05/10/2026;10:14:11
270002548450;1;TO;7;DEPUTADO ESTADUAL;EDUARDO DO DERTINS;UNIÃO;MASCULINO;PARDA;SUPERIOR COMPLETO;ELEITO POR QP;1;0;05/10/2026;10:14:11
270002546680;1;TO;7;DEPUTADO ESTADUAL;CLAUDIA LELIS;PV;FEMININO;BRANCA;SUPERIOR INCOMPLETO;ELEITO POR QP;1;0;05/10/2026;10:14:11
60002532467;1;CE;7;DEPUTADO ESTADUAL;GEORGIA DO MARCELÃO;SOLIDARIEDADE;FEMININO;BRANCA;SUPERIOR COMPLETO;ELEITO POR MÉDIA;1;0;05/10/2026;10:14:11
270002550098;1;TO;7;DEPUTADO ESTADUAL;KATIA CHAVES;REPUBLICANOS;FEMININO;BRANCA;SUPERIOR COMPLETO;ELEITO POR QP;1;0;05/10/2026;10:14:11
60002536698;1;CE;6;DEPUTADO FEDERAL;DR. ACILON;PSB;MASCULINO;BRANCA;SUPERIOR COMPLETO;ELEITO POR MÉDIA;1;0;05/10/2026;10:14:11
60002536977;1;CE;6;DEPUTADO FEDERAL;CARMELO NETO;PL;MASCULINO;BRANCA;SUPERIOR INCOMPLETO;ELEITO POR QP;1;0;05/10/2026;10:14:11
10002536331;1;AC;7;DEPUTADO ESTADUAL;GENE DINIZ;REPUBLICANOS;MASCULINO;BRANCA;SUPERIOR COMPLETO;ELEITO POR QP;1;0;05/10/2026;10:14:11
110002540128;1;MT;6;DEPUTADO FEDERAL;CORONEL ROVERI;PODE;MASCULINO;PARDA;SUPERIOR COMPLETO;ELEITO POR QP;1;0;05/10/2026;10:14:11
110002550863;1;MT;6;DEPUTADO FEDERAL;FÁBIO GARCIA;UNIÃO;MASCULINO;BRANCA;SUPERIOR COMPLETO;ELEITO POR QP;1;0;05/10/2026;10:14:11
170002535184;1;PE;7;DEPUTADO ESTADUAL;GUSTAVO GOUVEIA;PODE;MASCULINO;BRANCA;SUPERIOR INCOMPLETO;ELEITO POR QP;1;0;05/10/2026;10:14:11
170002535174;1;PE;7;DEPUTADO ESTADUAL;WANDERSON FLORENCIO;PODE;MASCULINO;BRANCA;SUPERIOR COMPLETO;ELEITO POR QP;1;0;05/10/2026;10:14:11
200002535722;1;RN;6;DEPUTADO FEDERAL;BENES LEOCÁDIO;UNIÃO;MASCULINO;BRANCA;SUPERIOR COMPLETO;ELEITO POR QP;1;0;05/10/2026;10:14:11
200002535715;1;RN;6;DEPUTADO FEDERAL;JOÃO MAIA;PP;MASCULINO;BRANCA;SUPERIOR COMPLETO;ELEITO POR MÉDIA;1;0;05/10/2026;10:14:11
170002533353;1;PE;7;DEPUTADO ESTADUAL;VINI CASTELLO;PCDOB;MASCULINO;PRETA;SUPERIOR COMPLETO;ELEITO POR QP;1;0;05/10/2026;10:14:11
230002549251;1;RR;7;DEPUTADO ESTADUAL;TAYLA PERES;REPUBLICANOS;FEMININO;BRANCA;SUPERIOR COMPLETO;ELEITO POR QP;1;0;05/10/2026;10:14:11
230002549355;1;RR;7;DEPUTADO ESTADUAL;ANGELA ÁGUIDA PORTELLA;PP;FEMININO;BRANCA;SUPERIOR COMPLETO;ELEITO POR QP;1;0;05/10/2026;10:14:11
170002532386;1;PE;7;DEPUTADO ESTADUAL;JOBSON ALMEIDA;REPUBLICANOS;MASCULINO;BRANCA;SUPERIOR COMPLETO;ELEITO POR QP;1;0;05/10/2026;10:14:11
230002538064;1;RR;7;DEPUTADO ESTADUAL;TENENTE RONEY;AGIR;FEMININO;PARDA;SUPERIOR COMPLETO;ELEITO POR QP;1;0;05/10/2026;10:14:11
160002542291;1;PR;6;DEPUTADO FEDERAL;HENRIQUE MECABÔ;NOVO;MASCULINO;BRANCA;SUPERIOR COMPLETO;ELEITO POR QP;1;0;05/10/2026;10:14:11
270002548403;1;TO;6;DEPUTADO FEDERAL;PROFESSORA JANAD VALCARI;PP;FEMININO;PRETA;SUPERIOR COMPLETO;ELEITO POR QP;1;0;05/10/2026;10:14:11
200002534421;1;RN;7;DEPUTADO ESTADUAL;CAMILA ARAÚJO;PL;FEMININO;BRANCA;SUPERIOR COMPLETO;ELEITO POR MÉDIA;1;0;05/10/2026;10:14:11
200002533885;1;RN;7;DEPUTADO ESTADUAL;LUÍZ EDUARDO;PL;MASCULINO;BRANCA;SUPERIOR INCOMPLETO;ELEITO POR QP;1;0;05/10/2026;10:14:11
200002535725;1;RN;7;DEPUTADO ESTADUAL;NEILTON DIÓGENES;PP;MASCULINO;BRANCA;SUPERIOR COMPLETO;ELEITO POR QP;1;0;05/10/2026;10:14:11
260002547411;1;SE;6;DEPUTADO FEDERAL;GUSTINHO RIBEIRO;PP;MASCULINO;BRANCA;SUPERIOR COMPLETO;ELEITO POR MÉDIA;1;0;05/10/2026;10:14:11
90002542616;1;GO;6;DEPUTADO FEDERAL;FÁBIO SOUSA;PL;MASCULINO;BRANCA;SUPERIOR COMPLETO;ELEITO POR MÉDIA;1;0;05/10/2026;10:14:11
240002533833;1;SC;6;DEPUTADO FEDERAL;PROFESSOR PEDRO UCZAI;PT;MASCULINO;BRANCA;SUPERIOR COMPLETO;ELEITO POR QP;1;0;05/10/2026;10:14:11
90002539151;1;GO;6;DEPUTADO FEDERAL;RUBENS OTONI;PT;MASCULINO;BRANCA;SUPERIOR COMPLETO;ELEITO POR MÉDIA;1;0;05/10/2026;10:14:11
40002531445;1;AM;6;DEPUTADO FEDERAL;ADAIL FILHO;MDB;MASCULINO;PARDA;SUPERIOR COMPLETO;ELEITO POR QP;1;0;05/10/2026;10:14:11
40002531441;1;AM;6;DEPUTADO FEDERAL;SAULLO VIANNA;MDB;MASCULINO;BRANCA;SUPERIOR COMPLETO;ELEITO POR MÉDIA;1;0;05/10/2026;10:14:11
90002543566;1;GO;6;DEPUTADO FEDERAL;LUCAS CALIL;PRD;MASCULINO;BRANCA;SUPERIOR COMPLETO;ELEITO POR QP;1;0;05/10/2026;10:14:11
90002543470;1;GO;6;DEPUTADO FEDERAL;LUCAS DO VALE;PSD;MASCULINO;BRANCA;SUPERIOR COMPLETO;ELEITO POR QP;1;0;05/10/2026;10:14:11
260002547442;1;SE;6;DEPUTADO FEDERAL;JOAO DANIEL;PT;MASCULINO;BRANCA;ENSINO MÉDIO COMPLETO;ELEITO POR QP;1;0;05/10/2026;10:14:11
260002547412;1;SE;6;DEPUTADO FEDERAL;CAPITÃO SAMUEL;UNIÃO;MASCULINO;PARDA;SUPERIOR COMPLETO;ELEITO POR MÉDIA;1;0;05/10/2026;10:14:11
190002550500;1;RJ;6;DEPUTADO FEDERAL;TALITA GALHARDO;PSDB;FEMININO;BRANCA;SUPERIOR COMPLETO;ELEITO POR MÉDIA;1;0;05/10/2026;10:14:11
50002535537;1;BA;7;DEPUTADO ESTADUAL;TANCREDO ISIDÓRIO;AVANTE;MASCULINO;PRETA;SUPERIOR INCOMPLETO;ELEITO POR QP;1;0;05/10/2026;10:14:11
250002533740;1;SP;7;DEPUTADO ESTADUAL;DANILO JOAN;PP;MASCULINO;BRANCA;SUPERIOR COMPLETO;ELEITO POR QP;1;0;05/10/2026;10:14:11
130002542019;1;MG;6;DEPUTADO FEDERAL;GREYCE ELIAS;PL;FEMININO;BRANCA;SUPERIOR COMPLETO;ELEITO POR QP;1;0;05/10/2026;10:14:11
130002542027;1;MG;6;DEPUTADO FEDERAL;ROSANGELA REIS;PL;FEMININO;BRANCA;SUPERIOR COMPLETO;ELEITO POR QP;1;0;05/10/2026;10:14:11
50002538687;1;BA;7;DEPUTADO ESTADUAL;VILMA REIS;PT;FEMININO;PRETA;SUPERIOR COMPLETO;ELEITO POR QP;1;0;05/10/2026;10:14:11
50002538674;1;BA;7;DEPUTADO ESTADUAL;ZÉ RAIMUNDO;PT;MASCULINO;PARDA;SUPERIOR COMPLETO;ELEITO POR QP;1;0;05/10/2026;10:14:11
130002542021;1;MG;6;DEPUTADO FEDERAL;VINICIUS DINIZ;PL;MASCULINO;PARDA;ENSINO MÉDIO COMPLETO;ELEITO POR QP;1;0;05/10/2026;10:14:11
50002537846;1;BA;7;DEPUTADO ESTADUAL;OSNI;PT;MASCULINO;PARDA;SUPERIOR COMPLETO;ELEITO POR QP;1;0;05/10/2026;10:14:11
250002533809;1;SP;7;DEPUTADO ESTADUAL;DOUGLAS GARCIA;UNIÃO;MASCULINO;PRETA;ENSINO MÉDIO COMPLETO;ELEITO POR QP;1;0;05/10/2026;10:14:11
50002532530;1;BA;7;DEPUTADO ESTADUAL;ANGELO CORONEL FILHO;REPUBLICANOS;MASCULINO;PARDA;SUPERIOR COMPLETO;ELEITO POR QP;1;0;05/10/2026;10:14:11
250002536814;1;SP;7;DEPUTADO ESTADUAL;THAINARA FARIA;PT;FEMININO;PRETA;SUPERIOR INCOMPLETO;ELEITO POR QP;1;0;05/10/2026;10:14:11
190002543091;1;RJ;6;DEPUTADO FEDERAL;NÍSIA TRINDADE;PT;FEMININO;BRANCA;SUPERIOR COMPLETO;ELEITO POR MÉDIA;1;0;05/10/2026;10:14:11
130002535319;1;MG;6;DEPUTADO FEDERAL;LOHANNA;PV;FEMININO;BRANCA;SUPERIOR COMPLETO;ELEITO POR QP;1;0;05/10/2026;10:14:11
190002543092;1;RJ;6;DEPUTADO FEDERAL;FREIXO;PT;MASCULINO;BRANCA;SUPERIOR COMPLETO;ELEITO POR QP;1;0;05/10/2026;10:14:11
50002535032;1;BA;7;DEPUTADO ESTADUAL;PENALVA;PP;MASCULINO;BRANCA;SUPERIOR COMPLETO;ELEITO POR QP;1;0;05/10/2026;10:14:11
190002543065;1;RJ;6;DEPUTADO FEDERAL;FABIANO HORTA;PT;MASCULINO;BRANCA;SUPERIOR COMPLETO;ELEITO POR QP;1;0;05/10/2026;10:14:11
130002539715;1;MG;6;DEPUTADO FEDERAL;ANDRÉ JANONES;REDE;MASCULINO;BRANCA;SUPERIOR COMPLETO;ELEITO POR QP;1;0;05/10/2026;10:14:11
190002543096;1;RJ;6;DEPUTADO FEDERAL;JANDIRA FEGHALI;PCDOB;FEMININO;BRANCA;SUPERIOR COMPLETO;ELEITO POR QP;1;0;05/10/2026;10:14:11
130002537223;1;MG;6;DEPUTADO FEDERAL;GILBERTO ABRAMO;REPUBLICANOS;MASCULINO;BRANCA;SUPERIOR COMPLETO;ELEITO POR MÉDIA;1;0;05/10/2026;10:14:11
50002535085;1;BA;7;DEPUTADO ESTADUAL;SOLDADO PRISCO;PL;MASCULINO;BRANCA;ENSINO MÉDIO COMPLETO;ELEITO POR MÉDIA;1;0;05/10/2026;10:14:11
50002535104;1;BA;7;DEPUTADO ESTADUAL;IGOR;PL;MASCULINO;BRANCA;SUPERIOR COMPLETO;ELEITO POR QP;1;0;05/10/2026;10:14:11
50002535081;1;BA;7;DEPUTADO ESTADUAL;CINTHYA MARABÁ;PL;FEMININO;BRANCA;SUPERIOR COMPLETO;ELEITO POR QP;1;0;05/10/2026;10:14:11
120002547068;1;MS;7;DEPUTADO ESTADUAL;PROFESSORA GLEICE JANE;PT;FEMININO;PARDA;SUPERIOR COMPLETO;ELEITO POR QP;1;0;05/10/2026;10:14:11
180002536214;1;PI;7;DEPUTADO ESTADUAL;HENRIQUE PIRES;MDB;MASCULINO;BRANCA;SUPERIOR COMPLETO;ELEITO POR QP;1;0;05/10/2026;10:14:11
180002533553;1;PI;7;DEPUTADO ESTADUAL;NERINHO;PT;MASCULINO;BRANCA;ENSINO MÉDIO COMPLETO;ELEITO POR QP;1;0;05/10/2026;10:14:11
220002536041;1;RO;6;DEPUTADO FEDERAL;DR. JAIME GAZOLA;PODE;MASCULINO;BRANCA;SUPERIOR COMPLETO;ELEITO POR MÉDIA;1;0;05/10/2026;10:14:11
250002545145;1;SP;7;DEPUTADO ESTADUAL;DR. EDSON DA PAIOL;PODE;MASCULINO;BRANCA;SUPERIOR COMPLETO;ELEITO POR QP;1;0;05/10/2026;10:14:11
120002537512;1;MS;7;DEPUTADO ESTADUAL;RENATO CÂMARA;REPUBLICANOS;MASCULINO;BRANCA;SUPERIOR COMPLETO;ELEITO POR QP;1;0;05/10/2026;10:14:11
250002534242;1;SP;7;DEPUTADO ESTADUAL;CARUSO;MDB;MASCULINO;BRANCA;SUPERIOR COMPLETO;ELEITO POR MÉDIA;1;0;05/10/2026;10:14:11
250002534269;1;SP;7;DEPUTADO ESTADUAL;REINALDO ALGUZ;MDB;MASCULINO;BRANCA;SUPERIOR COMPLETO;ELEITO POR QP;1;0;05/10/2026;10:14:11
90002544878;1;GO;7;DEPUTADO ESTADUAL;JOSÉ MACHADO;PSDB;MASCULINO;BRANCA;SUPERIOR COMPLETO;ELEITO POR QP;1;0;05/10/2026;10:14:11
90002543128;1;GO;7;DEPUTADO ESTADUAL;LUCAS KITÃO;MOBILIZA;MASCULINO;BRANCA;SUPERIOR COMPLETO;ELEITO POR QP;1;0;05/10/2026;10:14:11
70002542507;1;DF;8;DEPUTADO DISTRITAL;DAYSE AMARILIO;PSB;FEMININO;BRANCA;SUPERIOR COMPLETO;ELEITO POR MÉDIA;1;0;05/10/2026;10:14:11
240002540080;1;SC;7;DEPUTADO ESTADUAL;JEAN VOLPATO;PT;MASCULINO;BRANCA;SUPERIOR COMPLETO;ELEITO POR QP;1;0;05/10/2026;10:14:11
250002541861;1;SP;7;DEPUTADO ESTADUAL;DANILO CAMPETTI;REPUBLICANOS;MASCULINO;BRANCA;SUPERIOR COMPLETO;ELEITO POR QP;1;0;05/10/2026;10:14:11
240002543409;1;SC;7;DEPUTADO ESTADUAL;SÉRGIO GUIMARÃES;UNIÃO;MASCULINO;BRANCA;SUPERIOR COMPLETO;ELEITO POR QP;1;0;05/10/2026;10:14:11
240002543410;1;SC;7;DEPUTADO ESTADUAL;ALTAIR SILVA;PP;MASCULINO;BRANCA;SUPERIOR COMPLETO;ELEITO POR QP;1;0;05/10/2026;10:14:11
90002546220;1;GO;7;DEPUTADO ESTADUAL;PAULO CEZAR MARTINS;MDB;MASCULINO;BRANCA;SUPERIOR INCOMPLETO;ELEITO POR MÉDIA;1;0;05/10/2026;10:14:11
240002539988;1;SC;7;DEPUTADO ESTADUAL;OSCAR GUTZ;PL;MASCULINO;BRANCA;ENSINO FUNDAMENTAL INCOMPLETO;ELEITO POR QP;1;0;05/10/2026;10:14:11
240002539973;1;SC;7;DEPUTADO ESTADUAL;BRUNO SOUZA;PL;MASCULINO;BRANCA;SUPERIOR COMPLETO;ELEITO POR QP;1;0;05/10/2026;10:14:11
240002539990;1;SC;7;DEPUTADO ESTADUAL;DELEGADO ULISSES GABRIEL;PL;MASCULINO;BRANCA;SUPERIOR COMPLETO;ELEITO POR QP;1;0;05/10/2026;10:14:11
240002539970;1;SC;7;DEPUTADO ESTADUAL;MASSOCCO;PL;MASCULINO;BRANCA;ENSINO MÉDIO INCOMPLETO;ELEITO POR QP;1;0;05/10/2026;10:14:11
240002539983;1;SC;7;DEPUTADO ESTADUAL;CAMILO MARTINS;PL;MASCULINO;BRANCA;SUPERIOR COMPLETO;ELEITO POR QP;1;0;05/10/2026;10:14:11
90002549161;1;GO;7;DEPUTADO ESTADUAL;ANDERSON TEODORO;PRD;MASCULINO;PARDA;SUPERIOR INCOMPLETO;ELEITO POR QP;1;0;05/10/2026;10:14:11
90002543783;1;GO;7;DEPUTADO ESTADUAL;EDUARDO PRADO;PL;MASCULINO;BRANCA;SUPERIOR COMPLETO;ELEITO POR QP;1;0;05/10/2026;10:14:11
10002532489;1;AC;6;DEPUTADO FEDERAL;ROBERTO DUARTE;REPUBLICANOS;MASCULINO;PARDA;SUPERIOR COMPLETO;ELEITO POR QP;1;0;05/10/2026;10:14:11
250002540880;1;SP;7;DEPUTADO ESTADUAL;ROGERIO NOGUEIRA;PSD;MASCULINO;BRANCA;ENSINO MÉDIO COMPLETO;ELEITO POR QP;1;0;05/10/2026;10:14:11
10002532422;1;AC;6;DEPUTADO FEDERAL;PEDRO LONGO;MDB;MASCULINO;BRANCA;SUPERIOR COMPLETO;ELEITO POR QP;1;0;05/10/2026;10:14:11
250002540878;1;SP;7;DEPUTADO ESTADUAL;MARTA COSTA;PSD;FEMININO;BRANCA;SUPERIOR COMPLETO;ELEITO POR QP;1;0;05/10/2026;10:14:11
250002536375;1;SP;7;DEPUTADO ESTADUAL;ISAAC ANTUNES;PL;MASCULINO;BRANCA;SUPERIOR COMPLETO;ELEITO POR QP;1;0;05/10/2026;10:14:11
250002536380;1;SP;7;DEPUTADO ESTADUAL;FABIANA BOLSONARO;PL;FEMININO;BRANCA;SUPERIOR COMPLETO;ELEITO POR MÉDIA;1;0;05/10/2026;10:14:11
140002540454;1;PA;6;DEPUTADO FEDERAL;RENILCE NICODEMOS;MDB;FEMININO;BRANCA;SUPERIOR COMPLETO;ELEITO POR QP;1;0;05/10/2026;10:14:11
140002540452;1;PA;6;DEPUTADO FEDERAL;PRIANTE;MDB;MASCULINO;BRANCA;SUPERIOR COMPLETO;ELEITO POR QP;1;0;05/10/2026;10:14:11
130002535362;1;MG;7;DEPUTADO ESTADUAL;LUIZINHO;PT;MASCULINO;BRANCA;SUPERIOR INCOMPLETO;ELEITO POR QP;1;0;05/10/2026;10:14:11
140002540476;1;PA;6;DEPUTADO FEDERAL;LU OGAWA;PP;MASCULINO;PARDA;SUPERIOR COMPLETO;ELEITO POR QP;1;0;05/10/2026;10:14:11
250002539299;1;SP;7;DEPUTADO ESTADUAL;MARINA BRAGANTE;PSB;FEMININO;BRANCA;SUPERIOR COMPLETO;ELEITO POR MÉDIA;1;0;05/10/2026;10:14:11
210002534671;1;RS;6;DEPUTADO FEDERAL;MARCELO MORAES;PL;MASCULINO;BRANCA;ENSINO MÉDIO COMPLETO;ELEITO POR QP;1;0;05/10/2026;10:14:11
210002534654;1;RS;6;DEPUTADO FEDERAL;MAURÍCIO MARCON;PL;MASCULINO;BRANCA;SUPERIOR COMPLETO;ELEITO POR QP;1;0;05/10/2026;10:14:11
140002548362;1;PA;6;DEPUTADO FEDERAL;AIRTON FALEIRO;PT;MASCULINO;BRANCA;ENSINO FUNDAMENTAL COMPLETO;ELEITO POR MÉDIA;1;0;05/10/2026;10:14:11
120002536281;1;MS;6;DEPUTADO FEDERAL;RODOLFO NOGUEIRA;PL;MASCULINO;BRANCA;SUPERIOR COMPLETO;ELEITO POR MÉDIA;1;0;05/10/2026;10:14:11
130002542071;1;MG;7;DEPUTADO ESTADUAL;CHIARA BIONDINI;PL;FEMININO;BRANCA;SUPERIOR INCOMPLETO;ELEITO POR QP;1;0;05/10/2026;10:14:11
150002538453;1;PB;6;DEPUTADO FEDERAL;GEORGE MORAIS;PL;MASCULINO;BRANCA;SUPERIOR COMPLETO;ELEITO POR MÉDIA;1;0;05/10/2026;10:14:11
110002541772;1;MT;7;DEPUTADO ESTADUAL;CARLOS AVALLONE;PSDB;MASCULINO;BRANCA;SUPERIOR COMPLETO;ELEITO POR QP;1;0;05/10/2026;10:14:11
110002542640;1;MT;7;DEPUTADO ESTADUAL;MAX RUSSI;PODE;MASCULINO;BRANCA;ENSINO MÉDIO COMPLETO;ELEITO POR QP;1;0;05/10/2026;10:14:11
150002544203;1;PB;6;DEPUTADO FEDERAL;MURILO GALDINO;REPUBLICANOS;MASCULINO;BRANCA;SUPERIOR COMPLETO;ELEITO POR QP;1;0;05/10/2026;10:14:11
110002542642;1;MT;7;DEPUTADO ESTADUAL;ALESSANDRA FERREIRA;PODE;FEMININO;BRANCA;SUPERIOR COMPLETO;ELEITO POR QP;1;0;05/10/2026;10:14:11
100002548246;1;MA;6;DEPUTADO FEDERAL;JUSCELINO FILHO;PSDB;MASCULINO;PARDA;SUPERIOR COMPLETO;ELEITO POR MÉDIA;1;0;05/10/2026;10:14:11
100002535230;1;MA;6;DEPUTADO FEDERAL;ALUISIO MENDES;REPUBLICANOS;MASCULINO;BRANCA;SUPERIOR COMPLETO;ELEITO POR MÉDIA;1;0;05/10/2026;10:14:11
130002533229;1;MG;7;DEPUTADO ESTADUAL;JUCA BAHIA;PRD;MASCULINO;BRANCA;SUPERIOR COMPLETO;ELEITO POR QP;1;0;05/10/2026;10:14:11
110002550704;1;MT;7;DEPUTADO ESTADUAL;ENG. SEBASTIÃO MACHADO REZENDE;UNIÃO;MASCULINO;BRANCA;SUPERIOR COMPLETO;ELEITO POR MÉDIA;1;0;05/10/2026;10:14:11
100002546927;1;MA;6;DEPUTADO FEDERAL;MÁRCIO JERRY;PCDOB;MASCULINO;PARDA;SUPERIOR COMPLETO;ELEITO POR MÉDIA;1;0;05/10/2026;10:14:11
100002537259;1;MA;6;DEPUTADO FEDERAL;MARIANA CARVALHO;PL;FEMININO;PARDA;SUPERIOR COMPLETO;ELEITO POR QP;1;0;05/10/2026;10:14:11
210002534036;1;RS;7;DEPUTADO ESTADUAL;ADÃO PRETTO;PT;MASCULINO;BRANCA;SUPERIOR COMPLETO;ELEITO POR QP;1;0;05/10/2026;10:14:11
40002542965;1;AM;7;DEPUTADO ESTADUAL;DELEGADO PÉRICLES;PL;MASCULINO;PARDA;SUPERIOR COMPLETO;ELEITO POR QP;1;0;05/10/2026;10:14:11
40002542968;1;AM;7;DEPUTADO ESTADUAL;CABO MACIEL;PL;MASCULINO;PARDA;ENSINO MÉDIO COMPLETO;ELEITO POR QP;1;0;05/10/2026;10:14:11
210002534017;1;RS;7;DEPUTADO ESTADUAL;ZÉ NUNES;PT;MASCULINO;BRANCA;SUPERIOR COMPLETO;ELEITO POR QP;1;0;05/10/2026;10:14:11
40002541594;1;AM;7;DEPUTADO ESTADUAL;ERALDO CB;PODE;MASCULINO;PARDA;ENSINO MÉDIO COMPLETO;ELEITO POR MÉDIA;1;0;05/10/2026;10:14:11
40002541593;1;AM;7;DEPUTADO ESTADUAL;FELIPE SOUZA;PODE;MASCULINO;PARDA;SUPERIOR COMPLETO;ELEITO POR QP;1;0;05/10/2026;10:14:11
210002539092;1;RS;7;DEPUTADO ESTADUAL;SERGIO PERES;REPUBLICANOS;MASCULINO;BRANCA;ENSINO MÉDIO COMPLETO;ELEITO POR QP;1;0;05/10/2026;10:14:11
210002539057;1;RS;7;DEPUTADO ESTADUAL;DELEGADO ZUCCO;REPUBLICANOS;MASCULINO;BRANCA;SUPERIOR COMPLETO;ELEITO POR QP;1;0;05/10/2026;10:14:11
190002538863;1;RJ;7;DEPUTADO ESTADUAL;GIOVANI RATINHO;MDB;MASCULINO;BRANCA;ENSINO MÉDIO COMPLETO;ELEITO POR QP;1;0;05/10/2026;10:14:11
210002535671;1;RS;7;DEPUTADO ESTADUAL;PROFESSOR CLÁUDIO BRANCHIERI;PL;MASCULINO;BRANCA;SUPERIOR COMPLETO;ELEITO POR QP;1;0;05/10/2026;10:14:11
210002535710;1;RS;7;DEPUTADO ESTADUAL;ADRI CHERINI;PL;FEMININO;BRANCA;SUPERIOR COMPLETO;ELEITO POR QP;1;0;05/10/2026;10:14:11
210002535691;1;RS;7;DEPUTADO ESTADUAL;ALI KLEMT;PL;FEMININO;BRANCA;SUPERIOR COMPLETO;ELEITO POR MÉDIA;1;0;05/10/2026;10:14:11
210002535683;1;RS;7;DEPUTADO ESTADUAL;JUNIOR FOX;PL;MASCULINO;BRANCA;ENSINO MÉDIO COMPLETO;ELEITO POR QP;1;0;05/10/2026;10:14:11
210002534334;1;RS;7;DEPUTADO ESTADUAL;BRUNA MOLZ;PODE;FEMININO;BRANCA;SUPERIOR COMPLETO;ELEITO POR QP;1;0;05/10/2026;10:14:11
190002543298;1;RJ;7;DEPUTADO ESTADUAL;MARINA DO MST;PT;FEMININO;PARDA;SUPERIOR COMPLETO;ELEITO POR QP;1;0;05/10/2026;10:14:11
100002540265;1;MA;7;DEPUTADO ESTADUAL;RUI JORGE;MDB;MASCULINO;BRANCA;SUPERIOR COMPLETO;ELEITO POR QP;1;0;05/10/2026;10:14:11
100002540268;1;MA;7;DEPUTADO ESTADUAL;NAGIB;MDB;MASCULINO;BRANCA;SUPERIOR COMPLETO;ELEITO POR QP;1;0;05/10/2026;10:14:11
190002543585;1;RJ;7;DEPUTADO ESTADUAL;RAONE FERREIRA;PT;MASCULINO;BRANCA;SUPERIOR COMPLETO;ELEITO POR MÉDIA;1;0;05/10/2026;10:14:11
210002548192;1;RS;7;DEPUTADO ESTADUAL;RAFAEL BRAGA;MDB;MASCULINO;BRANCA;SUPERIOR COMPLETO;ELEITO POR QP;1;0;05/10/2026;10:14:11
190002543310;1;RJ;7;DEPUTADO ESTADUAL;ALLYSON ELIAS;PT;MASCULINO;PRETA;SUPERIOR INCOMPLETO;ELEITO POR QP;1;0;05/10/2026;10:14:11
210002548193;1;RS;7;DEPUTADO ESTADUAL;BETO FANTINEL;MDB;MASCULINO;BRANCA;SUPERIOR COMPLETO;ELEITO POR QP;1;0;05/10/2026;10:14:11
210002548202;1;RS;7;DEPUTADO ESTADUAL;ROBERTO LUCCHESE;MDB;MASCULINO;BRANCA;SUPERIOR INCOMPLETO;ELEITO POR QP;1;0;05/10/2026;10:14:11
210002537886;1;RS;7;DEPUTADO ESTADUAL;DIRCEU FRANCISCON;UNIÃO;MASCULINO;BRANCA;SUPERIOR COMPLETO;ELEITO POR QP;1;0;05/10/2026;10:14:11
140002541729;1;PA;7;DEPUTADO ESTADUAL;CHAMONZINHO;MDB;MASCULINO;PARDA;SUPERIOR COMPLETO;ELEITO POR QP;1;0;05/10/2026;10:14:11
140002541711;1;PA;7;DEPUTADO ESTADUAL;ANA CUNHA;MDB;FEMININO;BRANCA;SUPERIOR COMPLETO;ELEITO POR QP;1;0;05/10/2026;10:14:11
190002533710;1;RJ;7;DEPUTADO ESTADUAL;MARCELO DINO;PL;MASCULINO;PARDA;SUPERIOR INCOMPLETO;ELEITO POR QP;1;0;05/10/2026;10:14:11
140002544268;1;PA;7;DEPUTADO ESTADUAL;ALEXANDRE GOMES;PODE;MASCULINO;PARDA;SUPERIOR COMPLETO;ELEITO POR QP;1;0;05/10/2026;10:14:11
100002535658;1;MA;7;DEPUTADO ESTADUAL;CID COSTA;PDT;MASCULINO;PARDA;SUPERIOR COMPLETO;ELEITO POR MÉDIA;1;0;05/10/2026;10:14:11
50002532502;1;BA;6;DEPUTADO FEDERAL;DIEGO CORONEL;REPUBLICANOS;MASCULINO;BRANCA;SUPERIOR COMPLETO;ELEITO POR QP;1;0;05/10/2026;10:14:11
190002537737;1;RJ;7;DEPUTADO ESTADUAL;VANTOIL MARTINS;PSB;MASCULINO;PARDA;SUPERIOR COMPLETO;ELEITO POR QP;1;0;05/10/2026;10:14:11
140002549262;1;PA;7;DEPUTADO ESTADUAL;LANUZIA CUNHA;PL;FEMININO;PARDA;SUPERIOR COMPLETO;ELEITO POR QP;1;0;05/10/2026;10:14:11
50002532899;1;BA;6;DEPUTADO FEDERAL;JOÃO BACELAR;PL;MASCULINO;BRANCA;SUPERIOR COMPLETO;ELEITO POR QP;1;0;05/10/2026;10:14:11
180002532472;1;PI;6;DEPUTADO FEDERAL;FLÁVIO NOGUEIRA;PT;MASCULINO;BRANCA;SUPERIOR COMPLETO;ELEITO POR MÉDIA;1;0;05/10/2026;10:14:11
50002535000;1;BA;6;DEPUTADO FEDERAL;PAULO AZI;UNIÃO;MASCULINO;BRANCA;SUPERIOR COMPLETO;ELEITO POR QP;1;0;05/10/2026;10:14:11
50002538770;1;BA;6;DEPUTADO FEDERAL;AFONSO FLORENCE;PT;MASCULINO;BRANCA;SUPERIOR COMPLETO;ELEITO POR QP;1;0;05/10/2026;10:14:11
260002540207;1;SE;7;DEPUTADO ESTADUAL;ZEZINHO SOBRAL;PSB;MASCULINO;BRANCA;SUPERIOR COMPLETO;ELEITO POR QP;1;0;05/10/2026;10:14:11
250002530167;1;SP;6;DEPUTADO FEDERAL;ADRIANA VENTURA;NOVO;FEMININO;BRANCA;SUPERIOR COMPLETO;ELEITO POR MÉDIA;1;0;05/10/2026;10:14:11
250002530115;1;SP;6;DEPUTADO FEDERAL;MARINA HELENA;NOVO;FEMININO;BRANCA;SUPERIOR COMPLETO;ELEITO POR QP;1;0;05/10/2026;10:14:11
260002547487;1;SE;7;DEPUTADO ESTADUAL;LUCIANO BISPO;PSD;MASCULINO;BRANCA;SUPERIOR COMPLETO;ELEITO POR QP;1;0;05/10/2026;10:14:11
20002548105;1;AL;7;DEPUTADO ESTADUAL;GUILHERME LOPES;MDB;MASCULINO;BRANCA;SUPERIOR COMPLETO;ELEITO POR MÉDIA;1;0;05/10/2026;10:14:11
20002548107;1;AL;7;DEPUTADO ESTADUAL;PAULINHO MENDONÇA;MDB;MASCULINO;BRANCA;SUPERIOR COMPLETO;ELEITO POR QP;1;0;05/10/2026;10:14:11
20002548089;1;AL;7;DEPUTADO ESTADUAL;CIBELE MOURA;MDB;FEMININO;BRANCA;SUPERIOR COMPLETO;ELEITO POR QP;1;0;05/10/2026;10:14:11
150002541190;1;PB;7;DEPUTADO ESTADUAL;SARGENTO NETO;PL;MASCULINO;BRANCA;SUPERIOR COMPLETO;ELEITO POR QP;1;0;05/10/2026;10:14:11
250002536736;1;SP;6;DEPUTADO FEDERAL;ALENCAR SANTANA;PT;MASCULINO;BRANCA;SUPERIOR COMPLETO;ELEITO POR QP;1;0;05/10/2026;10:14:11
150002544180;1;PB;7;DEPUTADO ESTADUAL;ADRIANO GALDINO;REPUBLICANOS;MASCULINO;BRANCA;SUPERIOR COMPLETO;ELEITO POR QP;1;0;05/10/2026;10:14:11
80002549430;1;ES;7;DEPUTADO ESTADUAL;CAPITAO ASSUMÇAO;PL;MASCULINO;INDÍGENA;SUPERIOR COMPLETO;ELEITO POR QP;1;0;05/10/2026;10:14:11
250002536757;1;SP;6;DEPUTADO FEDERAL;JILMAR TATTO;PT;MASCULINO;BRANCA;SUPERIOR COMPLETO;ELEITO POR QP;1;0;05/10/2026;10:14:11
250002536743;1;SP;6;DEPUTADO FEDERAL;EDINHO SILVA;PT;MASCULINO;BRANCA;SUPERIOR COMPLETO;ELEITO POR QP;1;0;05/10/2026;10:14:11
250002536719;1;SP;6;DEPUTADO FEDERAL;ARLINDO CHINAGLIA;PT;MASCULINO;BRANCA;SUPERIOR COMPLETO;ELEITO POR QP;1;0;05/10/2026;10:14:11
80002549451;1;ES;7;DEPUTADO ESTADUAL;RAQUEL LESSA;PP;FEMININO;BRANCA;SUPERIOR COMPLETO;ELEITO POR QP;1;0;05/10/2026;10:14:11
80002549442;1;ES;7;DEPUTADO ESTADUAL;DR. FERNANDO SANTORIO;PP;MASCULINO;BRANCA;SUPERIOR COMPLETO;ELEITO POR QP;1;0;05/10/2026;10:14:11
250002539399;1;SP;6;DEPUTADO FEDERAL;JONAS DONIZETTE;PSB;MASCULINO;BRANCA;SUPERIOR INCOMPLETO;ELEITO POR QP;1;0;05/10/2026;10:14:11
150002544147;1;PB;7;DEPUTADO ESTADUAL;JÔ OLIVEIRA;PCDOB;FEMININO;PRETA;SUPERIOR COMPLETO;ELEITO POR QP;1;0;05/10/2026;10:14:11
150002544145;1;PB;7;DEPUTADO ESTADUAL;CIDA RAMOS;PT;FEMININO;PRETA;SUPERIOR COMPLETO;ELEITO POR QP;1;0;05/10/2026;10:14:11
80002549987;1;ES;7;DEPUTADO ESTADUAL;DAVI ESMAEL;REPUBLICANOS;MASCULINO;PARDA;SUPERIOR COMPLETO;ELEITO POR QP;1;0;05/10/2026;10:14:11
250002533664;1;SP;6;DEPUTADO FEDERAL;SIDNEY CRUZ;MDB;MASCULINO;PARDA;SUPERIOR COMPLETO;ELEITO POR QP;1;0;05/10/2026;10:14:11
250002537979;1;SP;6;DEPUTADO FEDERAL;GUILHERME PIAI;REPUBLICANOS;MASCULINO;BRANCA;SUPERIOR COMPLETO;ELEITO POR QP;1;0;05/10/2026;10:14:11
80002549097;1;ES;7;DEPUTADO ESTADUAL;VANDINHO LEITE;MDB;MASCULINO;PARDA;SUPERIOR COMPLETO;ELEITO POR QP;1;0;05/10/2026;10:14:11
80002549101;1;ES;7;DEPUTADO ESTADUAL;JEESALA COUTINHO;MDB;FEMININO;PARDA;SUPERIOR COMPLETO;ELEITO POR QP;1;0;05/10/2026;10:14:11
160002542382;1;PR;7;DEPUTADO ESTADUAL;BRUNO SECCO;NOVO;MASCULINO;BRANCA;SUPERIOR COMPLETO;ELEITO POR QP;1;0;05/10/2026;10:14:11
250002539713;1;SP;6;DEPUTADO FEDERAL;IGOR SOARES;PSD;MASCULINO;BRANCA;SUPERIOR COMPLETO;ELEITO POR QP;1;0;05/10/2026;10:14:11
170002534906;1;PE;6;DEPUTADO FEDERAL;RICARDO TEOBALDO;PODE;MASCULINO;BRANCA;ENSINO MÉDIO COMPLETO;ELEITO POR MÉDIA;1;0;05/10/2026;10:14:11
160002542277;1;PR;7;DEPUTADO ESTADUAL;THIAGO FOLTRAN;PT;MASCULINO;BRANCA;SUPERIOR INCOMPLETO;ELEITO POR QP;1;0;05/10/2026;10:14:11
160002533479;1;PR;7;DEPUTADO ESTADUAL;ALISSON WANDSCHEER;PP;MASCULINO;BRANCA;SUPERIOR COMPLETO;ELEITO POR QP;1;0;05/10/2026;10:14:11
160002533460;1;PR;7;DEPUTADO ESTADUAL;MABEL CANTO;PP;FEMININO;BRANCA;SUPERIOR COMPLETO;ELEITO POR QP;1;0;05/10/2026;10:14:11
170002532954;1;PE;6;DEPUTADO FEDERAL;SILVIO COSTA FILHO;REPUBLICANOS;MASCULINO;BRANCA;SUPERIOR COMPLETO;ELEITO POR QP;1;0;05/10/2026;10:14:11
250002544357;1;SP;6;DEPUTADO FEDERAL;DELEGADO PALUMBO;PODE;MASCULINO;BRANCA;SUPERIOR COMPLETO;ELEITO POR QP;1;0;05/10/2026;10:14:11
160002547597;1;PR;7;DEPUTADO ESTADUAL;FLÁVIA FRANCISCHINI;PL;FEMININO;BRANCA;SUPERIOR COMPLETO;ELEITO POR QP;1;0;05/10/2026;10:14:11
160002547632;1;PR;7;DEPUTADO ESTADUAL;PAULO MELO;PL;MASCULINO;BRANCA;SUPERIOR COMPLETO;ELEITO POR QP;1;0;05/10/2026;10:14:11
250002532378;1;SP;6;DEPUTADO FEDERAL;MILTON LEITE FILHO;UNIÃO;MASCULINO;PARDA;SUPERIOR COMPLETO;ELEITO POR QP;1;0;05/10/2026;10:14:11
160002546808;1;PR;7;DEPUTADO ESTADUAL;ROMANELLI;PSD;MASCULINO;BRANCA;SUPERIOR COMPLETO;ELEITO POR QP;1;0;05/10/2026;10:14:11
160002546846;1;PR;7;DEPUTADO ESTADUAL;HUSSEIN BAKRI;PSD;MASCULINO;BRANCA;SUPERIOR COMPLETO;ELEITO POR QP;1;0;05/10/2026;10:14:11
160002546822;1;PR;7;DEPUTADO ESTADUAL;SOLDADO ADRIANO JOSÉ;PSD;MASCULINO;PARDA;SUPERIOR COMPLETO;ELEITO POR QP;1;0;05/10/2026;10:14:11
160002546842;1;PR;7;DEPUTADO ESTADUAL;ADÃO LITRO;PSD;MASCULINO;PARDA;SUPERIOR COMPLETO;ELEITO POR QP;1;0;05/10/2026;10:14:11
30002539110;1;AP;7;DEPUTADO ESTADUAL;APARECIDA SALOMÃO;UNIÃO;FEMININO;PARDA;SUPERIOR COMPLETO;ELEITO POR MÉDIA;1;0;05/10/2026;10:14:11
250002535991;1;SP;6;DEPUTADO FEDERAL;DELEGADO PAULO BILYNSKYJ;PL;MASCULINO;BRANCA;SUPERIOR COMPLETO;ELEITO POR QP;1;0;05/10/2026;10:14:11
230002534800;1;RR;6;DEPUTADO FEDERAL;DANIEL TRINDADE;PL;MASCULINO;BRANCA;SUPERIOR COMPLETO;ELEITO POR QP;1;0;05/10/2026;10:14:11
250002535965;1;SP;6;DEPUTADO FEDERAL;DRA. SANDRA TADEU;PL;FEMININO;BRANCA;SUPERIOR COMPLETO;ELEITO POR QP;1;0;05/10/2026;10:14:11
250002535955;1;SP;6;DEPUTADO FEDERAL;JEFFERSON CAMPOS;PL;MASCULINO;BRANCA;SUPERIOR COMPLETO;ELEITO POR QP;1;0;05/10/2026;10:14:11
230002538187;1;RR;6;DEPUTADO FEDERAL;DUDA RAMOS;PODE;MASCULINO;BRANCA;ENSINO MÉDIO COMPLETO;ELEITO POR MÉDIA;1;0;05/10/2026;10:14:11
30002532038;1;AP;7;DEPUTADO ESTADUAL;R NELSON;PODE;MASCULINO;PARDA;SUPERIOR COMPLETO;ELEITO POR QP;1;0;05/10/2026;10:14:11
220002537596;1;RO;7;DEPUTADO ESTADUAL;LAÉRCIO TORRES;AVANTE;MASCULINO;BRANCA;SUPERIOR INCOMPLETO;ELEITO POR QP;1;0;05/10/2026;10:14:11
30002549884;1;AP;7;DEPUTADO ESTADUAL;HILDEGARD GURGEL;REPUBLICANOS;MASCULINO;PARDA;SUPERIOR COMPLETO;ELEITO POR QP;1;0;05/10/2026;10:14:11
80002549477;1;ES;6;DEPUTADO FEDERAL;JOÃO COSER;PT;MASCULINO;BRANCA;SUPERIOR COMPLETO;ELEITO POR MÉDIA;1;0;05/10/2026;10:14:11
80002542410;1;ES;6;DEPUTADO FEDERAL;DR. BRUNO RESENDE;UNIÃO;MASCULINO;BRANCA;SUPERIOR COMPLETO;ELEITO POR QP;1;0;05/10/2026;10:14:11
80002542409;1;ES;6;DEPUTADO FEDERAL;DA VITÓRIA;PP;MASCULINO;PARDA;SUPERIOR COMPLETO;ELEITO POR QP;1;0;05/10/2026;10:14:11
80002549698;1;ES;6;DEPUTADO FEDERAL;LUCAS POLESE;PL;MASCULINO;BRANCA;SUPERIOR INCOMPLETO;ELEITO POR QP;1;0;05/10/2026;10:14:11
220002537560;1;RO;7;DEPUTADO ESTADUAL;DRA. TAÍSSA SOUSA;PL;FEMININO;PARDA;SUPERIOR COMPLETO;ELEITO POR QP;1;0;05/10/2026;10:14:11
60002541536;1;CE;7;DEPUTADO ESTADUAL;DAVI BENEVIDES;PSDB;MASCULINO;PARDA;SUPERIOR COMPLETO;ELEITO POR QP;1;0;05/10/2026;10:14:11
60002536196;1;CE;7;DEPUTADO ESTADUAL;ZEZINHO ALBUQUERQUE;PP;MASCULINO;BRANCA;SUPERIOR INCOMPLETO;ELEITO POR QP;1;0;05/10/2026;10:14:11
60002540712;1;CE;7;DEPUTADO ESTADUAL;DE ASSIS DINIZ;PT;MASCULINO;PARDA;SUPERIOR COMPLETO;ELEITO POR QP;1;0;05/10/2026;10:14:11
60002540713;1;CE;7;DEPUTADO ESTADUAL;JÔ FARIAS;PT;FEMININO;PARDA;ENSINO MÉDIO COMPLETO;ELEITO POR QP;1;0;05/10/2026;10:14:11
270002544633;1;TO;7;DEPUTADO ESTADUAL;DR DANILO ALENCAR;MDB;MASCULINO;BRANCA;SUPERIOR COMPLETO;ELEITO POR QP;1;0;05/10/2026;10:14:11
60002536680;1;CE;7;DEPUTADO ESTADUAL;MANU PIMENTA;PSB;FEMININO;PARDA;SUPERIOR COMPLETO;ELEITO POR QP;1;0;05/10/2026;10:14:11
270002550095;1;TO;7;DEPUTADO ESTADUAL;LEO BARBOSA;REPUBLICANOS;MASCULINO;PARDA;SUPERIOR INCOMPLETO;ELEITO POR QP;1;0;05/10/2026;10:14:11
270002550089;1;TO;7;DEPUTADO ESTADUAL;EDUARDO FORTES;REPUBLICANOS;MASCULINO;BRANCA;SUPERIOR COMPLETO;ELEITO POR QP;1;0;05/10/2026;10:14:11
60002545115;1;CE;7;DEPUTADO ESTADUAL;DAVID DURAND;REPUBLICANOS;MASCULINO;BRANCA;SUPERIOR COMPLETO;ELEITO POR QP;1;0;05/10/2026;10:14:11
10002544522;1;AC;7;DEPUTADO ESTADUAL;AFONSO FERNANDES;UNIÃO;MASCULINO;BRANCA;SUPERIOR COMPLETO;ELEITO POR MÉDIA;1;0;05/10/2026;10:14:11
10002544534;1;AC;7;DEPUTADO ESTADUAL;FAGNER CALEGARIO;UNIÃO;MASCULINO;BRANCA;SUPERIOR COMPLETO;ELEITO POR QP;1;0;05/10/2026;10:14:11
10002544042;1;AC;7;DEPUTADO ESTADUAL;EDVALDO MAGALHÃES;PCDOB;MASCULINO;PRETA;SUPERIOR INCOMPLETO;ELEITO POR QP;1;0;05/10/2026;10:14:11
60002537018;1;CE;6;DEPUTADO FEDERAL;DOMINGOS NETO;PSD;MASCULINO;PARDA;SUPERIOR COMPLETO;ELEITO POR QP;1;0;05/10/2026;10:14:11
60002545223;1;CE;6;DEPUTADO FEDERAL;TAINAH MARINHO;PSB;FEMININO;BRANCA;SUPERIOR COMPLETO;ELEITO POR QP;1;0;05/10/2026;10:14:11
60002536706;1;CE;6;DEPUTADO FEDERAL;ROBÉRIO MONTEIRO;PSB;MASCULINO;PARDA;ENSINO FUNDAMENTAL COMPLETO;ELEITO POR QP;1;0;05/10/2026;10:14:11
10002544024;1;AC;7;DEPUTADO ESTADUAL;LEÔNCIO CASTRO;PSDB;MASCULINO;PARDA;SUPERIOR COMPLETO;ELEITO POR MÉDIA;1;0;05/10/2026;10:14:11
60002540744;1;CE;6;DEPUTADO FEDERAL;FERNANDO SANTANA;PT;MASCULINO;BRANCA;SUPERIOR COMPLETO;ELEITO POR QP;1;0;05/10/2026;10:14:11
60002534881;1;CE;6;DEPUTADO FEDERAL;AJ ALBUQUERQUE;PP;MASCULINO;PARDA;SUPERIOR COMPLETO;ELEITO POR MÉDIA;1;0;05/10/2026;10:14:11
60002534893;1;CE;6;DEPUTADO FEDERAL;MOSES RODRIGUES;UNIÃO;MASCULINO;BRANCA;SUPERIOR COMPLETO;ELEITO POR QP;1;0;05/10/2026;10:14:11
170002543759;1;PE;7;DEPUTADO ESTADUAL;GLEIDE ÂNGELO;PP;FEMININO;PARDA;SUPERIOR COMPLETO;ELEITO POR QP;1;0;05/10/2026;10:14:11
170002533335;1;PE;7;DEPUTADO ESTADUAL;LARA SANTANA;PV;FEMININO;BRANCA;SUPERIOR COMPLETO;ELEITO POR QP;1;0;05/10/2026;10:14:11
170002533347;1;PE;7;DEPUTADO ESTADUAL;JOÃO PAULO COSTA;PT;MASCULINO;BRANCA;SUPERIOR COMPLETO;ELEITO POR QP;1;0;05/10/2026;10:14:11
170002542912;1;PE;7;DEPUTADO ESTADUAL;RODRIGO FARIAS;PSB;MASCULINO;BRANCA;ENSINO MÉDIO COMPLETO;ELEITO POR QP;1;0;05/10/2026;10:14:11
230002538160;1;RR;7;DEPUTADO ESTADUAL;JEFERSON ALVES;PODE;MASCULINO;BRANCA;SUPERIOR COMPLETO;ELEITO POR QP;1;0;05/10/2026;10:14:11
230002533380;1;RR;7;DEPUTADO ESTADUAL;MARCINHO BELOTA;PL;MASCULINO;BRANCA;SUPERIOR COMPLETO;ELEITO POR QP;1;0;05/10/2026;10:14:11
170002540370;1;PE;7;DEPUTADO ESTADUAL;DÉBORA ALMEIDA;PSD;FEMININO;BRANCA;SUPERIOR COMPLETO;ELEITO POR QP;1;0;05/10/2026;10:14:11
170002540368;1;PE;7;DEPUTADO ESTADUAL;AGLAILSON VICTOR;PSD;MASCULINO;BRANCA;SUPERIOR COMPLETO;ELEITO POR QP;1;0;05/10/2026;10:14:11
230002549344;1;RR;7;DEPUTADO ESTADUAL;JOILMA TEODORA;UNIÃO;FEMININO;PARDA;ENSINO MÉDIO COMPLETO;ELEITO POR QP;1;0;05/10/2026;10:14:11
70002538527;1;DF;6;DEPUTADO FEDERAL;JULIO CESAR;REPUBLICANOS;MASCULINO;BRANCA;SUPERIOR COMPLETO;ELEITO POR MÉDIA;1;0;05/10/2026;10:14:11
70002538935;1;DF;6;DEPUTADO FEDERAL;RAFAEL PRUDENTE;MDB;MASCULINO;BRANCA;SUPERIOR COMPLETO;ELEITO POR QP;1;0;05/10/2026;10:14:11
160002547569;1;PR;6;DEPUTADO FEDERAL;SARGENTO FAHUR;PL;MASCULINO;BRANCA;ENSINO FUNDAMENTAL COMPLETO;ELEITO POR QP;1;0;05/10/2026;10:14:11
160002547593;1;PR;6;DEPUTADO FEDERAL;RICARDO ARRUDA;PL;MASCULINO;BRANCA;SUPERIOR COMPLETO;ELEITO POR MÉDIA;1;0;05/10/2026;10:14:11
30002536305;1;AP;6;DEPUTADO FEDERAL;MARCIO SERRÃO;UNIÃO;MASCULINO;PARDA;ENSINO MÉDIO COMPLETO;ELEITO POR MÉDIA;1;0;05/10/2026;10:14:11
30002532842;1;AP;6;DEPUTADO FEDERAL;DORINALDO MALAFAIA;PDT;MASCULINO;PARDA;SUPERIOR COMPLETO;ELEITO POR MÉDIA;1;0;05/10/2026;10:14:11
30002532841;1;AP;6;DEPUTADO FEDERAL;JOSENILDO;PDT;MASCULINO;PARDA;SUPERIOR COMPLETO;ELEITO POR QP;1;0;05/10/2026;10:14:11
30002533096;1;AP;6;DEPUTADO FEDERAL;PROFESSORA MARCIVÂNIA;PCDOB;FEMININO;PARDA;SUPERIOR COMPLETO;ELEITO POR QP;1;0;05/10/2026;10:14:11
270002548521;1;TO;6;DEPUTADO FEDERAL;FABIO VAZ;REPUBLICANOS;MASCULINO;PARDA;SUPERIOR COMPLETO;ELEITO POR MÉDIA;1;0;05/10/2026;10:14:11
270002548522;1;TO;6;DEPUTADO FEDERAL;RICARDO AYRES;REPUBLICANOS;MASCULINO;PARDA;SUPERIOR COMPLETO;ELEITO POR QP;1;0;05/10/2026;10:14:11
200002538228;1;RN;7;DEPUTADO ESTADUAL;CRISTIANE DANTAS;PSDB;FEMININO;BRANCA;SUPERIOR COMPLETO;ELEITO POR QP;1;0;05/10/2026;10:14:11
200002534423;1;RN;7;DEPUTADO ESTADUAL;GUSTAVO CARVALHO;PL;MASCULINO;BRANCA;SUPERIOR COMPLETO;ELEITO POR QP;1;0;05/10/2026;10:14:11
200002533888;1;RN;7;DEPUTADO ESTADUAL;CORONEL AZEVEDO;PL;MASCULINO;PARDA;SUPERIOR COMPLETO;ELEITO POR QP;1;0;05/10/2026;10:14:11
40002537627;1;AM;7;DEPUTADO ESTADUAL;ABDALA FRAXE;AVANTE;MASCULINO;PARDA;SUPERIOR COMPLETO;ELEITO POR QP;1;0;05/10/2026;10:14:11
160002547466;1;PR;6;DEPUTADO FEDERAL;DA COSTA DO PERDEU PIÁ;PODE;MASCULINO;BRANCA;SUPERIOR INCOMPLETO;ELEITO POR MÉDIA;1;0;05/10/2026;10:14:11
40002542676;1;AM;6;DEPUTADO FEDERAL;JOANA DARC;UNIÃO;FEMININO;PARDA;SUPERIOR COMPLETO;ELEITO POR MÉDIA;1;0;05/10/2026;10:14:11
90002543237;1;GO;6;DEPUTADO FEDERAL;BRUNO PEIXOTO;UNIÃO;MASCULINO;BRANCA;SUPERIOR COMPLETO;ELEITO POR QP;1;0;05/10/2026;10:14:11
190002541060;1;RJ;6;DEPUTADO FEDERAL;DR. LUIZINHO;PP;MASCULINO;BRANCA;SUPERIOR COMPLETO;ELEITO POR QP;1;0;05/10/2026;10:14:11
40002532761;1;AM;6;DEPUTADO FEDERAL;SIDNEY LEITE;PSD;MASCULINO;PARDA;SUPERIOR COMPLETO;ELEITO POR QP;1;0;05/10/2026;10:14:11
240002539368;1;SC;6;DEPUTADO FEDERAL;SARGENTO LIMA;PL;MASCULINO;BRANCA;SUPERIOR COMPLETO;ELEITO POR QP;1;0;05/10/2026;10:14:11
130002543714;1;MG;6;DEPUTADO FEDERAL;DUARTE JÚNIOR;PSB;MASCULINO;BRANCA;SUPERIOR COMPLETO;ELEITO POR QP;1;0;05/10/2026;10:14:11
240002541406;1;SC;6;DEPUTADO FEDERAL;PEZENTI;MDB;MASCULINO;BRANCA;SUPERIOR COMPLETO;ELEITO POR QP;1;0;05/10/2026;10:14:11
190002532795;1;RJ;6;DEPUTADO FEDERAL;SÓSTENES CAVALCANTE;PL;MASCULINO;BRANCA;SUPERIOR COMPLETO;ELEITO POR QP;1;0;05/10/2026;10:14:11
190002532805;1;RJ;6;DEPUTADO FEDERAL;WLADIMIR GAROTINHO;PL;MASCULINO;BRANCA;SUPERIOR COMPLETO;ELEITO POR QP;1;0;05/10/2026;10:14:11
190002532810;1;RJ;6;DEPUTADO FEDERAL;ALTINEU CORTES;PL;MASCULINO;PARDA;SUPERIOR COMPLETO;ELEITO POR QP;1;0;05/10/2026;10:14:11
190002532835;1;RJ;6;DEPUTADO FEDERAL;JULIA DE CASTRO;PL;FEMININO;PARDA;SUPERIOR COMPLETO;ELEITO POR QP;1;0;05/10/2026;10:14:11
130002542031;1;MG;6;DEPUTADO FEDERAL;ZÉ VITOR;PL;MASCULINO;BRANCA;SUPERIOR COMPLETO;ELEITO POR QP;1;0;05/10/2026;10:14:11
50002537862;1;BA;7;DEPUTADO ESTADUAL;NEUSA CADORE;PT;FEMININO;BRANCA;ENSINO MÉDIO COMPLETO;ELEITO POR MÉDIA;1;0;05/10/2026;10:14:11
50002537867;1;BA;7;DEPUTADO ESTADUAL;JUNIOR MUNIZ;PT;MASCULINO;BRANCA;SUPERIOR COMPLETO;ELEITO POR QP;1;0;05/10/2026;10:14:11
130002542000;1;MG;6;DEPUTADO FEDERAL;IGOR SANTOS;PL;MASCULINO;PRETA;SUPERIOR COMPLETO;ELEITO POR QP;1;0;05/10/2026;10:14:11
130002542034;1;MG;6;DEPUTADO FEDERAL;THIAGO GANEM;PL;MASCULINO;PARDA;SUPERIOR COMPLETO;ELEITO POR QP;1;0;05/10/2026;10:14:11
250002533757;1;SP;7;DEPUTADO ESTADUAL;TELHADINHA - CAPITÃO TELHADA;PP;MASCULINO;BRANCA;SUPERIOR COMPLETO;ELEITO POR QP;1;0;05/10/2026;10:14:11
50002537854;1;BA;7;DEPUTADO ESTADUAL;FABRÍCIO;PCDOB;MASCULINO;PARDA;SUPERIOR COMPLETO;ELEITO POR QP;1;0;05/10/2026;10:14:11
50002537844;1;BA;7;DEPUTADO ESTADUAL;BOBÔ;PCDOB;MASCULINO;BRANCA;ENSINO MÉDIO COMPLETO;ELEITO POR QP;1;0;05/10/2026;10:14:11
50002537872;1;BA;7;DEPUTADO ESTADUAL;FÁTIMA NUNES;PT;FEMININO;BRANCA;ENSINO MÉDIO COMPLETO;ELEITO POR QP;1;0;05/10/2026;10:14:11
190002540157;1;RJ;6;DEPUTADO FEDERAL;RENAN FERREIRINHA;PSD;MASCULINO;BRANCA;SUPERIOR COMPLETO;ELEITO POR QP;1;0;05/10/2026;10:14:11
130002535276;1;MG;6;DEPUTADO FEDERAL;ANA PIMENTEL;PT;FEMININO;BRANCA;SUPERIOR COMPLETO;ELEITO POR QP;1;0;05/10/2026;10:14:11
250002536273;1;SP;7;DEPUTADO ESTADUAL;PAULO FIORILO;PT;MASCULINO;BRANCA;SUPERIOR COMPLETO;ELEITO POR QP;1;0;05/10/2026;10:14:11
250002536270;1;SP;7;DEPUTADO ESTADUAL;LUIZ FERNANDO;PT;MASCULINO;BRANCA;SUPERIOR INCOMPLETO;ELEITO POR QP;1;0;05/10/2026;10:14:11
130002535301;1;MG;6;DEPUTADO FEDERAL;ANA ELISA;PT;FEMININO;PRETA;SUPERIOR INCOMPLETO;ELEITO POR QP;1;0;05/10/2026;10:14:11
50002535029;1;BA;7;DEPUTADO ESTADUAL;JUNIOR NASCIMENTO;UNIÃO;MASCULINO;PARDA;SUPERIOR COMPLETO;ELEITO POR QP;1;0;05/10/2026;10:14:11
50002535068;1;BA;7;DEPUTADO ESTADUAL;PEDRO TAVARES;UNIÃO;MASCULINO;BRANCA;SUPERIOR INCOMPLETO;ELEITO POR QP;1;0;05/10/2026;10:14:11
50002535050;1;BA;7;DEPUTADO ESTADUAL;ELINALDO;UNIÃO;MASCULINO;PARDA;ENSINO MÉDIO COMPLETO;ELEITO POR QP;1;0;05/10/2026;10:14:11
130002537199;1;MG;6;DEPUTADO FEDERAL;GLEIDSON AZEVEDO;REPUBLICANOS;MASCULINO;BRANCA;ENSINO MÉDIO COMPLETO;ELEITO POR QP;1;0;05/10/2026;10:14:11
50002535065;1;BA;7;DEPUTADO ESTADUAL;LUCIANO SIMÕES FILHO;UNIÃO;MASCULINO;BRANCA;SUPERIOR COMPLETO;ELEITO POR QP;1;0;05/10/2026;10:14:11
250002539952;1;SP;7;DEPUTADO ESTADUAL;PAULA DA BANCADA FEMINISTA;PSOL;FEMININO;PRETA;SUPERIOR COMPLETO;ELEITO POR QP;1;0;05/10/2026;10:14:11
130002542695;1;MG;6;DEPUTADO FEDERAL;SAMUEL VIANA;UNIÃO;MASCULINO;PARDA;SUPERIOR COMPLETO;ELEITO POR MÉDIA;1;0;05/10/2026;10:14:11
250002539947;1;SP;7;DEPUTADO ESTADUAL;CARLOS GIANNAZI;PSOL;MASCULINO;BRANCA;SUPERIOR COMPLETO;ELEITO POR QP;1;0;05/10/2026;10:14:11
250002534220;1;SP;7;DEPUTADO ESTADUAL;LÉO OLIVEIRA;MDB;MASCULINO;BRANCA;SUPERIOR COMPLETO;ELEITO POR QP;1;0;05/10/2026;10:14:11
120002547055;1;MS;7;DEPUTADO ESTADUAL;TIAGO BOTELHO;PT;MASCULINO;BRANCA;SUPERIOR COMPLETO;ELEITO POR QP;1;0;05/10/2026;10:14:11
120002547058;1;MS;7;DEPUTADO ESTADUAL;ZECA DO PT;PT;MASCULINO;BRANCA;SUPERIOR COMPLETO;ELEITO POR QP;1;0;05/10/2026;10:14:11
180002533551;1;PI;7;DEPUTADO ESTADUAL;DR. THALES COELHO;PT;MASCULINO;PARDA;SUPERIOR COMPLETO;ELEITO POR QP;1;0;05/10/2026;10:14:11
180002534825;1;PI;7;DEPUTADO ESTADUAL;JÚLIO CESAR FILHO;PSD;MASCULINO;BRANCA;SUPERIOR COMPLETO;ELEITO POR QP;1;0;05/10/2026;10:14:11
220002540003;1;RO;6;DEPUTADO FEDERAL;JOLIANE FURIA;PSD;FEMININO;BRANCA;SUPERIOR COMPLETO;ELEITO POR MÉDIA;1;0;05/10/2026;10:14:11
220002542943;1;RO;6;DEPUTADO FEDERAL;MAURÍCIO CARVALHO;UNIÃO;MASCULINO;BRANCA;SUPERIOR COMPLETO;ELEITO POR MÉDIA;1;0;05/10/2026;10:14:11
250002545207;1;SP;7;DEPUTADO ESTADUAL;FABIO FARIA DE SÁ;PODE;MASCULINO;BRANCA;SUPERIOR COMPLETO;ELEITO POR QP;1;0;05/10/2026;10:14:11
70002533394;1;DF;8;DEPUTADO DISTRITAL;MAX MACIEL;PSOL;MASCULINO;PARDA;SUPERIOR COMPLETO;ELEITO POR QP;1;0;05/10/2026;10:14:11
120002536066;1;MS;7;DEPUTADO ESTADUAL;CORONEL DAVID;PL;MASCULINO;PARDA;SUPERIOR COMPLETO;ELEITO POR QP;1;0;05/10/2026;10:14:11
90002540967;1;GO;7;DEPUTADO ESTADUAL;DR. AMARILDO;NOVO;MASCULINO;BRANCA;SUPERIOR COMPLETO;ELEITO POR QP;1;0;05/10/2026;10:14:11
120002536068;1;MS;7;DEPUTADO ESTADUAL;ANDRE SALINEIRO;PL;MASCULINO;BRANCA;SUPERIOR COMPLETO;ELEITO POR QP;1;0;05/10/2026;10:14:11
250002545147;1;SP;7;DEPUTADO ESTADUAL;LEANDRO BASSON;PODE;MASCULINO;BRANCA;SUPERIOR COMPLETO;ELEITO POR QP;1;0;05/10/2026;10:14:11
90002543147;1;GO;7;DEPUTADO ESTADUAL;BESSA;MOBILIZA;MASCULINO;BRANCA;SUPERIOR COMPLETO;ELEITO POR QP;1;0;05/10/2026;10:14:11
90002547125;1;GO;7;DEPUTADO ESTADUAL;PAULO DO VALE;PSD;MASCULINO;BRANCA;SUPERIOR COMPLETO;ELEITO POR QP;1;0;05/10/2026;10:14:11
70002540832;1;DF;8;DEPUTADO DISTRITAL;ESTEFANE SAMPAIO;REPUBLICANOS;FEMININO;BRANCA;SUPERIOR COMPLETO;ELEITO POR QP;1;0;05/10/2026;10:14:11
70002550001;1;DF;8;DEPUTADO DISTRITAL;ANDRÉ KUBITSCHEK;PL;MASCULINO;BRANCA;SUPERIOR COMPLETO;ELEITO POR MÉDIA;1;0;05/10/2026;10:14:11
70002550004;1;DF;8;DEPUTADO DISTRITAL;VICTOR JANSEN;PL;MASCULINO;BRANCA;SUPERIOR INCOMPLETO;ELEITO POR QP;1;0;05/10/2026;10:14:11
90002547032;1;GO;7;DEPUTADO ESTADUAL;WILDE CAMBÃO;UNIÃO;MASCULINO;PARDA;SUPERIOR COMPLETO;ELEITO POR QP;1;0;05/10/2026;10:14:11
250002541873;1;SP;7;DEPUTADO ESTADUAL;SEBASTIÃO SANTOS;REPUBLICANOS;MASCULINO;PARDA;SUPERIOR COMPLETO;ELEITO POR QP;1;0;05/10/2026;10:14:11
90002547039;1;GO;7;DEPUTADO ESTADUAL;ANDRÉ DO PREMIUM;UNIÃO;MASCULINO;BRANCA;ENSINO MÉDIO INCOMPLETO;ELEITO POR QP;1;0;05/10/2026;10:14:11
90002546225;1;GO;7;DEPUTADO ESTADUAL;CAIRO SALIM;MDB;MASCULINO;BRANCA;SUPERIOR COMPLETO;ELEITO POR QP;1;0;05/10/2026;10:14:11
240002539964;1;SC;7;DEPUTADO ESTADUAL;CARLOS HUMBERTO;PL;MASCULINO;BRANCA;SUPERIOR COMPLETO;ELEITO POR QP;1;0;05/10/2026;10:14:11
240002539987;1;SC;7;DEPUTADO ESTADUAL;CHICA DO ESKUDLARK;PL;FEMININO;BRANCA;ENSINO MÉDIO COMPLETO;ELEITO POR MÉDIA;1;0;05/10/2026;10:14:11
90002540142;1;GO;7;DEPUTADO ESTADUAL;KÁTIA;PT;FEMININO;BRANCA;SUPERIOR COMPLETO;ELEITO POR QP;1;0;05/10/2026;10:14:11
70002538797;1;DF;8;DEPUTADO DISTRITAL;WELLINGTON LUIZ;MDB;MASCULINO;PRETA;SUPERIOR COMPLETO;ELEITO POR QP;1;0;05/10/2026;10:14:11
10002545233;1;AC;6;DEPUTADO FEDERAL;DR. FÁBIO RUEDA;UNIÃO;MASCULINO;BRANCA;SUPERIOR COMPLETO;ELEITO POR QP;1;0;05/10/2026;10:14:11
240002537919;1;SC;7;DEPUTADO ESTADUAL;ANNA CAROLINA;REPUBLICANOS;FEMININO;BRANCA;SUPERIOR COMPLETO;ELEITO POR QP;1;0;05/10/2026;10:14:11
240002537938;1;SC;7;DEPUTADO ESTADUAL;SERGIO MOTTA;REPUBLICANOS;MASCULINO;BRANCA;SUPERIOR COMPLETO;ELEITO POR QP;1;0;05/10/2026;10:14:11
250002540911;1;SP;7;DEPUTADO ESTADUAL;THAMMY MIRANDA;PSD;MASCULINO;BRANCA;ENSINO MÉDIO COMPLETO;ELEITO POR QP;1;0;05/10/2026;10:14:11
90002547090;1;GO;7;DEPUTADO ESTADUAL;RUBENS MARQUES;PSB;MASCULINO;BRANCA;SUPERIOR COMPLETO;ELEITO POR QP;1;0;05/10/2026;10:14:11
250002540875;1;SP;7;DEPUTADO ESTADUAL;MAURO BRAGATO;PSD;MASCULINO;BRANCA;SUPERIOR COMPLETO;ELEITO POR QP;1;0;05/10/2026;10:14:11
210002541512;1;RS;6;DEPUTADO FEDERAL;VILMAR ZANCHIN;MDB;MASCULINO;BRANCA;SUPERIOR COMPLETO;ELEITO POR MÉDIA;1;0;05/10/2026;10:14:11
140002540456;1;PA;6;DEPUTADO FEDERAL;JADER FILHO;MDB;MASCULINO;BRANCA;SUPERIOR COMPLETO;ELEITO POR QP;1;0;05/10/2026;10:14:11
130002535327;1;MG;7;DEPUTADO ESTADUAL;BETÃO;PT;MASCULINO;BRANCA;SUPERIOR COMPLETO;ELEITO POR QP;1;0;05/10/2026;10:14:11
130002535320;1;MG;7;DEPUTADO ESTADUAL;ADRIANA SOUZA;PT;FEMININO;PARDA;SUPERIOR COMPLETO;ELEITO POR QP;1;0;05/10/2026;10:14:11
140002546709;1;PA;6;DEPUTADO FEDERAL;DELEGADO CAVEIRA;PL;MASCULINO;BRANCA;SUPERIOR COMPLETO;ELEITO POR QP;1;0;05/10/2026;10:14:11
250002536387;1;SP;7;DEPUTADO ESTADUAL;LISBOA;PL;MASCULINO;PRETA;SUPERIOR INCOMPLETO;ELEITO POR QP;1;0;05/10/2026;10:14:11
250002536413;1;SP;7;DEPUTADO ESTADUAL;FELIPE SERTANEJO;PL;MASCULINO;BRANCA;ENSINO MÉDIO INCOMPLETO;ELEITO POR QP;1;0;05/10/2026;10:14:11
210002534897;1;RS;6;DEPUTADO FEDERAL;GIOVANI CHERINI;PL;MASCULINO;BRANCA;SUPERIOR COMPLETO;ELEITO POR QP;1;0;05/10/2026;10:14:11
210002534656;1;RS;6;DEPUTADO FEDERAL;BIBO NUNES;PL;MASCULINO;BRANCA;SUPERIOR COMPLETO;ELEITO POR MÉDIA;1;0;05/10/2026;10:14:11
140002548357;1;PA;6;DEPUTADO FEDERAL;DILVANDA FARO;PT;FEMININO;PRETA;ENSINO MÉDIO COMPLETO;ELEITO POR QP;1;0;05/10/2026;10:14:11
130002542107;1;MG;7;DEPUTADO ESTADUAL;PABLO ALMEIDA;PL;MASCULINO;BRANCA;SUPERIOR INCOMPLETO;ELEITO POR QP;1;0;05/10/2026;10:14:11
130002542094;1;MG;7;DEPUTADO ESTADUAL;UGLENO ALVES;PL;MASCULINO;PARDA;SUPERIOR INCOMPLETO;ELEITO POR QP;1;0;05/10/2026;10:14:11
130002542110;1;MG;7;DEPUTADO ESTADUAL;DELEGADA SHEILA;PL;FEMININO;BRANCA;SUPERIOR COMPLETO;ELEITO POR QP;1;0;05/10/2026;10:14:11
150002544167;1;PB;6;DEPUTADO FEDERAL;RICARDO COUTINHO;PT;MASCULINO;BRANCA;SUPERIOR COMPLETO;ELEITO POR QP;1;0;05/10/2026;10:14:11
110002539240;1;MT;7;DEPUTADO ESTADUAL;SAMANTHA DO ABILIO;PL;FEMININO;BRANCA;SUPERIOR COMPLETO;ELEITO POR QP;1;0;05/10/2026;10:14:11
110002539005;1;MT;7;DEPUTADO ESTADUAL;ALCINO BARCELOS;PL;MASCULINO;BRANCA;ENSINO MÉDIO COMPLETO;ELEITO POR MÉDIA;1;0;05/10/2026;10:14:11
130002549949;1;MG;7;DEPUTADO ESTADUAL;DUARTE;PSD;MASCULINO;BRANCA;SUPERIOR COMPLETO;ELEITO POR QP;1;0;05/10/2026;10:14:11
130002542764;1;MG;7;DEPUTADO ESTADUAL;VITÓRIO;PP;MASCULINO;PARDA;SUPERIOR COMPLETO;ELEITO POR MÉDIA;1;0;05/10/2026;10:14:11
100002542878;1;MA;6;DEPUTADO FEDERAL;PEDRO LUCAS FERNANDES;UNIÃO;MASCULINO;PARDA;SUPERIOR COMPLETO;ELEITO POR QP;1;0;05/10/2026;10:14:11
130002542753;1;MG;7;DEPUTADO ESTADUAL;ZÉ GUILHERME;PP;MASCULINO;BRANCA;ENSINO MÉDIO COMPLETO;ELEITO POR QP;1;0;05/10/2026;10:14:11
190002542973;1;RJ;7;DEPUTADO ESTADUAL;LIBRELON;REPUBLICANOS;MASCULINO;BRANCA;SUPERIOR COMPLETO;ELEITO POR QP;1;0;05/10/2026;10:14:11
110002550706;1;MT;7;DEPUTADO ESTADUAL;DILMAR DAL BOSCO;UNIÃO;MASCULINO;BRANCA;SUPERIOR COMPLETO;ELEITO POR QP;1;0;05/10/2026;10:14:11
110002550850;1;MT;7;DEPUTADO ESTADUAL;DR. JOÃO;MDB;MASCULINO;BRANCA;SUPERIOR COMPLETO;ELEITO POR QP;1;0;05/10/2026;10:14:11
190002536110;1;RJ;7;DEPUTADO ESTADUAL;FLAVIO SERAFINI;PSOL;MASCULINO;BRANCA;SUPERIOR COMPLETO;ELEITO POR QP;1;0;05/10/2026;10:14:11
210002533056;1;RS;7;DEPUTADO ESTADUAL;RAMIRO ROSÁRIO;NOVO;MASCULINO;BRANCA;SUPERIOR COMPLETO;ELEITO POR QP;1;0;05/10/2026;10:14:11
40002542971;1;AM;7;DEPUTADO ESTADUAL;DÉBORA MENEZES;PL;FEMININO;BRANCA;SUPERIOR COMPLETO;ELEITO POR QP;1;0;05/10/2026;10:14:11
210002534019;1;RS;7;DEPUTADO ESTADUAL;PEPE VARGAS;PT;MASCULINO;BRANCA;SUPERIOR COMPLETO;ELEITO POR QP;1;0;05/10/2026;10:14:11
210002534050;1;RS;7;DEPUTADO ESTADUAL;JEFERSON FERNANDES;PT;MASCULINO;BRANCA;SUPERIOR COMPLETO;ELEITO POR QP;1;0;05/10/2026;10:14:11
210002534003;1;RS;7;DEPUTADO ESTADUAL;NATASHA;PT;FEMININO;BRANCA;ENSINO MÉDIO COMPLETO;ELEITO POR QP;1;0;05/10/2026;10:14:11
40002532734;1;AM;7;DEPUTADO ESTADUAL;CRISTIANO DANGELO;MDB;MASCULINO;BRANCA;ENSINO MÉDIO COMPLETO;ELEITO POR QP;1;0;05/10/2026;10:14:11
190002538819;1;RJ;7;DEPUTADO ESTADUAL;ROSENVERG REIS;MDB;MASCULINO;BRANCA;ENSINO MÉDIO COMPLETO;ELEITO POR QP;1;0;05/10/2026;10:14:11
210002539072;1;RS;7;DEPUTADO ESTADUAL;CAPITÃO MARTIM;REPUBLICANOS;MASCULINO;BRANCA;SUPERIOR COMPLETO;ELEITO POR QP;1;0;05/10/2026;10:14:11
40002537353;1;AM;7;DEPUTADO ESTADUAL;DAVID REIS;AVANTE;MASCULINO;PARDA;SUPERIOR COMPLETO;ELEITO POR QP;1;0;05/10/2026;10:14:11
40002532782;1;AM;7;DEPUTADO ESTADUAL;MAYRA DIAS;PSD;FEMININO;PARDA;SUPERIOR COMPLETO;ELEITO POR MÉDIA;1;0;05/10/2026;10:14:11
210002535664;1;RS;7;DEPUTADO ESTADUAL;ADRIANA LARA;PL;FEMININO;BRANCA;SUPERIOR COMPLETO;ELEITO POR MÉDIA;1;0;05/10/2026;10:14:11
210002535669;1;RS;7;DEPUTADO ESTADUAL;SCALCO;PL;MASCULINO;BRANCA;SUPERIOR COMPLETO;ELEITO POR QP;1;0;05/10/2026;10:14:11
210002548207;1;RS;7;DEPUTADO ESTADUAL;LUCIANO SILVEIRA;MDB;MASCULINO;BRANCA;SUPERIOR COMPLETO;ELEITO POR QP;1;0;05/10/2026;10:14:11
100002540281;1;MA;7;DEPUTADO ESTADUAL;NETO EVANGELISTA;MDB;MASCULINO;BRANCA;SUPERIOR COMPLETO;ELEITO POR QP;1;0;05/10/2026;10:14:11
100002540280;1;MA;7;DEPUTADO ESTADUAL;GLEYDSON;MDB;MASCULINO;PARDA;SUPERIOR COMPLETO;ELEITO POR QP;1;0;05/10/2026;10:14:11
140002546681;1;PA;7;DEPUTADO ESTADUAL;JOÃO COELHO;PDT;MASCULINO;PARDA;SUPERIOR INCOMPLETO;ELEITO POR QP;1;0;05/10/2026;10:14:11
210002537883;1;RS;7;DEPUTADO ESTADUAL;GUILHERME PASIN;PP;MASCULINO;BRANCA;SUPERIOR COMPLETO;ELEITO POR QP;1;0;05/10/2026;10:14:11
100002535480;1;MA;7;DEPUTADO ESTADUAL;JUNIOR CASCARIA;REPUBLICANOS;MASCULINO;PARDA;ENSINO MÉDIO COMPLETO;ELEITO POR QP;1;0;05/10/2026;10:14:11
210002540658;1;RS;7;DEPUTADO ESTADUAL;GIO KRUG;PSD;MASCULINO;PARDA;SUPERIOR COMPLETO;ELEITO POR QP;1;0;05/10/2026;10:14:11
140002548983;1;PA;7;DEPUTADO ESTADUAL;MIRO SANOVA;PT;MASCULINO;BRANCA;SUPERIOR COMPLETO;ELEITO POR QP;1;0;05/10/2026;10:14:11
190002533422;1;RJ;7;DEPUTADO ESTADUAL;DRA. GABRIELA;PL;FEMININO;BRANCA;SUPERIOR COMPLETO;ELEITO POR QP;1;0;05/10/2026;10:14:11
140002541727;1;PA;7;DEPUTADO ESTADUAL;ANDREIA XARÃO;MDB;FEMININO;PARDA;SUPERIOR COMPLETO;ELEITO POR QP;1;0;05/10/2026;10:14:11
190002533688;1;RJ;7;DEPUTADO ESTADUAL;ALEXANDRE ISQUIERDO MALAFAIA;PL;MASCULINO;BRANCA;SUPERIOR COMPLETO;ELEITO POR QP;1;0;05/10/2026;10:14:11
190002533711;1;RJ;7;DEPUTADO ESTADUAL;DR. PEDRO RICARDO;PL;MASCULINO;BRANCA;SUPERIOR COMPLETO;ELEITO POR QP;1;0;05/10/2026;10:14:11
100002542860;1;MA;7;DEPUTADO ESTADUAL;PAULO CASÉ FERNANDES;UNIÃO;MASCULINO;PARDA;SUPERIOR COMPLETO;ELEITO POR QP;1;0;05/10/2026;10:14:11
100002550334;1;MA;7;DEPUTADO ESTADUAL;DOUGLAS PINTO;PSD;MASCULINO;PARDA;SUPERIOR COMPLETO;ELEITO POR QP;1;0;05/10/2026;10:14:11
140002549265;1;PA;7;DEPUTADO ESTADUAL;CORONEL NEIL;PL;MASCULINO;PARDA;SUPERIOR COMPLETO;ELEITO POR MÉDIA;1;0;05/10/2026;10:14:11
190002538043;1;RJ;7;DEPUTADO ESTADUAL;ANDRÉ CORREA;PSD;MASCULINO;BRANCA;SUPERIOR COMPLETO;ELEITO POR QP;1;0;05/10/2026;10:14:11
190002538030;1;RJ;7;DEPUTADO ESTADUAL;GUILHERME SCHLEDER;PSD;MASCULINO;BRANCA;SUPERIOR INCOMPLETO;ELEITO POR QP;1;0;05/10/2026;10:14:11
50002536627;1;BA;6;DEPUTADO FEDERAL;RICARDO MAIA;MDB;MASCULINO;BRANCA;ENSINO MÉDIO COMPLETO;ELEITO POR QP;1;0;05/10/2026;10:14:11
140002536866;1;PA;7;DEPUTADO ESTADUAL;DELEGADO NILTON NEVES;PSD;MASCULINO;PRETA;SUPERIOR COMPLETO;ELEITO POR QP;1;0;05/10/2026;10:14:11
50002534999;1;BA;6;DEPUTADO FEDERAL;MANUEL ROCHA;UNIÃO;MASCULINO;PARDA;SUPERIOR COMPLETO;ELEITO POR MÉDIA;1;0;05/10/2026;10:14:11
50002534983;1;BA;6;DEPUTADO FEDERAL;ELMAR;UNIÃO;MASCULINO;PARDA;SUPERIOR COMPLETO;ELEITO POR QP;1;0;05/10/2026;10:14:11
260002548691;1;SE;7;DEPUTADO ESTADUAL;CRISTIANO CAVALCANTE;UNIÃO;MASCULINO;BRANCA;SUPERIOR COMPLETO;ELEITO POR QP;1;0;05/10/2026;10:14:11
260002549381;1;SE;7;DEPUTADO ESTADUAL;PATO MARAVILHA;UNIÃO;MASCULINO;PARDA;SUPERIOR COMPLETO;ELEITO POR MÉDIA;1;0;05/10/2026;10:14:11
20002548094;1;AL;7;DEPUTADO ESTADUAL;ALEXANDRE AYRES;MDB;MASCULINO;BRANCA;SUPERIOR COMPLETO;ELEITO POR QP;1;0;05/10/2026;10:14:11
20002548091;1;AL;7;DEPUTADO ESTADUAL;REMI CALHEIROS;MDB;MASCULINO;BRANCA;ENSINO FUNDAMENTAL COMPLETO;ELEITO POR QP;1;0;05/10/2026;10:14:11
80002535798;1;ES;7;DEPUTADO ESTADUAL;BRIZOLA CORTELETTI;AGIR;MASCULINO;BRANCA;ENSINO MÉDIO COMPLETO;ELEITO POR QP;1;0;05/10/2026;10:14:11
150002544185;1;PB;7;DEPUTADO ESTADUAL;DR. JARQUES;REPUBLICANOS;MASCULINO;BRANCA;SUPERIOR COMPLETO;ELEITO POR QP;1;0;05/10/2026;10:14:11
150002540246;1;PB;7;DEPUTADO ESTADUAL;FÁBIO RAMALHO;MDB;MASCULINO;PARDA;SUPERIOR INCOMPLETO;ELEITO POR QP;1;0;05/10/2026;10:14:11
250002536734;1;SP;6;DEPUTADO FEDERAL;JULIANA CARDOSO;PT;FEMININO;INDÍGENA;SUPERIOR COMPLETO;ELEITO POR MÉDIA;1;0;05/10/2026;10:14:11
80002549439;1;ES;7;DEPUTADO ESTADUAL;ADILSON ESPINDULA;PP;MASCULINO;BRANCA;ENSINO MÉDIO COMPLETO;ELEITO POR QP;1;0;05/10/2026;10:14:11
250002536764;1;SP;6;DEPUTADO FEDERAL;NILTO TATTO;PT;MASCULINO;BRANCA;SUPERIOR COMPLETO;ELEITO POR QP;1;0;05/10/2026;10:14:11
150002548943;1;PB;7;DEPUTADO ESTADUAL;DIEGO TAVARES;PP;MASCULINO;BRANCA;SUPERIOR COMPLETO;ELEITO POR MÉDIA;1;0;05/10/2026;10:14:11
150002548945;1;PB;7;DEPUTADO ESTADUAL;TANILSON SOARES;PP;MASCULINO;BRANCA;SUPERIOR COMPLETO;ELEITO POR QP;1;0;05/10/2026;10:14:11
80002537475;1;ES;7;DEPUTADO ESTADUAL;FRANCO FIOROT;PODE;MASCULINO;BRANCA;SUPERIOR COMPLETO;ELEITO POR QP;1;0;05/10/2026;10:14:11
250002539622;1;SP;6;DEPUTADO FEDERAL;PROFESSORA LUCIENE CAVALCANTE;PSOL;FEMININO;BRANCA;SUPERIOR COMPLETO;ELEITO POR QP;1;0;05/10/2026;10:14:11
160002547550;1;PR;7;DEPUTADO ESTADUAL;JASSON GOULART;REPUBLICANOS;MASCULINO;BRANCA;SUPERIOR COMPLETO;ELEITO POR QP;1;0;05/10/2026;10:14:11
170002537254;1;PE;6;DEPUTADO FEDERAL;IZA ARRUDA;MDB;FEMININO;BRANCA;SUPERIOR COMPLETO;ELEITO POR MÉDIA;1;0;05/10/2026;10:14:11
170002534911;1;PE;6;DEPUTADO FEDERAL;GILSON MACHADO;PODE;MASCULINO;BRANCA;SUPERIOR COMPLETO;ELEITO POR QP;1;0;05/10/2026;10:14:11
250002546642;1;SP;6;DEPUTADO FEDERAL;KIM KATAGUIRI;MISSÃO;MASCULINO;AMARELA;SUPERIOR COMPLETO;ELEITO POR QP;1;0;05/10/2026;10:14:11
170002550641;1;PE;6;DEPUTADO FEDERAL;JONES MANOEL;PSOL;MASCULINO;PRETA;SUPERIOR COMPLETO;ELEITO POR QP;1;0;05/10/2026;10:14:11
160002533442;1;PR;7;DEPUTADO ESTADUAL;CESAR SILVESTRI;PP;MASCULINO;BRANCA;SUPERIOR COMPLETO;ELEITO POR QP;1;0;05/10/2026;10:14:11
170002530336;1;PE;6;DEPUTADO FEDERAL;EDUARDO MOURA;NOVO;MASCULINO;BRANCA;SUPERIOR COMPLETO;ELEITO POR MÉDIA;1;0;05/10/2026;10:14:11
170002540306;1;PE;6;DEPUTADO FEDERAL;ELIANE SOARES;PSB;FEMININO;PARDA;ENSINO MÉDIO COMPLETO;ELEITO POR QP;1;0;05/10/2026;10:14:11
160002547605;1;PR;7;DEPUTADO ESTADUAL;JESSICÃO;PL;FEMININO;BRANCA;ENSINO MÉDIO COMPLETO;ELEITO POR QP;1;0;05/10/2026;10:14:11
160002546843;1;PR;7;DEPUTADO ESTADUAL;THIAGO BUHRER;PSD;MASCULINO;BRANCA;SUPERIOR COMPLETO;ELEITO POR QP;1;0;05/10/2026;10:14:11
160002546813;1;PR;7;DEPUTADO ESTADUAL;ULISSES MAIA;PSD;MASCULINO;BRANCA;SUPERIOR COMPLETO;ELEITO POR QP;1;0;05/10/2026;10:14:11
30002538135;1;AP;7;DEPUTADO ESTADUAL;ALEX;PL;MASCULINO;BRANCA;SUPERIOR COMPLETO;ELEITO POR QP;1;0;05/10/2026;10:14:11
30002539124;1;AP;7;DEPUTADO ESTADUAL;ROBERTO GÓES;UNIÃO;MASCULINO;PARDA;SUPERIOR COMPLETO;ELEITO POR QP;1;0;05/10/2026;10:14:11
30002539120;1;AP;7;DEPUTADO ESTADUAL;BIA POMBO;UNIÃO;FEMININO;PARDA;SUPERIOR COMPLETO;ELEITO POR QP;1;0;05/10/2026;10:14:11
250002535951;1;SP;6;DEPUTADO FEDERAL;PASTOR MARCO FELICIANO;PL;MASCULINO;BRANCA;SUPERIOR COMPLETO;ELEITO POR QP;1;0;05/10/2026;10:14:11
230002549628;1;RR;6;DEPUTADO FEDERAL;ZÉ HAROLDO CATHEDRAL;UNIÃO;MASCULINO;BRANCA;SUPERIOR COMPLETO;ELEITO POR QP;1;0;05/10/2026;10:14:11
250002535972;1;SP;6;DEPUTADO FEDERAL;ROSANA VALLE;PL;FEMININO;BRANCA;SUPERIOR COMPLETO;ELEITO POR QP;1;0;05/10/2026;10:14:11
250002535958;1;SP;6;DEPUTADO FEDERAL;LUIZ PHILIPPE DE O E BRAGANÇA;PL;MASCULINO;BRANCA;SUPERIOR COMPLETO;ELEITO POR QP;1;0;05/10/2026;10:14:11
250002535948;1;SP;6;DEPUTADO FEDERAL;MIGUEL LOMBARDI;PL;MASCULINO;BRANCA;SUPERIOR COMPLETO;ELEITO POR QP;1;0;05/10/2026;10:14:11
220002537593;1;RO;7;DEPUTADO ESTADUAL;MARCELO CRUZ;AVANTE;MASCULINO;PARDA;SUPERIOR COMPLETO;ELEITO POR MÉDIA;1;0;05/10/2026;10:14:11
220002536028;1;RO;7;DEPUTADO ESTADUAL;DR. GILBER;NOVO;MASCULINO;PARDA;SUPERIOR COMPLETO;ELEITO POR MÉDIA;1;0;05/10/2026;10:14:11
20002547841;1;AL;6;DEPUTADO FEDERAL;DANIEL BARBOSA;PP;MASCULINO;BRANCA;SUPERIOR COMPLETO;ELEITO POR QP;1;0;05/10/2026;10:14:11
20002547844;1;AL;6;DEPUTADO FEDERAL;MARX BELTRÃO;UNIÃO;MASCULINO;BRANCA;SUPERIOR COMPLETO;ELEITO POR MÉDIA;1;0;05/10/2026;10:14:11
80002542404;1;ES;6;DEPUTADO FEDERAL;MARCELO SANTOS;UNIÃO;MASCULINO;PARDA;SUPERIOR COMPLETO;ELEITO POR MÉDIA;1;0;05/10/2026;10:14:11
20002553681;1;AL;6;DEPUTADO FEDERAL;GILVAN BARROS;PSDB;MASCULINO;BRANCA;SUPERIOR COMPLETO;ELEITO POR MÉDIA;1;0;05/10/2026;10:14:11
60002538353;1;CE;7;DEPUTADO ESTADUAL;LEO SURICATE;PSOL;MASCULINO;PARDA;ENSINO MÉDIO COMPLETO;ELEITO POR QP;1;0;05/10/2026;10:14:11
220002542921;1;RO;7;DEPUTADO ESTADUAL;CÁSSIO GOIS;PSD;MASCULINO;PARDA;SUPERIOR COMPLETO;ELEITO POR QP;1;0;05/10/2026;10:14:11
220002537555;1;RO;7;DEPUTADO ESTADUAL;LUIZINHO GOEBEL;PL;MASCULINO;BRANCA;ENSINO MÉDIO COMPLETO;ELEITO POR QP;1;0;05/10/2026;10:14:11
270002544478;1;TO;7;DEPUTADO ESTADUAL;GIPÃO;PL;MASCULINO;PARDA;SUPERIOR COMPLETO;ELEITO POR QP;1;0;05/10/2026;10:14:11
270002544481;1;TO;7;DEPUTADO ESTADUAL;WISTON GOMES;PL;MASCULINO;PARDA;SUPERIOR COMPLETO;ELEITO POR QP;1;0;05/10/2026;10:14:11
270002550594;1;TO;7;DEPUTADO ESTADUAL;MARCOS DUARTE;PRD;MASCULINO;BRANCA;SUPERIOR COMPLETO;ELEITO POR QP;1;0;05/10/2026;10:14:11
270002542176;1;TO;7;DEPUTADO ESTADUAL;JORGE FREDERICO;PSDB;MASCULINO;BRANCA;SUPERIOR COMPLETO;ELEITO POR QP;1;0;05/10/2026;10:14:11
60002540725;1;CE;7;DEPUTADO ESTADUAL;JOÃO JAIME;PV;MASCULINO;PARDA;SUPERIOR INCOMPLETO;ELEITO POR QP;1;0;05/10/2026;10:14:11
60002540726;1;CE;7;DEPUTADO ESTADUAL;ILO NETO;PT;MASCULINO;BRANCA;SUPERIOR COMPLETO;ELEITO POR QP;1;0;05/10/2026;10:14:11
60002536679;1;CE;7;DEPUTADO ESTADUAL;OSMAR BAQUIT;PSB;MASCULINO;PARDA;SUPERIOR INCOMPLETO;ELEITO POR QP;1;0;05/10/2026;10:14:11
270002548458;1;TO;7;DEPUTADO ESTADUAL;NILTON FRANCO;UNIÃO;MASCULINO;PARDA;SUPERIOR COMPLETO;ELEITO POR QP;1;0;05/10/2026;10:14:11
10002544524;1;AC;7;DEPUTADO ESTADUAL;ANDRÉ DA DROGA VALE;PP;MASCULINO;BRANCA;SUPERIOR COMPLETO;ELEITO POR QP;1;0;05/10/2026;10:14:11
10002544540;1;AC;7;DEPUTADO ESTADUAL;ADAILTON CRUZ;UNIÃO;MASCULINO;BRANCA;SUPERIOR COMPLETO;ELEITO POR QP;1;0;05/10/2026;10:14:11
60002536979;1;CE;6;DEPUTADO FEDERAL;ANDRÉ FERNANDES;PL;MASCULINO;BRANCA;SUPERIOR COMPLETO;ELEITO POR QP;1;0;05/10/2026;10:14:11
60002542447;1;CE;6;DEPUTADO FEDERAL;NENEN COELHO;MDB;MASCULINO;BRANCA;SUPERIOR INCOMPLETO;ELEITO POR MÉDIA;1;0;05/10/2026;10:14:11
10002550669;1;AC;7;DEPUTADO ESTADUAL;TCHÊ;PDT;MASCULINO;BRANCA;SUPERIOR COMPLETO;ELEITO POR QP;1;0;05/10/2026;10:14:11
110002542607;1;MT;6;DEPUTADO FEDERAL;PROFESSORA ROSA NEIDE;PT;FEMININO;BRANCA;SUPERIOR COMPLETO;ELEITO POR MÉDIA;1;0;05/10/2026;10:14:11
170002535197;1;PE;7;DEPUTADO ESTADUAL;GILSON MACHADO FILHO;PODE;MASCULINO;BRANCA;SUPERIOR COMPLETO;ELEITO POR QP;1;0;05/10/2026;10:14:11
200002533868;1;RN;6;DEPUTADO FEDERAL;THABATTA PIMENTA;PV;FEMININO;PARDA;ENSINO MÉDIO COMPLETO;ELEITO POR MÉDIA;1;0;05/10/2026;10:14:11
170002543726;1;PE;7;DEPUTADO ESTADUAL;DANNILO GODOY;PP;MASCULINO;PARDA;SUPERIOR COMPLETO;ELEITO POR QP;1;0;05/10/2026;10:14:11
230002552760;1;RR;7;DEPUTADO ESTADUAL;DR METON;MDB;MASCULINO;BRANCA;SUPERIOR COMPLETO;ELEITO POR QP;1;0;05/10/2026;10:14:11
170002542899;1;PE;7;DEPUTADO ESTADUAL;ROMERINHO JATOBÁ;PSB;MASCULINO;BRANCA;SUPERIOR COMPLETO;ELEITO POR QP;1;0;05/10/2026;10:14:11
230002549248;1;RR;7;DEPUTADO ESTADUAL;GENILSON COSTA;REPUBLICANOS;MASCULINO;PARDA;SUPERIOR COMPLETO;ELEITO POR QP;1;0;05/10/2026;10:14:11
230002549349;1;RR;7;DEPUTADO ESTADUAL;LUCAS SOUZA;UNIÃO;MASCULINO;BRANCA;SUPERIOR COMPLETO;ELEITO POR MÉDIA;1;0;05/10/2026;10:14:11
230002549333;1;RR;7;DEPUTADO ESTADUAL;ODILON;UNIÃO;MASCULINO;BRANCA;ENSINO MÉDIO COMPLETO;ELEITO POR MÉDIA;1;0;05/10/2026;10:14:11
230002549347;1;RR;7;DEPUTADO ESTADUAL;CATARINA GUERRA;UNIÃO;FEMININO;PARDA;SUPERIOR COMPLETO;ELEITO POR QP;1;0;05/10/2026;10:14:11
70002533381;1;DF;6;DEPUTADO FEDERAL;FÁBIO FELIX;PSOL;MASCULINO;PARDA;SUPERIOR COMPLETO;ELEITO POR QP;1;0;05/10/2026;10:14:11
70002550322;1;DF;6;DEPUTADO FEDERAL;ALBERTO FRAGA;PL;MASCULINO;BRANCA;SUPERIOR COMPLETO;ELEITO POR QP;1;0;05/10/2026;10:14:11
70002539540;1;DF;6;DEPUTADO FEDERAL;AGNELO QUEIROZ;PT;MASCULINO;BRANCA;SUPERIOR COMPLETO;ELEITO POR QP;1;0;05/10/2026;10:14:11
160002540768;1;PR;6;DEPUTADO FEDERAL;NEWTON BONIN;REPUBLICANOS;MASCULINO;BRANCA;SUPERIOR INCOMPLETO;ELEITO POR MÉDIA;1;0;05/10/2026;10:14:11
160002546900;1;PR;6;DEPUTADO FEDERAL;FELIPE FRANCISCHINI;PODE;MASCULINO;BRANCA;SUPERIOR COMPLETO;ELEITO POR QP;1;0;05/10/2026;10:14:11
30002536304;1;AP;6;DEPUTADO FEDERAL;ALINE GURGEL;UNIÃO;FEMININO;PARDA;SUPERIOR COMPLETO;ELEITO POR QP;1;0;05/10/2026;10:14:11
30002538084;1;AP;6;DEPUTADO FEDERAL;VINICIUS GURGEL;PL;MASCULINO;BRANCA;SUPERIOR COMPLETO;ELEITO POR MÉDIA;1;0;05/10/2026;10:14:11
270002548525;1;TO;6;DEPUTADO FEDERAL;LUCAS CAMPELO;REPUBLICANOS;MASCULINO;PARDA;SUPERIOR INCOMPLETO;ELEITO POR QP;1;0;05/10/2026;10:14:11
200002533863;1;RN;7;DEPUTADO ESTADUAL;DIVANEIDE BASÍLIO;PT;FEMININO;PRETA;SUPERIOR COMPLETO;ELEITO POR QP;1;0;05/10/2026;10:14:11
200002533862;1;RN;7;DEPUTADO ESTADUAL;ISOLDA DANTAS;PT;FEMININO;BRANCA;SUPERIOR COMPLETO;ELEITO POR QP;1;0;05/10/2026;10:14:11
200002533849;1;RN;7;DEPUTADO ESTADUAL;DANIEL VALENÇA;PT;MASCULINO;BRANCA;SUPERIOR COMPLETO;ELEITO POR QP;1;0;05/10/2026;10:14:11
200002535730;1;RN;7;DEPUTADO ESTADUAL;CINTHIA DE ALLYSON;UNIÃO;FEMININO;BRANCA;SUPERIOR COMPLETO;ELEITO POR QP;1;0;05/10/2026;10:14:11
30002539122;1;AP;7;DEPUTADO ESTADUAL;JORGE AMANAJAS;UNIÃO;MASCULINO;PARDA;SUPERIOR COMPLETO;ELEITO POR QP;1;0;05/10/2026;10:14:11
60002536699;1;CE;6;DEPUTADO FEDERAL;IDILVAN;PSB;MASCULINO;BRANCA;SUPERIOR COMPLETO;ELEITO POR QP;1;0;05/10/2026;10:14:11
90002554683;1;GO;7;DEPUTADO ESTADUAL;CAROL DO AMILTINHO;MDB;FEMININO;BRANCA;SUPERIOR COMPLETO;ELEITO POR QP;1;0;05/10/2026;10:14:11
190002541640;1;RJ;7;DEPUTADO ESTADUAL;RAFAEL NOBRE;UNIÃO;MASCULINO;BRANCA;ENSINO MÉDIO COMPLETO;ELEITO POR QP;1;0;05/10/2026;10:14:11
90002543243;1;GO;6;DEPUTADO FEDERAL;SILVYE ALVES;UNIÃO;FEMININO;PARDA;SUPERIOR COMPLETO;ELEITO POR MÉDIA;1;0;05/10/2026;10:14:11
190002541086;1;RJ;6;DEPUTADO FEDERAL;RENATO COZZOLINO;PP;MASCULINO;BRANCA;SUPERIOR COMPLETO;ELEITO POR QP;1;0;05/10/2026;10:14:11
240002533824;1;SC;6;DEPUTADO FEDERAL;ANA PAULA LIMA;PT;FEMININO;BRANCA;SUPERIOR COMPLETO;ELEITO POR QP;1;0;05/10/2026;10:14:11
90002542624;1;GO;6;DEPUTADO FEDERAL;MAGDA MOFATTO;PL;FEMININO;BRANCA;SUPERIOR INCOMPLETO;ELEITO POR QP;1;0;05/10/2026;10:14:11
90002542626;1;GO;6;DEPUTADO FEDERAL;MAJOR VITOR HUGO;PL;MASCULINO;PARDA;SUPERIOR COMPLETO;ELEITO POR QP;1;0;05/10/2026;10:14:11
40002540480;1;AM;6;DEPUTADO FEDERAL;SARGENTO SALAZAR;PL;MASCULINO;BRANCA;SUPERIOR COMPLETO;ELEITO POR QP;1;0;05/10/2026;10:14:11
240002539371;1;SC;6;DEPUTADO FEDERAL;JAIR BOLSONARO;PL;MASCULINO;BRANCA;SUPERIOR INCOMPLETO;ELEITO POR QP;1;0;05/10/2026;10:14:11
190002532817;1;RJ;6;DEPUTADO FEDERAL;DOUGLAS GOMES;PL;MASCULINO;BRANCA;SUPERIOR COMPLETO;ELEITO POR MÉDIA;1;0;05/10/2026;10:14:11
190002532823;1;RJ;6;DEPUTADO FEDERAL;JORGE MIRANDA;PL;MASCULINO;BRANCA;SUPERIOR INCOMPLETO;ELEITO POR MÉDIA;1;0;05/10/2026;10:14:11
190002532827;1;RJ;6;DEPUTADO FEDERAL;DANI CUNHA;PL;FEMININO;BRANCA;ENSINO MÉDIO COMPLETO;ELEITO POR QP;1;0;05/10/2026;10:14:11
190002532819;1;RJ;6;DEPUTADO FEDERAL;GENERAL PAZUELLO;PL;MASCULINO;BRANCA;SUPERIOR COMPLETO;ELEITO POR QP;1;0;05/10/2026;10:14:11
190002536159;1;RJ;6;DEPUTADO FEDERAL;RICK AZEVEDO;PSOL;MASCULINO;PRETA;SUPERIOR INCOMPLETO;ELEITO POR QP;1;0;05/10/2026;10:14:11
50002535556;1;BA;7;DEPUTADO ESTADUAL;LÉO DE NECO;AVANTE;MASCULINO;PARDA;SUPERIOR COMPLETO;ELEITO POR QP;1;0;05/10/2026;10:14:11
130002542016;1;MG;6;DEPUTADO FEDERAL;MARCELO ÁLVARO ANTÔNIO;PL;MASCULINO;BRANCA;ENSINO MÉDIO COMPLETO;ELEITO POR QP;1;0;05/10/2026;10:14:11
50002538677;1;BA;7;DEPUTADO ESTADUAL;MARQUINHO VIANA;PV;MASCULINO;BRANCA;SUPERIOR INCOMPLETO;ELEITO POR MÉDIA;1;0;05/10/2026;10:14:11
130002542004;1;MG;6;DEPUTADO FEDERAL;DELEGADA IONE;PL;FEMININO;BRANCA;SUPERIOR COMPLETO;ELEITO POR QP;1;0;05/10/2026;10:14:11
50002538682;1;BA;7;DEPUTADO ESTADUAL;EDUARDO SALLES;PV;MASCULINO;BRANCA;SUPERIOR COMPLETO;ELEITO POR QP;1;0;05/10/2026;10:14:11
50002537848;1;BA;7;DEPUTADO ESTADUAL;ZÓ DO SERTÃO;PCDOB;MASCULINO;PARDA;ENSINO MÉDIO COMPLETO;ELEITO POR QP;1;0;05/10/2026;10:14:11
130002533240;1;MG;6;DEPUTADO FEDERAL;FRED COSTA;PRD;MASCULINO;BRANCA;SUPERIOR INCOMPLETO;ELEITO POR QP;1;0;05/10/2026;10:14:11
50002538724;1;BA;7;DEPUTADO ESTADUAL;CARLINHOS SOBRAL;MDB;MASCULINO;BRANCA;ENSINO MÉDIO COMPLETO;ELEITO POR QP;1;0;05/10/2026;10:14:11
50002532550;1;BA;7;DEPUTADO ESTADUAL;JOSÉ DE ARIMATEIA;REPUBLICANOS;MASCULINO;BRANCA;SUPERIOR COMPLETO;ELEITO POR MÉDIA;1;0;05/10/2026;10:14:11
250002536268;1;SP;7;DEPUTADO ESTADUAL;ENIO TATTO;PT;MASCULINO;BRANCA;SUPERIOR COMPLETO;ELEITO POR QP;1;0;05/10/2026;10:14:11
190002534839;1;RJ;6;DEPUTADO FEDERAL;AUREO RIBEIRO;SOLIDARIEDADE;MASCULINO;BRANCA;SUPERIOR COMPLETO;ELEITO POR QP;1;0;05/10/2026;10:14:11
130002535285;1;MG;6;DEPUTADO FEDERAL;PEDRO ROUSSEFF;PT;MASCULINO;BRANCA;SUPERIOR COMPLETO;ELEITO POR QP;1;0;05/10/2026;10:14:11
50002532688;1;BA;7;DEPUTADO ESTADUAL;EDUARDO ALENCAR;PSD;MASCULINO;BRANCA;SUPERIOR COMPLETO;ELEITO POR QP;1;0;05/10/2026;10:14:11
130002535315;1;MG;6;DEPUTADO FEDERAL;BELLA GONÇALVES;PT;FEMININO;BRANCA;SUPERIOR COMPLETO;ELEITO POR MÉDIA;1;0;05/10/2026;10:14:11
250002536846;1;SP;7;DEPUTADO ESTADUAL;DONATO;PT;MASCULINO;BRANCA;SUPERIOR COMPLETO;ELEITO POR QP;1;0;05/10/2026;10:14:11
250002536833;1;SP;7;DEPUTADO ESTADUAL;DUDA HIDALGO;PT;FEMININO;PARDA;SUPERIOR COMPLETO;ELEITO POR QP;1;0;05/10/2026;10:14:11
190002543097;1;RJ;6;DEPUTADO FEDERAL;ELIAS JABBOUR;PCDOB;MASCULINO;BRANCA;SUPERIOR COMPLETO;ELEITO POR QP;1;0;05/10/2026;10:14:11
130002542743;1;MG;6;DEPUTADO FEDERAL;DIMAS FABIANO;PP;MASCULINO;BRANCA;SUPERIOR COMPLETO;ELEITO POR QP;1;0;05/10/2026;10:14:11
250002538926;1;SP;7;DEPUTADO ESTADUAL;SOFIA FAVERO;PSOL;FEMININO;BRANCA;SUPERIOR COMPLETO;ELEITO POR QP;1;0;05/10/2026;10:14:11
50002535102;1;BA;7;DEPUTADO ESTADUAL;DIEGO CASTRO;PL;MASCULINO;PARDA;SUPERIOR COMPLETO;ELEITO POR QP;1;0;05/10/2026;10:14:11
250002538929;1;SP;7;DEPUTADO ESTADUAL;MARIANA CONTI;PSOL;FEMININO;AMARELA;SUPERIOR COMPLETO;ELEITO POR QP;1;0;05/10/2026;10:14:11
250002538904;1;SP;7;DEPUTADO ESTADUAL;EDIANE MARIA;PSOL;FEMININO;PRETA;ENSINO MÉDIO COMPLETO;ELEITO POR QP;1;0;05/10/2026;10:14:11
250002538918;1;SP;7;DEPUTADO ESTADUAL;MONICA DAS PRETAS;PSOL;FEMININO;PRETA;SUPERIOR COMPLETO;ELEITO POR QP;1;0;05/10/2026;10:14:11
180002536231;1;PI;7;DEPUTADO ESTADUAL;ANYARA SANTOS;MDB;FEMININO;BRANCA;SUPERIOR COMPLETO;ELEITO POR QP;1;0;05/10/2026;10:14:11
180002533559;1;PI;7;DEPUTADO ESTADUAL;DR. VINICIUS;PT;MASCULINO;PARDA;SUPERIOR COMPLETO;ELEITO POR QP;1;0;05/10/2026;10:14:11
220002536880;1;RO;6;DEPUTADO FEDERAL;CORONEL CHRISÓSTOMO;PL;MASCULINO;PARDA;SUPERIOR COMPLETO;ELEITO POR QP;1;0;05/10/2026;10:14:11
180002539038;1;PI;7;DEPUTADO ESTADUAL;GUSTAVO NEIVA;PP;MASCULINO;BRANCA;SUPERIOR COMPLETO;ELEITO POR QP;1;0;05/10/2026;10:14:11
120002539710;1;MS;7;DEPUTADO ESTADUAL;LONDRES MACHADO;PP;MASCULINO;BRANCA;SUPERIOR COMPLETO;ELEITO POR QP;1;0;05/10/2026;10:14:11
220002542944;1;RO;6;DEPUTADO FEDERAL;THIAGO FLORES;UNIÃO;MASCULINO;BRANCA;SUPERIOR COMPLETO;ELEITO POR QP;1;0;05/10/2026;10:14:11
90002544876;1;GO;7;DEPUTADO ESTADUAL;GUSTAVO SEBBA;PSDB;MASCULINO;PARDA;SUPERIOR COMPLETO;ELEITO POR QP;1;0;05/10/2026;10:14:11
120002535531;1;MS;7;DEPUTADO ESTADUAL;ÂNGELO GUERREIRO;PSDB;MASCULINO;BRANCA;ENSINO FUNDAMENTAL INCOMPLETO;ELEITO POR QP;1;0;05/10/2026;10:14:11
70002533401;1;DF;8;DEPUTADO DISTRITAL;KEKA BAGNO;PSOL;FEMININO;PRETA;SUPERIOR COMPLETO;ELEITO POR QP;1;0;05/10/2026;10:14:11
90002540987;1;GO;7;DEPUTADO ESTADUAL;NETO KARFAN;NOVO;MASCULINO;BRANCA;ENSINO MÉDIO COMPLETO;ELEITO POR QP;1;0;05/10/2026;10:14:11
70002542499;1;DF;8;DEPUTADO DISTRITAL;MÚCIO;PSB;MASCULINO;BRANCA;SUPERIOR COMPLETO;ELEITO POR QP;1;0;05/10/2026;10:14:11
90002543189;1;GO;7;DEPUTADO ESTADUAL;JOSCILENE DO MANGÃO;AGIR;FEMININO;PARDA;SUPERIOR INCOMPLETO;ELEITO POR QP;1;0;05/10/2026;10:14:11
250002541857;1;SP;7;DEPUTADO ESTADUAL;ELY SANTOS;REPUBLICANOS;FEMININO;PARDA;ENSINO MÉDIO COMPLETO;ELEITO POR QP;1;0;05/10/2026;10:14:11
70002540512;1;DF;8;DEPUTADO DISTRITAL;RICARDO VALE;PT;MASCULINO;PARDA;SUPERIOR COMPLETO;ELEITO POR MÉDIA;1;0;05/10/2026;10:14:11
70002540525;1;DF;8;DEPUTADO DISTRITAL;GABRIEL MAGNO;PT;MASCULINO;BRANCA;SUPERIOR COMPLETO;ELEITO POR QP;1;0;05/10/2026;10:14:11
90002547010;1;GO;7;DEPUTADO ESTADUAL;JAMIL CALIFE;PP;MASCULINO;BRANCA;SUPERIOR COMPLETO;ELEITO POR QP;1;0;05/10/2026;10:14:11
90002546221;1;GO;7;DEPUTADO ESTADUAL;CHARLES BENTO;MDB;MASCULINO;BRANCA;ENSINO MÉDIO COMPLETO;ELEITO POR QP;1;0;05/10/2026;10:14:11
70002537382;1;DF;8;DEPUTADO DISTRITAL;ROGERIO MORRO DA CRUZ;PSD;MASCULINO;PARDA;ENSINO MÉDIO COMPLETO;ELEITO POR QP;1;0;05/10/2026;10:14:11
240002551467;1;SC;7;DEPUTADO ESTADUAL;CLESIO SALVARO;PSD;MASCULINO;BRANCA;ENSINO MÉDIO COMPLETO;ELEITO POR QP;1;0;05/10/2026;10:14:11
240002539971;1;SC;7;DEPUTADO ESTADUAL;JESSÉ LOPES;PL;MASCULINO;BRANCA;SUPERIOR COMPLETO;ELEITO POR QP;1;0;05/10/2026;10:14:11
240002539977;1;SC;7;DEPUTADO ESTADUAL;ANA CAMPAGNOLO;PL;FEMININO;BRANCA;SUPERIOR COMPLETO;ELEITO POR QP;1;0;05/10/2026;10:14:11
90002540861;1;GO;7;DEPUTADO ESTADUAL;BIA DE LIMA;PT;FEMININO;BRANCA;SUPERIOR COMPLETO;ELEITO POR MÉDIA;1;0;05/10/2026;10:14:11
240002539565;1;SC;7;DEPUTADO ESTADUAL;OSMAR TEIXEIRA;PODE;MASCULINO;BRANCA;SUPERIOR COMPLETO;ELEITO POR QP;1;0;05/10/2026;10:14:11
70002538503;1;DF;8;DEPUTADO DISTRITAL;RÔNEY NEMER;PP;MASCULINO;BRANCA;SUPERIOR COMPLETO;ELEITO POR QP;1;0;05/10/2026;10:14:11
240002537811;1;SC;7;DEPUTADO ESTADUAL;MARQUITO;PSOL;MASCULINO;BRANCA;SUPERIOR COMPLETO;ELEITO POR QP;1;0;05/10/2026;10:14:11
10002545231;1;AC;6;DEPUTADO FEDERAL;SOCORRO NERI;PP;FEMININO;BRANCA;SUPERIOR COMPLETO;ELEITO POR QP;1;0;05/10/2026;10:14:11
10002545228;1;AC;6;DEPUTADO FEDERAL;CORONEL ULYSSES;UNIÃO;MASCULINO;PRETA;SUPERIOR COMPLETO;ELEITO POR QP;1;0;05/10/2026;10:14:11
90002537428;1;GO;7;DEPUTADO ESTADUAL;HENRIQUE CÉSAR;PODE;MASCULINO;BRANCA;SUPERIOR COMPLETO;ELEITO POR QP;1;0;05/10/2026;10:14:11
250002536395;1;SP;7;DEPUTADO ESTADUAL;TENENTE COIMBRA;PL;MASCULINO;BRANCA;SUPERIOR COMPLETO;ELEITO POR QP;1;0;05/10/2026;10:14:11
130002535321;1;MG;7;DEPUTADO ESTADUAL;ANA PAULA SIQUEIRA;PT;FEMININO;PRETA;SUPERIOR COMPLETO;ELEITO POR QP;1;0;05/10/2026;10:14:11
140002540461;1;PA;6;DEPUTADO FEDERAL;CASSIO ANDRADE;MDB;MASCULINO;PARDA;SUPERIOR COMPLETO;ELEITO POR MÉDIA;1;0;05/10/2026;10:14:11
130002535363;1;MG;7;DEPUTADO ESTADUAL;LENINHA;PT;FEMININO;PRETA;SUPERIOR COMPLETO;ELEITO POR QP;1;0;05/10/2026;10:14:11
250002536429;1;SP;7;DEPUTADO ESTADUAL;DANILO BALAS;PL;MASCULINO;BRANCA;SUPERIOR COMPLETO;ELEITO POR QP;1;0;05/10/2026;10:14:11
130002535330;1;MG;7;DEPUTADO ESTADUAL;CRISTIANO SILVEIRA;PT;MASCULINO;PARDA;SUPERIOR COMPLETO;ELEITO POR QP;1;0;05/10/2026;10:14:11
140002546710;1;PA;6;DEPUTADO FEDERAL;JOAQUIM PASSARINHO;PL;MASCULINO;BRANCA;SUPERIOR COMPLETO;ELEITO POR QP;1;0;05/10/2026;10:14:11
210002533902;1;RS;6;DEPUTADO FEDERAL;FERNANDA MELCHIONNA;PSOL;FEMININO;BRANCA;SUPERIOR COMPLETO;ELEITO POR QP;1;0;05/10/2026;10:14:11
250002536419;1;SP;7;DEPUTADO ESTADUAL;BRUNO ZAMBELLI;PL;MASCULINO;BRANCA;SUPERIOR COMPLETO;ELEITO POR QP;1;0;05/10/2026;10:14:11
140002537039;1;PA;6;DEPUTADO FEDERAL;JÚNIOR FERRARI;PSD;MASCULINO;BRANCA;SUPERIOR COMPLETO;ELEITO POR QP;1;0;05/10/2026;10:14:11
130002539884;1;MG;7;DEPUTADO ESTADUAL;MAURO TRAMONTE;REPUBLICANOS;MASCULINO;BRANCA;SUPERIOR COMPLETO;ELEITO POR QP;1;0;05/10/2026;10:14:11
210002534668;1;RS;6;DEPUTADO FEDERAL;OSMAR TERRA;PL;MASCULINO;BRANCA;SUPERIOR COMPLETO;ELEITO POR QP;1;0;05/10/2026;10:14:11
130002542079;1;MG;7;DEPUTADO ESTADUAL;ANDERSON LIMA;PL;MASCULINO;PARDA;SUPERIOR COMPLETO;ELEITO POR QP;1;0;05/10/2026;10:14:11
210002534584;1;RS;6;DEPUTADO FEDERAL;VALDECI OLIVEIRA;PT;MASCULINO;BRANCA;SUPERIOR INCOMPLETO;ELEITO POR MÉDIA;1;0;05/10/2026;10:14:11
210002534583;1;RS;6;DEPUTADO FEDERAL;DENISE PESSÔA;PT;FEMININO;PRETA;SUPERIOR COMPLETO;ELEITO POR QP;1;0;05/10/2026;10:14:11
120002537356;1;MS;6;DEPUTADO FEDERAL;ISA MARCONDES;REPUBLICANOS;FEMININO;BRANCA;ENSINO FUNDAMENTAL INCOMPLETO;ELEITO POR MÉDIA;1;0;05/10/2026;10:14:11
150002533578;1;PB;6;DEPUTADO FEDERAL;RUY CARNEIRO;PODE;MASCULINO;BRANCA;SUPERIOR COMPLETO;ELEITO POR QP;1;0;05/10/2026;10:14:11
130002542068;1;MG;7;DEPUTADO ESTADUAL;DENERVAL GERMANO;PL;MASCULINO;BRANCA;SUPERIOR COMPLETO;ELEITO POR QP;1;0;05/10/2026;10:14:11
120002538791;1;MS;6;DEPUTADO FEDERAL;DAGOBERTO NOGUEIRA;PP;MASCULINO;BRANCA;SUPERIOR COMPLETO;ELEITO POR MÉDIA;1;0;05/10/2026;10:14:11
150002544010;1;PB;6;DEPUTADO FEDERAL;WELLINGTON ROBERTO;PSD;MASCULINO;PARDA;SUPERIOR INCOMPLETO;ELEITO POR QP;1;0;05/10/2026;10:14:11
110002539234;1;MT;7;DEPUTADO ESTADUAL;GILBERTO CATTANI;PL;MASCULINO;BRANCA;ENSINO MÉDIO COMPLETO;ELEITO POR QP;1;0;05/10/2026;10:14:11
130002549960;1;MG;7;DEPUTADO ESTADUAL;GIL PEREIRA;PSD;MASCULINO;BRANCA;SUPERIOR COMPLETO;ELEITO POR QP;1;0;05/10/2026;10:14:11
100002536097;1;MA;6;DEPUTADO FEDERAL;LARISSA DP;MDB;FEMININO;PARDA;SUPERIOR COMPLETO;ELEITO POR QP;1;0;05/10/2026;10:14:11
130002542754;1;MG;7;DEPUTADO ESTADUAL;BETINHO PINTO COELHO;UNIÃO;MASCULINO;BRANCA;SUPERIOR COMPLETO;ELEITO POR QP;1;0;05/10/2026;10:14:11
100002536094;1;MA;6;DEPUTADO FEDERAL;JUNIOR LOURENÇO;MDB;MASCULINO;PARDA;SUPERIOR COMPLETO;ELEITO POR MÉDIA;1;0;05/10/2026;10:14:11
100002536098;1;MA;6;DEPUTADO FEDERAL;HILDO ROCHA;MDB;MASCULINO;BRANCA;SUPERIOR COMPLETO;ELEITO POR QP;1;0;05/10/2026;10:14:11
100002542884;1;MA;6;DEPUTADO FEDERAL;JOSIVALDO JP;UNIÃO;MASCULINO;PRETA;ENSINO MÉDIO COMPLETO;ELEITO POR MÉDIA;1;0;05/10/2026;10:14:11
110002547808;1;MT;7;DEPUTADO ESTADUAL;VALMIR MORETTO;REPUBLICANOS;MASCULINO;BRANCA;ENSINO FUNDAMENTAL INCOMPLETO;ELEITO POR QP;1;0;05/10/2026;10:14:11
130002532951;1;MG;7;DEPUTADO ESTADUAL;ROBERTO ANDRADE;PRD;MASCULINO;BRANCA;ENSINO MÉDIO COMPLETO;ELEITO POR QP;1;0;05/10/2026;10:14:11
190002536108;1;RJ;7;DEPUTADO ESTADUAL;LUCIANA BOITEUX;PSOL;FEMININO;BRANCA;SUPERIOR COMPLETO;ELEITO POR QP;1;0;05/10/2026;10:14:11
190002536132;1;RJ;7;DEPUTADO ESTADUAL;YURI MOURA;PSOL;MASCULINO;BRANCA;SUPERIOR COMPLETO;ELEITO POR MÉDIA;1;0;05/10/2026;10:14:11
130002534510;1;MG;7;DEPUTADO ESTADUAL;ZÉ LAVIOLA;NOVO;MASCULINO;PARDA;SUPERIOR COMPLETO;ELEITO POR MÉDIA;1;0;05/10/2026;10:14:11
100002537267;1;MA;6;DEPUTADO FEDERAL;DR. ORLANDO;PL;MASCULINO;PARDA;SUPERIOR COMPLETO;ELEITO POR MÉDIA;1;0;05/10/2026;10:14:11
210002539798;1;RS;7;DEPUTADO ESTADUAL;DIEGO PICUCHA;PDT;MASCULINO;BRANCA;SUPERIOR COMPLETO;ELEITO POR QP;1;0;05/10/2026;10:14:11
40002541747;1;AM;7;DEPUTADO ESTADUAL;WANDERLEY MONTEIRO;UNIÃO;MASCULINO;PARDA;SUPERIOR COMPLETO;ELEITO POR QP;1;0;05/10/2026;10:14:11
40002545613;1;AM;7;DEPUTADO ESTADUAL;ZÉ RICARDO;PT;MASCULINO;BRANCA;SUPERIOR COMPLETO;ELEITO POR QP;1;0;05/10/2026;10:14:11
40002545606;1;AM;7;DEPUTADO ESTADUAL;CLÓVIS CURUBÃO;PT;MASCULINO;INDÍGENA;ENSINO FUNDAMENTAL INCOMPLETO;ELEITO POR MÉDIA;1;0;05/10/2026;10:14:11
210002535698;1;RS;7;DEPUTADO ESTADUAL;CLÁUDIO TATSCH;PL;MASCULINO;BRANCA;SUPERIOR COMPLETO;ELEITO POR QP;1;0;05/10/2026;10:14:11
40002532767;1;AM;7;DEPUTADO ESTADUAL;WILKER BARRETO;PSD;MASCULINO;BRANCA;SUPERIOR COMPLETO;ELEITO POR QP;1;0;05/10/2026;10:14:11
210002534313;1;RS;7;DEPUTADO ESTADUAL;RONALDO SANTINI;PODE;MASCULINO;BRANCA;SUPERIOR COMPLETO;ELEITO POR QP;1;0;05/10/2026;10:14:11
190002543582;1;RJ;7;DEPUTADO ESTADUAL;ELIKA TAKIMOTO;PT;FEMININO;AMARELA;SUPERIOR COMPLETO;ELEITO POR QP;1;0;05/10/2026;10:14:11
100002540269;1;MA;7;DEPUTADO ESTADUAL;VANESSA MARRECA;MDB;FEMININO;BRANCA;SUPERIOR COMPLETO;ELEITO POR QP;1;0;05/10/2026;10:14:11
100002540272;1;MA;7;DEPUTADO ESTADUAL;ARISTON;MDB;MASCULINO;BRANCA;ENSINO MÉDIO COMPLETO;ELEITO POR MÉDIA;1;0;05/10/2026;10:14:11
190002543309;1;RJ;7;DEPUTADO ESTADUAL;ANDRÉ CECILIANO;PT;MASCULINO;BRANCA;SUPERIOR COMPLETO;ELEITO POR QP;1;0;05/10/2026;10:14:11
210002537896;1;RS;7;DEPUTADO ESTADUAL;RONIZE DAMASSINI;PP;FEMININO;BRANCA;SUPERIOR COMPLETO;ELEITO POR QP;1;0;05/10/2026;10:14:11
210002537645;1;RS;7;DEPUTADO ESTADUAL;LUÍS FERNANDO PIRES;PP;MASCULINO;BRANCA;SUPERIOR COMPLETO;ELEITO POR QP;1;0;05/10/2026;10:14:11
100002537283;1;MA;7;DEPUTADO ESTADUAL;ULISSES GONÇALVES;PL;MASCULINO;PARDA;ENSINO MÉDIO COMPLETO;ELEITO POR QP;1;0;05/10/2026;10:14:11
100002537291;1;MA;7;DEPUTADO ESTADUAL;JOSIMAR;PL;MASCULINO;BRANCA;SUPERIOR COMPLETO;ELEITO POR QP;1;0;05/10/2026;10:14:11
100002537280;1;MA;7;DEPUTADO ESTADUAL;ALUÍZIO SANTOS;PL;MASCULINO;PRETA;SUPERIOR COMPLETO;ELEITO POR QP;1;0;05/10/2026;10:14:11
100002537299;1;MA;7;DEPUTADO ESTADUAL;CLÁUDIO CUNHA;PL;MASCULINO;BRANCA;SUPERIOR INCOMPLETO;ELEITO POR MÉDIA;1;0;05/10/2026;10:14:11
210002540668;1;RS;7;DEPUTADO ESTADUAL;MARCELO ARRUDA;PSD;MASCULINO;BRANCA;SUPERIOR COMPLETO;ELEITO POR QP;1;0;05/10/2026;10:14:11
190002533421;1;RJ;7;DEPUTADO ESTADUAL;DANIEL MARQUES;PL;MASCULINO;BRANCA;SUPERIOR COMPLETO;ELEITO POR MÉDIA;1;0;05/10/2026;10:14:11
190002533709;1;RJ;7;DEPUTADO ESTADUAL;POUBEL FILHO;PL;MASCULINO;BRANCA;ENSINO MÉDIO COMPLETO;ELEITO POR MÉDIA;1;0;05/10/2026;10:14:11
210002533936;1;RS;7;DEPUTADO ESTADUAL;LUCIANA GENRO;PSOL;FEMININO;BRANCA;SUPERIOR COMPLETO;ELEITO POR QP;1;0;05/10/2026;10:14:11
140002544232;1;PA;7;DEPUTADO ESTADUAL;FABRICIO MIRANDA;PODE;MASCULINO;PARDA;ENSINO MÉDIO COMPLETO;ELEITO POR QP;1;0;05/10/2026;10:14:11
140002536775;1;PA;7;DEPUTADO ESTADUAL;TORRINHO TORRES;REPUBLICANOS;MASCULINO;PARDA;ENSINO MÉDIO COMPLETO;ELEITO POR QP;1;0;05/10/2026;10:14:11
100002550345;1;MA;7;DEPUTADO ESTADUAL;PAULA PRATA;PSD;FEMININO;BRANCA;SUPERIOR COMPLETO;ELEITO POR QP;1;0;05/10/2026;10:14:11
100002550335;1;MA;7;DEPUTADO ESTADUAL;DINO DO ALDENORA BELO;PSD;MASCULINO;BRANCA;SUPERIOR COMPLETO;ELEITO POR QP;1;0;05/10/2026;10:14:11
140002549285;1;PA;7;DEPUTADO ESTADUAL;MARIZA ALMEIDA;PL;FEMININO;BRANCA;SUPERIOR COMPLETO;ELEITO POR QP;1;0;05/10/2026;10:14:11
190002541672;1;RJ;7;DEPUTADO ESTADUAL;GUSTAVO TUTUCA;PP;MASCULINO;BRANCA;SUPERIOR COMPLETO;ELEITO POR QP;1;0;05/10/2026;10:14:11
50002532883;1;BA;6;DEPUTADO FEDERAL;DOUTORA RAISSA SOARES;PL;FEMININO;BRANCA;SUPERIOR COMPLETO;ELEITO POR QP;1;0;05/10/2026;10:14:11
190002534083;1;RJ;7;DEPUTADO ESTADUAL;ARTHUR MONTEIRO;SOLIDARIEDADE;MASCULINO;BRANCA;SUPERIOR COMPLETO;ELEITO POR MÉDIA;1;0;05/10/2026;10:14:11
140002536869;1;PA;7;DEPUTADO ESTADUAL;GUSTAVO SEFER;PSD;MASCULINO;BRANCA;SUPERIOR COMPLETO;ELEITO POR QP;1;0;05/10/2026;10:14:11
50002532637;1;BA;6;DEPUTADO FEDERAL;GABRIEL NUNES;PSD;MASCULINO;BRANCA;SUPERIOR COMPLETO;ELEITO POR QP;1;0;05/10/2026;10:14:11
50002532630;1;BA;6;DEPUTADO FEDERAL;RAIMUNDO COSTA;PSD;MASCULINO;PARDA;SUPERIOR COMPLETO;ELEITO POR QP;1;0;05/10/2026;10:14:11
50002532635;1;BA;6;DEPUTADO FEDERAL;CHARLES FERNANDES;PSD;MASCULINO;PARDA;SUPERIOR COMPLETO;ELEITO POR MÉDIA;1;0;05/10/2026;10:14:11
180002533196;1;PI;6;DEPUTADO FEDERAL;GEORGIANO;PSD;MASCULINO;PARDA;SUPERIOR COMPLETO;ELEITO POR QP;1;0;05/10/2026;10:14:11
50002531399;1;BA;6;DEPUTADO FEDERAL;FELIX MENDONÇA;PDT;MASCULINO;PARDA;SUPERIOR COMPLETO;ELEITO POR MÉDIA;1;0;05/10/2026;10:14:11
180002532473;1;PI;6;DEPUTADO FEDERAL;ZÉ SANTANA;PT;MASCULINO;PARDA;SUPERIOR COMPLETO;ELEITO POR QP;1;0;05/10/2026;10:14:11
190002541679;1;RJ;7;DEPUTADO ESTADUAL;CARLINHOS BNH;PP;MASCULINO;PRETA;ENSINO MÉDIO COMPLETO;ELEITO POR QP;1;0;05/10/2026;10:14:11
50002534977;1;BA;6;DEPUTADO FEDERAL;DITINHO AVIVIP;UNIÃO;MASCULINO;BRANCA;ENSINO FUNDAMENTAL INCOMPLETO;ELEITO POR QP;1;0;05/10/2026;10:14:11
50002534990;1;BA;6;DEPUTADO FEDERAL;DAL BARRETO;UNIÃO;MASCULINO;PARDA;ENSINO FUNDAMENTAL COMPLETO;ELEITO POR QP;1;0;05/10/2026;10:14:11
50002532649;1;BA;6;DEPUTADO FEDERAL;CARLOS MUNIZ;PSDB;MASCULINO;PARDA;SUPERIOR COMPLETO;ELEITO POR QP;1;0;05/10/2026;10:14:11
50002532643;1;BA;6;DEPUTADO FEDERAL;ADOLFO VIANA;PSDB;MASCULINO;BRANCA;SUPERIOR COMPLETO;ELEITO POR QP;1;0;05/10/2026;10:14:11
260002540205;1;SE;7;DEPUTADO ESTADUAL;KITTY LIMA;PSB;FEMININO;BRANCA;SUPERIOR COMPLETO;ELEITO POR MÉDIA;1;0;05/10/2026;10:14:11
20002550946;1;AL;7;DEPUTADO ESTADUAL;LEONARDO DIAS;PL;MASCULINO;BRANCA;SUPERIOR COMPLETO;ELEITO POR QP;1;0;05/10/2026;10:14:11
260002547476;1;SE;7;DEPUTADO ESTADUAL;ADAILTON MARTINS;PSD;MASCULINO;PARDA;SUPERIOR COMPLETO;ELEITO POR QP;1;0;05/10/2026;10:14:11
260002547486;1;SE;7;DEPUTADO ESTADUAL;CORONEL RIBEIRO;PSD;MASCULINO;BRANCA;SUPERIOR COMPLETO;ELEITO POR MÉDIA;1;0;05/10/2026;10:14:11
260002547478;1;SE;7;DEPUTADO ESTADUAL;JORGINHO ARAUJO;PSD;MASCULINO;BRANCA;SUPERIOR COMPLETO;ELEITO POR QP;1;0;05/10/2026;10:14:11
20002548097;1;AL;7;DEPUTADO ESTADUAL;RICARDO NEZINHO;MDB;MASCULINO;BRANCA;SUPERIOR COMPLETO;ELEITO POR QP;1;0;05/10/2026;10:14:11
20002548325;1;AL;7;DEPUTADO ESTADUAL;MESAQUE PADILHA;PP;MASCULINO;BRANCA;SUPERIOR COMPLETO;ELEITO POR MÉDIA;1;0;05/10/2026;10:14:11
20002548335;1;AL;7;DEPUTADO ESTADUAL;ROSE DAVINO;PP;FEMININO;BRANCA;SUPERIOR INCOMPLETO;ELEITO POR QP;1;0;05/10/2026;10:14:11
20002548326;1;AL;7;DEPUTADO ESTADUAL;DELEGADO LEONAM;UNIÃO;MASCULINO;BRANCA;SUPERIOR COMPLETO;ELEITO POR QP;1;0;05/10/2026;10:14:11
20002548338;1;AL;7;DEPUTADO ESTADUAL;FERNANDO PEREIRA;PP;MASCULINO;BRANCA;ENSINO MÉDIO INCOMPLETO;ELEITO POR QP;1;0;05/10/2026;10:14:11
80002535790;1;ES;7;DEPUTADO ESTADUAL;HUDSON LEAL;AGIR;MASCULINO;PARDA;SUPERIOR COMPLETO;ELEITO POR QP;1;0;05/10/2026;10:14:11
80002549489;1;ES;7;DEPUTADO ESTADUAL;CAMILA VALADÃO;PSOL;FEMININO;PRETA;SUPERIOR COMPLETO;ELEITO POR QP;1;0;05/10/2026;10:14:11
150002540238;1;PB;7;DEPUTADO ESTADUAL;HERVAZIO BEZERRA;MDB;MASCULINO;BRANCA;SUPERIOR COMPLETO;ELEITO POR QP;1;0;05/10/2026;10:14:11
80002549443;1;ES;7;DEPUTADO ESTADUAL;JOSE ESMERALDO;UNIÃO;MASCULINO;BRANCA;SUPERIOR COMPLETO;ELEITO POR MÉDIA;1;0;05/10/2026;10:14:11
80002549445;1;ES;7;DEPUTADO ESTADUAL;PETER COSTA;PP;MASCULINO;PARDA;SUPERIOR COMPLETO;ELEITO POR QP;1;0;05/10/2026;10:14:11
150002544655;1;PB;7;DEPUTADO ESTADUAL;TIBERIO LIMEIRA;PSB;MASCULINO;PARDA;SUPERIOR COMPLETO;ELEITO POR QP;1;0;05/10/2026;10:14:11
250002537973;1;SP;6;DEPUTADO FEDERAL;ALTAIR MORAES;REPUBLICANOS;MASCULINO;PARDA;SUPERIOR COMPLETO;ELEITO POR MÉDIA;1;0;05/10/2026;10:14:11
160002547679;1;PR;7;DEPUTADO ESTADUAL;GERSON COLODEL;MDB;MASCULINO;BRANCA;SUPERIOR COMPLETO;ELEITO POR QP;1;0;05/10/2026;10:14:11
80002549110;1;ES;7;DEPUTADO ESTADUAL;MAZINHO DOS ANJOS;MDB;MASCULINO;BRANCA;SUPERIOR COMPLETO;ELEITO POR QP;1;0;05/10/2026;10:14:11
160002547562;1;PR;7;DEPUTADO ESTADUAL;ALEXANDRE AMARO;REPUBLICANOS;MASCULINO;BRANCA;SUPERIOR COMPLETO;ELEITO POR QP;1;0;05/10/2026;10:14:11
160002547530;1;PR;7;DEPUTADO ESTADUAL;LU BONATTO;PODE;FEMININO;BRANCA;SUPERIOR COMPLETO;ELEITO POR MÉDIA;1;0;05/10/2026;10:14:11
170002540291;1;PE;6;DEPUTADO FEDERAL;FELIPE CARRERAS;PSB;MASCULINO;BRANCA;SUPERIOR INCOMPLETO;ELEITO POR QP;1;0;05/10/2026;10:14:11
160002547650;1;PR;7;DEPUTADO ESTADUAL;GILBERTO RIBEIRO;PL;MASCULINO;BRANCA;ENSINO MÉDIO COMPLETO;ELEITO POR MÉDIA;1;0;05/10/2026;10:14:11
160002547624;1;PR;7;DEPUTADO ESTADUAL;DELEGADO JACOVÓS;PL;MASCULINO;BRANCA;SUPERIOR COMPLETO;ELEITO POR QP;1;0;05/10/2026;10:14:11
250002532379;1;SP;6;DEPUTADO FEDERAL;MAURICIO NEVES;PP;MASCULINO;BRANCA;SUPERIOR COMPLETO;ELEITO POR QP;1;0;05/10/2026;10:14:11
250002532355;1;SP;6;DEPUTADO FEDERAL;SIRLANGE MANGA;UNIÃO;FEMININO;BRANCA;SUPERIOR COMPLETO;ELEITO POR QP;1;0;05/10/2026;10:14:11
160002546804;1;PR;7;DEPUTADO ESTADUAL;BATATINHA;PSD;MASCULINO;BRANCA;ENSINO MÉDIO COMPLETO;ELEITO POR MÉDIA;1;0;05/10/2026;10:14:11
160002546805;1;PR;7;DEPUTADO ESTADUAL;TRAIANO;PSD;MASCULINO;BRANCA;SUPERIOR COMPLETO;ELEITO POR QP;1;0;05/10/2026;10:14:11
160002546827;1;PR;7;DEPUTADO ESTADUAL;COBRA REPORTER;PSD;MASCULINO;BRANCA;ENSINO MÉDIO COMPLETO;ELEITO POR QP;1;0;05/10/2026;10:14:11
250002534930;1;SP;6;DEPUTADO FEDERAL;EDINHO ARAUJO;PRD;MASCULINO;BRANCA;SUPERIOR COMPLETO;ELEITO POR QP;1;0;05/10/2026;10:14:11
250002535940;1;SP;6;DEPUTADO FEDERAL;LUIZ FERNANDO MACHADO;PL;MASCULINO;BRANCA;SUPERIOR COMPLETO;ELEITO POR QP;1;0;05/10/2026;10:14:11
250002535959;1;SP;6;DEPUTADO FEDERAL;MARIO FRIAS;PL;MASCULINO;BRANCA;SUPERIOR INCOMPLETO;ELEITO POR QP;1;0;05/10/2026;10:14:11
250002535947;1;SP;6;DEPUTADO FEDERAL;RENATO BOLSONARO;PL;MASCULINO;BRANCA;SUPERIOR COMPLETO;ELEITO POR QP;1;0;05/10/2026;10:14:11
30002549896;1;AP;7;DEPUTADO ESTADUAL;CORONEL FLEXA;REPUBLICANOS;MASCULINO;PARDA;SUPERIOR COMPLETO;ELEITO POR MÉDIA;1;0;05/10/2026;10:14:11
220002536029;1;RO;7;DEPUTADO ESTADUAL;DR. LUÍS DO HOSPITAL;NOVO;MASCULINO;BRANCA;SUPERIOR COMPLETO;ELEITO POR QP;1;0;05/10/2026;10:14:11
220002547339;1;RO;7;DEPUTADO ESTADUAL;EDEVALDO NEVES;PRD;MASCULINO;PARDA;ENSINO MÉDIO COMPLETO;ELEITO POR QP;1;0;05/10/2026;10:14:11
220002547372;1;RO;7;DEPUTADO ESTADUAL;ALEX REDANO;REPUBLICANOS;MASCULINO;BRANCA;SUPERIOR INCOMPLETO;ELEITO POR QP;1;0;05/10/2026;10:14:11
220002537554;1;RO;7;DEPUTADO ESTADUAL;JEAN MENDONÇA;PL;MASCULINO;BRANCA;SUPERIOR COMPLETO;ELEITO POR QP;1;0;05/10/2026;10:14:11
220002542189;1;RO;7;DEPUTADO ESTADUAL;PAULO MORAES JR;PODE;MASCULINO;PARDA;SUPERIOR COMPLETO;ELEITO POR QP;1;0;05/10/2026;10:14:11
60002540719;1;CE;7;DEPUTADO ESTADUAL;LIZIANY MEDEIROS;PT;FEMININO;BRANCA;SUPERIOR COMPLETO;ELEITO POR QP;1;0;05/10/2026;10:14:11
60002536668;1;CE;7;DEPUTADO ESTADUAL;MARTA GONÇALVES;PSB;FEMININO;BRANCA;SUPERIOR COMPLETO;ELEITO POR QP;1;0;05/10/2026;10:14:11
270002548456;1;TO;7;DEPUTADO ESTADUAL;VANDA MONTEIRO;UNIÃO;FEMININO;PARDA;SUPERIOR COMPLETO;ELEITO POR QP;1;0;05/10/2026;10:14:11
60002536667;1;CE;7;DEPUTADO ESTADUAL;LIA GOMES;PSB;FEMININO;BRANCA;SUPERIOR COMPLETO;ELEITO POR MÉDIA;1;0;05/10/2026;10:14:11
60002536687;1;CE;7;DEPUTADO ESTADUAL;GUILHERME LANDIM;PSB;MASCULINO;BRANCA;SUPERIOR COMPLETO;ELEITO POR QP;1;0;05/10/2026;10:14:11
270002546663;1;TO;7;DEPUTADO ESTADUAL;IVORY DE LIRA;PCDOB;MASCULINO;PARDA;ENSINO MÉDIO COMPLETO;ELEITO POR QP;1;0;05/10/2026;10:14:11
10002544541;1;AC;7;DEPUTADO ESTADUAL;NICOLAU JÚNIOR;PP;MASCULINO;PARDA;SUPERIOR COMPLETO;ELEITO POR QP;1;0;05/10/2026;10:14:11
60002537016;1;CE;6;DEPUTADO FEDERAL;CÉLIO STUDART;PSD;MASCULINO;BRANCA;SUPERIOR COMPLETO;ELEITO POR MÉDIA;1;0;05/10/2026;10:14:11
60002542442;1;CE;6;DEPUTADO FEDERAL;YURY DO PAREDÃO;MDB;MASCULINO;PARDA;SUPERIOR COMPLETO;ELEITO POR QP;1;0;05/10/2026;10:14:11
10002536340;1;AC;7;DEPUTADO ESTADUAL;EDUARDO RIBEIRO;REPUBLICANOS;MASCULINO;BRANCA;SUPERIOR COMPLETO;ELEITO POR QP;1;0;05/10/2026;10:14:11
110002538410;1;MT;6;DEPUTADO FEDERAL;CORONEL ASSIS;PL;MASCULINO;PARDA;SUPERIOR COMPLETO;ELEITO POR QP;1;0;05/10/2026;10:14:11
110002538413;1;MT;6;DEPUTADO FEDERAL;THIAGO BOAVA HEY ROY;PL;MASCULINO;BRANCA;SUPERIOR INCOMPLETO;ELEITO POR MÉDIA;1;0;05/10/2026;10:14:11
170002535821;1;PE;7;DEPUTADO ESTADUAL;EMERSON FREITAS;MDB;MASCULINO;PARDA;SUPERIOR INCOMPLETO;ELEITO POR MÉDIA;1;0;05/10/2026;10:14:11
170002539476;1;PE;7;DEPUTADO ESTADUAL;ANDRÉ FERREIRA;PL;MASCULINO;PARDA;SUPERIOR COMPLETO;ELEITO POR QP;1;0;05/10/2026;10:14:11
110002550866;1;MT;6;DEPUTADO FEDERAL;VIRGINIA MENDES;UNIÃO;FEMININO;PARDA;SUPERIOR COMPLETO;ELEITO POR MÉDIA;1;0;05/10/2026;10:14:11
110002549187;1;MT;6;DEPUTADO FEDERAL;JUAREZ COSTA;REPUBLICANOS;MASCULINO;PARDA;ENSINO MÉDIO INCOMPLETO;ELEITO POR MÉDIA;1;0;05/10/2026;10:14:11
230002533367;1;RR;7;DEPUTADO ESTADUAL;ARMANDO NETO;PL;MASCULINO;PARDA;SUPERIOR COMPLETO;ELEITO POR MÉDIA;1;0;05/10/2026;10:14:11
230002549339;1;RR;7;DEPUTADO ESTADUAL;IDAZIO DA PERFIL;UNIÃO;MASCULINO;PARDA;SUPERIOR COMPLETO;ELEITO POR QP;1;0;05/10/2026;10:14:11
170002541232;1;PE;7;DEPUTADO ESTADUAL;SEBASTIÃO OLIVEIRA;AVANTE;MASCULINO;BRANCA;SUPERIOR COMPLETO;ELEITO POR QP;1;0;05/10/2026;10:14:11
160002532857;1;PR;6;DEPUTADO FEDERAL;RICARDO BARROS;PP;MASCULINO;BRANCA;SUPERIOR COMPLETO;ELEITO POR QP;1;0;05/10/2026;10:14:11
160002532851;1;PR;6;DEPUTADO FEDERAL;TONINHO WANDSCHEER;PP;MASCULINO;BRANCA;SUPERIOR COMPLETO;ELEITO POR QP;1;0;05/10/2026;10:14:11
160002542318;1;PR;6;DEPUTADO FEDERAL;LUIZÃO GOULART;PSD;MASCULINO;BRANCA;SUPERIOR COMPLETO;ELEITO POR MÉDIA;1;0;05/10/2026;10:14:11
160002542314;1;PR;6;DEPUTADO FEDERAL;BETO PRETO;PSD;MASCULINO;BRANCA;SUPERIOR COMPLETO;ELEITO POR QP;1;0;05/10/2026;10:14:11
160002536512;1;PR;6;DEPUTADO FEDERAL;CAROL DARTORA;PT;FEMININO;PRETA;SUPERIOR COMPLETO;ELEITO POR QP;1;0;05/10/2026;10:14:11
160002547585;1;PR;6;DEPUTADO FEDERAL;ROSANGELA MORO;PL;FEMININO;BRANCA;SUPERIOR COMPLETO;ELEITO POR QP;1;0;05/10/2026;10:14:11
160002540782;1;PR;6;DEPUTADO FEDERAL;SERGIO SOUZA;MDB;MASCULINO;BRANCA;SUPERIOR COMPLETO;ELEITO POR QP;1;0;05/10/2026;10:14:11
30002530514;1;AP;6;DEPUTADO FEDERAL;DRA. ERICA;PODE;FEMININO;PARDA;SUPERIOR COMPLETO;ELEITO POR QP;1;0;05/10/2026;10:14:11
200002533861;1;RN;7;DEPUTADO ESTADUAL;KALINE DE DR. BERNARDO;PV;FEMININO;BRANCA;SUPERIOR COMPLETO;ELEITO POR QP;1;0;05/10/2026;10:14:11
200002538230;1;RN;7;DEPUTADO ESTADUAL;EZEQUIEL;PSDB;MASCULINO;BRANCA;SUPERIOR INCOMPLETO;ELEITO POR QP;1;0;05/10/2026;10:14:11
200002538244;1;RN;7;DEPUTADO ESTADUAL;DR GUSTAVO SOARES;PSDB;MASCULINO;BRANCA;SUPERIOR COMPLETO;ELEITO POR QP;1;0;05/10/2026;10:14:11
200002534370;1;RN;7;DEPUTADO ESTADUAL;BIBIANO;MDB;MASCULINO;PARDA;SUPERIOR COMPLETO;ELEITO POR QP;1;0;05/10/2026;10:14:11
200002534427;1;RN;7;DEPUTADO ESTADUAL;DR. KERGINALDO;PL;MASCULINO;BRANCA;SUPERIOR COMPLETO;ELEITO POR QP;1;0;05/10/2026;10:14:11
260002535762;1;SE;7;DEPUTADO ESTADUAL;FÁBIO HENRIQUE;MDB;MASCULINO;BRANCA;SUPERIOR COMPLETO;ELEITO POR QP;1;0;05/10/2026;10:14:11
30002539119;1;AP;7;DEPUTADO ESTADUAL;RODOLFO VALE;UNIÃO;MASCULINO;BRANCA;SUPERIOR COMPLETO;ELEITO POR QP;1;0;05/10/2026;10:14:11
230002549341;1;RR;7;DEPUTADO ESTADUAL;AURELINA MEDEIROS;UNIÃO;FEMININO;PARDA;SUPERIOR COMPLETO;ELEITO POR QP;1;0;05/10/2026;10:14:11
40002533207;1;AM;6;DEPUTADO FEDERAL;AMOM MANDEL;REPUBLICANOS;MASCULINO;BRANCA;SUPERIOR COMPLETO;ELEITO POR QP;1;0;05/10/2026;10:14:11
90002543226;1;GO;6;DEPUTADO FEDERAL;CÉLIO SILVEIRA;MDB;MASCULINO;BRANCA;SUPERIOR COMPLETO;ELEITO POR MÉDIA;1;0;05/10/2026;10:14:11
240002535434;1;SC;6;DEPUTADO FEDERAL;GILSON MARQUES;NOVO;MASCULINO;BRANCA;SUPERIOR COMPLETO;ELEITO POR QP;1;0;05/10/2026;10:14:11
40002540481;1;AM;6;DEPUTADO FEDERAL;ALFREDO NASCIMENTO;PL;MASCULINO;PARDA;SUPERIOR COMPLETO;ELEITO POR MÉDIA;1;0;05/10/2026;10:14:11
50002535899;1;BA;7;DEPUTADO ESTADUAL;KLEBER  ROSA;PSOL;MASCULINO;PRETA;SUPERIOR COMPLETO;ELEITO POR QP;1;0;05/10/2026;10:14:11
190002535140;1;RJ;6;DEPUTADO FEDERAL;THIAGO GAGLIASSO;PL;MASCULINO;BRANCA;ENSINO MÉDIO COMPLETO;ELEITO POR MÉDIA;1;0;05/10/2026;10:14:11
190002532834;1;RJ;6;DEPUTADO FEDERAL;CHRIS TONIETTO;PL;FEMININO;BRANCA;SUPERIOR COMPLETO;ELEITO POR QP;1;0;05/10/2026;10:14:11
190002536156;1;RJ;6;DEPUTADO FEDERAL;TALÍRIA PETRONE;PSOL;FEMININO;PRETA;SUPERIOR COMPLETO;ELEITO POR QP;1;0;05/10/2026;10:14:11
130002545577;1;MG;6;DEPUTADO FEDERAL;WELITON PRADO;PSD;MASCULINO;PARDA;SUPERIOR COMPLETO;ELEITO POR QP;1;0;05/10/2026;10:14:11
260002542470;1;SE;6;DEPUTADO FEDERAL;DELEGADA KATARINA;PSD;FEMININO;BRANCA;SUPERIOR COMPLETO;ELEITO POR MÉDIA;1;0;05/10/2026;10:14:11
250002533748;1;SP;7;DEPUTADO ESTADUAL;CAMILA GODOI;UNIÃO;FEMININO;BRANCA;SUPERIOR COMPLETO;ELEITO POR MÉDIA;1;0;05/10/2026;10:14:11
130002542007;1;MG;6;DEPUTADO FEDERAL;EROS BIONDINI;PL;MASCULINO;BRANCA;SUPERIOR COMPLETO;ELEITO POR QP;1;0;05/10/2026;10:14:11
130002542026;1;MG;6;DEPUTADO FEDERAL;NIKOLAS FERREIRA;PL;MASCULINO;BRANCA;SUPERIOR COMPLETO;ELEITO POR QP;1;0;05/10/2026;10:14:11
250002533768;1;SP;7;DEPUTADO ESTADUAL;DELEGADO MESQUITA;PP;MASCULINO;BRANCA;SUPERIOR COMPLETO;ELEITO POR QP;1;0;05/10/2026;10:14:11
190002543363;1;RJ;6;DEPUTADO FEDERAL;LUIS CARLOS GOMES;REPUBLICANOS;MASCULINO;PARDA;SUPERIOR COMPLETO;ELEITO POR QP;1;0;05/10/2026;10:14:11
130002539842;1;MG;6;DEPUTADO FEDERAL;PAULO ABI-ACKEL;PSDB;MASCULINO;BRANCA;SUPERIOR COMPLETO;ELEITO POR QP;1;0;05/10/2026;10:14:11
50002538714;1;BA;7;DEPUTADO ESTADUAL;ROGÉRIO ANDRADE;MDB;MASCULINO;BRANCA;SUPERIOR COMPLETO;ELEITO POR QP;1;0;05/10/2026;10:14:11
50002532564;1;BA;7;DEPUTADO ESTADUAL;JURAILTON SANTOS;REPUBLICANOS;MASCULINO;PARDA;SUPERIOR COMPLETO;ELEITO POR QP;1;0;05/10/2026;10:14:11
130002535300;1;MG;6;DEPUTADO FEDERAL;DANDARA;PT;FEMININO;PRETA;SUPERIOR COMPLETO;ELEITO POR QP;1;0;05/10/2026;10:14:11
250002536245;1;SP;7;DEPUTADO ESTADUAL;ANA PERUGINI;PT;FEMININO;BRANCA;SUPERIOR COMPLETO;ELEITO POR MÉDIA;1;0;05/10/2026;10:14:11
50002532691;1;BA;7;DEPUTADO ESTADUAL;ALEX DA PIATÃ;PSD;MASCULINO;BRANCA;SUPERIOR COMPLETO;ELEITO POR QP;1;0;05/10/2026;10:14:11
50002532693;1;BA;7;DEPUTADO ESTADUAL;DENISE MENEZES;PSD;FEMININO;PARDA;SUPERIOR COMPLETO;ELEITO POR QP;1;0;05/10/2026;10:14:11
130002535286;1;MG;6;DEPUTADO FEDERAL;MIGUEL ÂNGELO;PT;MASCULINO;PARDA;SUPERIOR COMPLETO;ELEITO POR QP;1;0;05/10/2026;10:14:11
250002536263;1;SP;7;DEPUTADO ESTADUAL;MARCOLINO;PT;MASCULINO;PRETA;SUPERIOR COMPLETO;ELEITO POR QP;1;0;05/10/2026;10:14:11
250002536841;1;SP;7;DEPUTADO ESTADUAL;LEONARDO GRANDINI;PT;MASCULINO;PARDA;SUPERIOR COMPLETO;ELEITO POR QP;1;0;05/10/2026;10:14:11
130002535293;1;MG;6;DEPUTADO FEDERAL;PAULO GUEDES;PT;MASCULINO;INDÍGENA;SUPERIOR INCOMPLETO;ELEITO POR QP;1;0;05/10/2026;10:14:11
130002539728;1;MG;6;DEPUTADO FEDERAL;DUDA SALABERT;PSOL;FEMININO;BRANCA;SUPERIOR COMPLETO;ELEITO POR QP;1;0;05/10/2026;10:14:11
130002537202;1;MG;6;DEPUTADO FEDERAL;BRUNO FARIAS;REPUBLICANOS;MASCULINO;BRANCA;SUPERIOR COMPLETO;ELEITO POR QP;1;0;05/10/2026;10:14:11
130002542738;1;MG;6;DEPUTADO FEDERAL;RAFAEL SIMÕES;UNIÃO;MASCULINO;BRANCA;SUPERIOR COMPLETO;ELEITO POR QP;1;0;05/10/2026;10:14:11
250002539937;1;SP;7;DEPUTADO ESTADUAL;DÉBORA CAMILO;PSOL;FEMININO;PRETA;SUPERIOR COMPLETO;ELEITO POR QP;1;0;05/10/2026;10:14:11
130002542730;1;MG;6;DEPUTADO FEDERAL;DELEGADO MARCELO FREITAS;UNIÃO;MASCULINO;PARDA;SUPERIOR COMPLETO;ELEITO POR QP;1;0;05/10/2026;10:14:11
130002542701;1;MG;6;DEPUTADO FEDERAL;PINHEIRINHO;PP;MASCULINO;PARDA;SUPERIOR COMPLETO;ELEITO POR QP;1;0;05/10/2026;10:14:11
180002536234;1;PI;7;DEPUTADO ESTADUAL;THEMÍSTOCLES FILHO;MDB;MASCULINO;BRANCA;SUPERIOR COMPLETO;ELEITO POR QP;1;0;05/10/2026;10:14:11
120002547061;1;MS;7;DEPUTADO ESTADUAL;PEDRO KEMP;PT;MASCULINO;BRANCA;SUPERIOR COMPLETO;ELEITO POR MÉDIA;1;0;05/10/2026;10:14:11
180002533543;1;PI;7;DEPUTADO ESTADUAL;FÁBIO NOVO;PT;MASCULINO;BRANCA;SUPERIOR COMPLETO;ELEITO POR QP;1;0;05/10/2026;10:14:11
180002533549;1;PI;7;DEPUTADO ESTADUAL;HELIO ISAIAS;PT;MASCULINO;BRANCA;SUPERIOR COMPLETO;ELEITO POR QP;1;0;05/10/2026;10:14:11
180002533544;1;PI;7;DEPUTADO ESTADUAL;RUBENS VIEIRA;PT;MASCULINO;PARDA;SUPERIOR COMPLETO;ELEITO POR QP;1;0;05/10/2026;10:14:11
180002533555;1;PI;7;DEPUTADO ESTADUAL;DR. GIL CARLOS;PT;MASCULINO;PARDA;SUPERIOR COMPLETO;ELEITO POR QP;1;0;05/10/2026;10:14:11
220002536038;1;RO;6;DEPUTADO FEDERAL;CRISTIANE LOPES;PODE;FEMININO;PARDA;SUPERIOR COMPLETO;ELEITO POR QP;1;0;05/10/2026;10:14:11
220002536882;1;RO;6;DEPUTADO FEDERAL;LUCIO MOSQUINI;PL;MASCULINO;BRANCA;SUPERIOR COMPLETO;ELEITO POR QP;1;0;05/10/2026;10:14:11
120002539708;1;MS;7;DEPUTADO ESTADUAL;PROFESSOR RINALDO MODESTO;UNIÃO;MASCULINO;PARDA;SUPERIOR COMPLETO;ELEITO POR QP;1;0;05/10/2026;10:14:11
120002536054;1;MS;7;DEPUTADO ESTADUAL;GIANNI NOGUEIRA;PL;FEMININO;BRANCA;SUPERIOR COMPLETO;ELEITO POR QP;1;0;05/10/2026;10:14:11
120002536056;1;MS;7;DEPUTADO ESTADUAL;PAULO CORRÊA;PL;MASCULINO;BRANCA;SUPERIOR COMPLETO;ELEITO POR QP;1;0;05/10/2026;10:14:11
240002541377;1;SC;7;DEPUTADO ESTADUAL;MAURO DE NADAL;MDB;MASCULINO;BRANCA;SUPERIOR COMPLETO;ELEITO POR QP;1;0;05/10/2026;10:14:11
70002550019;1;DF;8;DEPUTADO DISTRITAL;JOAQUIM RORIZ NETO;PL;MASCULINO;BRANCA;SUPERIOR COMPLETO;ELEITO POR QP;1;0;05/10/2026;10:14:11
90002547018;1;GO;7;DEPUTADO ESTADUAL;VIRMONDES CRUVINEL;UNIÃO;MASCULINO;PARDA;SUPERIOR COMPLETO;ELEITO POR QP;1;0;05/10/2026;10:14:11
250002530239;1;SP;7;DEPUTADO ESTADUAL;HENRIQUE KRIGNER;NOVO;MASCULINO;BRANCA;SUPERIOR COMPLETO;ELEITO POR QP;1;0;05/10/2026;10:14:11
240002551477;1;SC;7;DEPUTADO ESTADUAL;MÁRIO MOTTA;PSD;MASCULINO;BRANCA;SUPERIOR COMPLETO;ELEITO POR QP;1;0;05/10/2026;10:14:11
70002538486;1;DF;8;DEPUTADO DISTRITAL;PEPA;PP;MASCULINO;PARDA;SUPERIOR COMPLETO;ELEITO POR MÉDIA;1;0;05/10/2026;10:14:11
90002543795;1;GO;7;DEPUTADO ESTADUAL;MARQUINHO;PL;MASCULINO;PARDA;SUPERIOR INCOMPLETO;ELEITO POR MÉDIA;1;0;05/10/2026;10:14:11
250002540890;1;SP;7;DEPUTADO ESTADUAL;PARDINI;PSD;MASCULINO;BRANCA;SUPERIOR COMPLETO;ELEITO POR QP;1;0;05/10/2026;10:14:11
210002541510;1;RS;6;DEPUTADO FEDERAL;JUVIR COSTELLA;MDB;MASCULINO;BRANCA;SUPERIOR INCOMPLETO;ELEITO POR QP;1;0;05/10/2026;10:14:11
250002536361;1;SP;7;DEPUTADO ESTADUAL;RODRIGO ASHIUCHI;PL;MASCULINO;AMARELA;SUPERIOR COMPLETO;ELEITO POR QP;1;0;05/10/2026;10:14:11
140002540455;1;PA;6;DEPUTADO FEDERAL;ADRIANO COELHO;MDB;MASCULINO;PARDA;SUPERIOR COMPLETO;ELEITO POR QP;1;0;05/10/2026;10:14:11
140002540462;1;PA;6;DEPUTADO FEDERAL;ANTONIO DOIDO;MDB;MASCULINO;BRANCA;SUPERIOR COMPLETO;ELEITO POR MÉDIA;1;0;05/10/2026;10:14:11
250002536407;1;SP;7;DEPUTADO ESTADUAL;CONTE LOPES;PL;MASCULINO;BRANCA;SUPERIOR COMPLETO;ELEITO POR QP;1;0;05/10/2026;10:14:11
130002535388;1;MG;7;DEPUTADO ESTADUAL;FABÃO;PV;MASCULINO;BRANCA;SUPERIOR COMPLETO;ELEITO POR MÉDIA;1;0;05/10/2026;10:14:11
210002533002;1;RS;6;DEPUTADO FEDERAL;FELIPE CAMOZZATO;NOVO;MASCULINO;BRANCA;SUPERIOR COMPLETO;ELEITO POR QP;1;0;05/10/2026;10:14:11
130002535371;1;MG;7;DEPUTADO ESTADUAL;ANDRÉIA DE JESUS;PT;FEMININO;PRETA;SUPERIOR COMPLETO;ELEITO POR QP;1;0;05/10/2026;10:14:11
140002546711;1;PA;6;DEPUTADO FEDERAL;ROGERIO BARRA;PL;MASCULINO;PARDA;SUPERIOR COMPLETO;ELEITO POR MÉDIA;1;0;05/10/2026;10:14:11
250002536352;1;SP;7;DEPUTADO ESTADUAL;RODRIGO MORAES;PL;MASCULINO;BRANCA;SUPERIOR COMPLETO;ELEITO POR QP;1;0;05/10/2026;10:14:11
250002536367;1;SP;7;DEPUTADO ESTADUAL;ALEX MADUREIRA;PL;MASCULINO;PARDA;SUPERIOR COMPLETO;ELEITO POR QP;1;0;05/10/2026;10:14:11
250002539298;1;SP;7;DEPUTADO ESTADUAL;VALDOMIRO LOPES;PSB;MASCULINO;BRANCA;SUPERIOR COMPLETO;ELEITO POR QP;1;0;05/10/2026;10:14:11
210002534664;1;RS;6;DEPUTADO FEDERAL;JESSÉ SANGALLI;PL;MASCULINO;BRANCA;SUPERIOR COMPLETO;ELEITO POR QP;1;0;05/10/2026;10:14:11
210002534899;1;RS;6;DEPUTADO FEDERAL;DIOGO SIQUEIRA;PL;MASCULINO;BRANCA;SUPERIOR COMPLETO;ELEITO POR QP;1;0;05/10/2026;10:14:11
210002537714;1;RS;6;DEPUTADO FEDERAL;ANY ORTIZ;PP;FEMININO;BRANCA;SUPERIOR COMPLETO;ELEITO POR QP;1;0;05/10/2026;10:14:11
210002537726;1;RS;6;DEPUTADO FEDERAL;BUSATO;UNIÃO;MASCULINO;BRANCA;SUPERIOR COMPLETO;ELEITO POR MÉDIA;1;0;05/10/2026;10:14:11
120002536286;1;MS;6;DEPUTADO FEDERAL;MARA CASEIRO;PL;FEMININO;BRANCA;SUPERIOR COMPLETO;ELEITO POR QP;1;0;05/10/2026;10:14:11
130002542054;1;MG;7;DEPUTADO ESTADUAL;MARILIA AMARAL;PL;FEMININO;BRANCA;SUPERIOR COMPLETO;ELEITO POR MÉDIA;1;0;05/10/2026;10:14:11
210002534598;1;RS;6;DEPUTADO FEDERAL;MARCON;PT;MASCULINO;BRANCA;ENSINO FUNDAMENTAL INCOMPLETO;ELEITO POR QP;1;0;05/10/2026;10:14:11
130002542081;1;MG;7;DEPUTADO ESTADUAL;ALÊ PORTELA;PL;FEMININO;BRANCA;SUPERIOR COMPLETO;ELEITO POR QP;1;0;05/10/2026;10:14:11
210002537066;1;RS;6;DEPUTADO FEDERAL;POMPEO DE MATTOS;PDT;MASCULINO;BRANCA;SUPERIOR COMPLETO;ELEITO POR QP;1;0;05/10/2026;10:14:11
120002538788;1;MS;6;DEPUTADO FEDERAL;ROSE MODESTO;UNIÃO;FEMININO;PARDA;SUPERIOR COMPLETO;ELEITO POR QP;1;0;05/10/2026;10:14:11
130002540054;1;MG;7;DEPUTADO ESTADUAL;DRA LAÍS SANTIAGO;PDT;FEMININO;BRANCA;SUPERIOR COMPLETO;ELEITO POR QP;1;0;05/10/2026;10:14:11
110002541763;1;MT;7;DEPUTADO ESTADUAL;CHICO GUARNIERI;PSDB;MASCULINO;BRANCA;SUPERIOR COMPLETO;ELEITO POR MÉDIA;1;0;05/10/2026;10:14:11
130002549952;1;MG;7;DEPUTADO ESTADUAL;ELISMAR PRADO;PSD;MASCULINO;PARDA;SUPERIOR COMPLETO;ELEITO POR QP;1;0;05/10/2026;10:14:11
130002549959;1;MG;7;DEPUTADO ESTADUAL;JOÃO MAGALHÃES;PSD;MASCULINO;BRANCA;SUPERIOR COMPLETO;ELEITO POR QP;1;0;05/10/2026;10:14:11
210002538537;1;RS;6;DEPUTADO FEDERAL;DANRLEI;PSD;MASCULINO;BRANCA;ENSINO MÉDIO COMPLETO;ELEITO POR QP;1;0;05/10/2026;10:14:11
110002542646;1;MT;7;DEPUTADO ESTADUAL;ADELCINO LOPO;PODE;MASCULINO;PARDA;ENSINO MÉDIO COMPLETO;ELEITO POR MÉDIA;1;0;05/10/2026;10:14:11
100002536093;1;MA;6;DEPUTADO FEDERAL;IRACEMA VALE;MDB;FEMININO;BRANCA;SUPERIOR COMPLETO;ELEITO POR QP;1;0;05/10/2026;10:14:11
130002542782;1;MG;7;DEPUTADO ESTADUAL;NAYARA ROCHA;PP;FEMININO;PARDA;SUPERIOR COMPLETO;ELEITO POR QP;1;0;05/10/2026;10:14:11
110002547799;1;MT;7;DEPUTADO ESTADUAL;DIEGO GUIMARÃES;REPUBLICANOS;MASCULINO;PARDA;SUPERIOR COMPLETO;ELEITO POR QP;1;0;05/10/2026;10:14:11
110002547809;1;MT;7;DEPUTADO ESTADUAL;NININHO;REPUBLICANOS;MASCULINO;BRANCA;ENSINO MÉDIO COMPLETO;ELEITO POR MÉDIA;1;0;05/10/2026;10:14:11
190002536120;1;RJ;7;DEPUTADO ESTADUAL;RENATA SOUZA;PSOL;FEMININO;PRETA;SUPERIOR COMPLETO;ELEITO POR QP;1;0;05/10/2026;10:14:11
100002542560;1;MA;6;DEPUTADO FEDERAL;MARRECA FILHO;PRD;MASCULINO;BRANCA;SUPERIOR INCOMPLETO;ELEITO POR QP;1;0;05/10/2026;10:14:11
100002546922;1;MA;6;DEPUTADO FEDERAL;RUBENS PEREIRA JR;PT;MASCULINO;BRANCA;SUPERIOR COMPLETO;ELEITO POR QP;1;0;05/10/2026;10:14:11
190002548279;1;RJ;7;DEPUTADO ESTADUAL;CARLOS RUSSO;DC;MASCULINO;BRANCA;ENSINO MÉDIO COMPLETO;ELEITO POR MÉDIA;1;0;05/10/2026;10:14:11
100002537272;1;MA;6;DEPUTADO FEDERAL;FABIANA VILAR;PL;FEMININO;BRANCA;SUPERIOR COMPLETO;ELEITO POR QP;1;0;05/10/2026;10:14:11
210002539803;1;RS;7;DEPUTADO ESTADUAL;GILMAR SOSSELLA;PDT;MASCULINO;BRANCA;SUPERIOR COMPLETO;ELEITO POR MÉDIA;1;0;05/10/2026;10:14:11
130002548716;1;MG;7;DEPUTADO ESTADUAL;FLÁVIA BORJA;PODE;FEMININO;BRANCA;SUPERIOR COMPLETO;ELEITO POR MÉDIA;1;0;05/10/2026;10:14:11
210002534043;1;RS;7;DEPUTADO ESTADUAL;LEONEL RADDE;PT;MASCULINO;BRANCA;SUPERIOR COMPLETO;ELEITO POR QP;1;0;05/10/2026;10:14:11
40002542667;1;AM;7;DEPUTADO ESTADUAL;MÁRIO CÉSAR FILHO;UNIÃO;MASCULINO;PARDA;SUPERIOR COMPLETO;ELEITO POR QP;1;0;05/10/2026;10:14:11
130002540609;1;MG;7;DEPUTADO ESTADUAL;HELENO DO HOSPITAL;PSDB;MASCULINO;BRANCA;ENSINO MÉDIO COMPLETO;ELEITO POR MÉDIA;1;0;05/10/2026;10:14:11
40002536496;1;AM;7;DEPUTADO ESTADUAL;MARCELO PALHANO;AGIR;MASCULINO;PARDA;SUPERIOR COMPLETO;ELEITO POR QP;1;0;05/10/2026;10:14:11
190002543327;1;RJ;7;DEPUTADO ESTADUAL;LEONEL DE ESQUERDA;PT;MASCULINO;PRETA;SUPERIOR COMPLETO;ELEITO POR QP;1;0;05/10/2026;10:14:11
40002534377;1;AM;7;DEPUTADO ESTADUAL;RODRIGO GUEDES;REPUBLICANOS;MASCULINO;BRANCA;SUPERIOR COMPLETO;ELEITO POR QP;1;0;05/10/2026;10:14:11
100002545717;1;MA;7;DEPUTADO ESTADUAL;MARCOS MIRANDA JUNIOR;PSB;MASCULINO;BRANCA;SUPERIOR COMPLETO;ELEITO POR QP;1;0;05/10/2026;10:14:11
100002542592;1;MA;7;DEPUTADO ESTADUAL;DR. LEONARDO SÁ;PRD;MASCULINO;BRANCA;SUPERIOR COMPLETO;ELEITO POR QP;1;0;05/10/2026;10:14:11
100002535478;1;MA;7;DEPUTADO ESTADUAL;CATULÉ JUNIOR;REPUBLICANOS;MASCULINO;PARDA;SUPERIOR COMPLETO;ELEITO POR QP;1;0;05/10/2026;10:14:11
100002537278;1;MA;7;DEPUTADO ESTADUAL;DETINHA;PL;FEMININO;BRANCA;SUPERIOR COMPLETO;ELEITO POR QP;1;0;05/10/2026;10:14:11
210002540640;1;RS;7;DEPUTADO ESTADUAL;DELEGADA ANA TAROUCO;PSD;FEMININO;BRANCA;SUPERIOR COMPLETO;ELEITO POR QP;1;0;05/10/2026;10:14:11
210002533931;1;RS;7;DEPUTADO ESTADUAL;KAREN SANTOS;PSOL;FEMININO;PRETA;SUPERIOR COMPLETO;ELEITO POR MÉDIA;1;0;05/10/2026;10:14:11
140002541733;1;PA;7;DEPUTADO ESTADUAL;EUGENIO GADELHA;MDB;MASCULINO;PARDA;SUPERIOR COMPLETO;ELEITO POR QP;1;0;05/10/2026;10:14:11
140002541717;1;PA;7;DEPUTADO ESTADUAL;WATANABE;MDB;MASCULINO;PARDA;SUPERIOR COMPLETO;ELEITO POR QP;1;0;05/10/2026;10:14:11
190002533706;1;RJ;7;DEPUTADO ESTADUAL;GUILHERME DELAROLI;PL;MASCULINO;BRANCA;SUPERIOR COMPLETO;ELEITO POR QP;1;0;05/10/2026;10:14:11
100002545270;1;MA;7;DEPUTADO ESTADUAL;LUANNA;PT;FEMININO;PARDA;SUPERIOR COMPLETO;ELEITO POR QP;1;0;05/10/2026;10:14:11
100002550333;1;MA;7;DEPUTADO ESTADUAL;JUNIOR VIEIRA;PSD;MASCULINO;BRANCA;SUPERIOR COMPLETO;ELEITO POR QP;1;0;05/10/2026;10:14:11
140002549266;1;PA;7;DEPUTADO ESTADUAL;TATI BARRA;PL;FEMININO;BRANCA;SUPERIOR COMPLETO;ELEITO POR QP;1;0;05/10/2026;10:14:11
140002549286;1;PA;7;DEPUTADO ESTADUAL;JK DO POVÃO;PL;MASCULINO;BRANCA;SUPERIOR INCOMPLETO;ELEITO POR QP;1;0;05/10/2026;10:14:11
140002549269;1;PA;7;DEPUTADO ESTADUAL;MAYKY VILAÇA;PL;MASCULINO;BRANCA;SUPERIOR COMPLETO;ELEITO POR QP;1;0;05/10/2026;10:14:11
190002538029;1;RJ;7;DEPUTADO ESTADUAL;CLAUDIO CAIADO;PSD;MASCULINO;BRANCA;SUPERIOR COMPLETO;ELEITO POR QP;1;0;05/10/2026;10:14:11
140002551139;1;PA;7;DEPUTADO ESTADUAL;PAULA TITAN;PP;FEMININO;BRANCA;SUPERIOR COMPLETO;ELEITO POR MÉDIA;1;0;05/10/2026;10:14:11
190002541675;1;RJ;7;DEPUTADO ESTADUAL;DELEGADO BERNARDO LEAL;PP;MASCULINO;BRANCA;SUPERIOR COMPLETO;ELEITO POR QP;1;0;05/10/2026;10:14:11
50002532626;1;BA;6;DEPUTADO FEDERAL;ANTONIO BRITO;PSD;MASCULINO;PRETA;SUPERIOR COMPLETO;ELEITO POR QP;1;0;05/10/2026;10:14:11
190002534075;1;RJ;7;DEPUTADO ESTADUAL;SOLDADO TOBIAS;PRD;MASCULINO;PARDA;SUPERIOR COMPLETO;ELEITO POR QP;1;0;05/10/2026;10:14:11
260002530060;1;SE;7;DEPUTADO ESTADUAL;NORBERTO PINTO;AVANTE;MASCULINO;PRETA;SUPERIOR COMPLETO;ELEITO POR MÉDIA;1;0;05/10/2026;10:14:11
260002548692;1;SE;7;DEPUTADO ESTADUAL;KAKÁ SANTOS;UNIÃO;MASCULINO;PARDA;ENSINO MÉDIO COMPLETO;ELEITO POR QP;1;0;05/10/2026;10:14:11
260002547482;1;SE;7;DEPUTADO ESTADUAL;MAISA MITIDIERI;PSD;FEMININO;BRANCA;SUPERIOR COMPLETO;ELEITO POR QP;1;0;05/10/2026;10:14:11
20002548099;1;AL;7;DEPUTADO ESTADUAL;MARCELO VICTOR;MDB;MASCULINO;BRANCA;SUPERIOR COMPLETO;ELEITO POR QP;1;0;05/10/2026;10:14:11
250002550394;1;SP;6;DEPUTADO FEDERAL;PAULO SERRA;PSDB;MASCULINO;BRANCA;SUPERIOR COMPLETO;ELEITO POR QP;1;0;05/10/2026;10:14:11
260002545628;1;SE;7;DEPUTADO ESTADUAL;PAULO JR;PV;MASCULINO;BRANCA;SUPERIOR COMPLETO;ELEITO POR QP;1;0;05/10/2026;10:14:11
150002544194;1;PB;7;DEPUTADO ESTADUAL;FELIPE COUTINHO;REPUBLICANOS;MASCULINO;BRANCA;SUPERIOR INCOMPLETO;ELEITO POR QP;1;0;05/10/2026;10:14:11
80002549411;1;ES;7;DEPUTADO ESTADUAL;DELEGADO DANILO BAHIENSE;PL;MASCULINO;PARDA;SUPERIOR COMPLETO;ELEITO POR MÉDIA;1;0;05/10/2026;10:14:11
80002549424;1;ES;7;DEPUTADO ESTADUAL;THIAGO DO CASALPOLICIAL;PL;MASCULINO;PARDA;SUPERIOR COMPLETO;ELEITO POR QP;1;0;05/10/2026;10:14:11
150002540243;1;PB;7;DEPUTADO ESTADUAL;CAMILA TOSCANO;MDB;FEMININO;BRANCA;SUPERIOR COMPLETO;ELEITO POR QP;1;0;05/10/2026;10:14:11
150002548956;1;PB;7;DEPUTADO ESTADUAL;GILBERTINHO;UNIÃO;MASCULINO;BRANCA;SUPERIOR COMPLETO;ELEITO POR QP;1;0;05/10/2026;10:14:11
80002537484;1;ES;7;DEPUTADO ESTADUAL;DELEGADO LEANDRO SPERANDIO;PODE;MASCULINO;BRANCA;SUPERIOR COMPLETO;ELEITO POR QP;1;0;05/10/2026;10:14:11
150002548944;1;PB;7;DEPUTADO ESTADUAL;JOÃO GONÇALVES;PP;MASCULINO;BRANCA;SUPERIOR COMPLETO;ELEITO POR QP;1;0;05/10/2026;10:14:11
250002537942;1;SP;6;DEPUTADO FEDERAL;MARCOS PEREIRA;REPUBLICANOS;MASCULINO;PARDA;SUPERIOR COMPLETO;ELEITO POR QP;1;0;05/10/2026;10:14:11
250002539593;1;SP;6;DEPUTADO FEDERAL;SÔNIA GUAJAJARA;PSOL;FEMININO;INDÍGENA;SUPERIOR COMPLETO;ELEITO POR QP;1;0;05/10/2026;10:14:11
80002549103;1;ES;7;DEPUTADO ESTADUAL;RODRIGO DA COZIVIP;MDB;MASCULINO;BRANCA;SUPERIOR COMPLETO;ELEITO POR MÉDIA;1;0;05/10/2026;10:14:11
250002541120;1;SP;6;DEPUTADO FEDERAL;PAULO ALEXANDRE BARBOSA;PSD;MASCULINO;BRANCA;SUPERIOR COMPLETO;ELEITO POR QP;1;0;05/10/2026;10:14:11
250002541149;1;SP;6;DEPUTADO FEDERAL;SAULO PEDROSO;PSD;MASCULINO;BRANCA;SUPERIOR COMPLETO;ELEITO POR QP;1;0;05/10/2026;10:14:11
170002540316;1;PE;6;DEPUTADO FEDERAL;FERNANDO MONTEIRO;PSD;MASCULINO;BRANCA;SUPERIOR INCOMPLETO;ELEITO POR QP;1;0;05/10/2026;10:14:11
250002544330;1;SP;6;DEPUTADO FEDERAL;ANA CAROLINA OLIVEIRA;PODE;FEMININO;BRANCA;SUPERIOR COMPLETO;ELEITO POR QP;1;0;05/10/2026;10:14:11
170002540295;1;PE;6;DEPUTADO FEDERAL;GABRIEL PORTO;PSB;MASCULINO;BRANCA;SUPERIOR COMPLETO;ELEITO POR QP;1;0;05/10/2026;10:14:11
250002544340;1;SP;6;DEPUTADO FEDERAL;RENATA ABREU;PODE;FEMININO;BRANCA;SUPERIOR COMPLETO;ELEITO POR QP;1;0;05/10/2026;10:14:11
160002547629;1;PR;7;DEPUTADO ESTADUAL;PAULO GOMES DA TV;PL;MASCULINO;BRANCA;SUPERIOR COMPLETO;ELEITO POR QP;1;0;05/10/2026;10:14:11
250002532353;1;SP;6;DEPUTADO FEDERAL;CORONEL TELHADA;PP;MASCULINO;BRANCA;SUPERIOR COMPLETO;ELEITO POR QP;1;0;05/10/2026;10:14:11
160002547648;1;PR;7;DEPUTADO ESTADUAL;DELEGADA TATHIANA GUZELLA;PL;FEMININO;BRANCA;SUPERIOR COMPLETO;ELEITO POR QP;1;0;05/10/2026;10:14:11
170002544066;1;PE;6;DEPUTADO FEDERAL;FERNANDO FILHO;UNIÃO;MASCULINO;BRANCA;SUPERIOR COMPLETO;ELEITO POR QP;1;0;05/10/2026;10:14:11
160002546834;1;PR;7;DEPUTADO ESTADUAL;MOACYR FADEL;PSD;MASCULINO;BRANCA;SUPERIOR COMPLETO;ELEITO POR QP;1;0;05/10/2026;10:14:11
230002549303;1;RR;6;DEPUTADO FEDERAL;JONER CHAGAS;REPUBLICANOS;MASCULINO;BRANCA;ENSINO MÉDIO COMPLETO;ELEITO POR MÉDIA;1;0;05/10/2026;10:14:11
250002535995;1;SP;6;DEPUTADO FEDERAL;LUCAS PAVANATO;PL;MASCULINO;BRANCA;SUPERIOR COMPLETO;ELEITO POR QP;1;0;05/10/2026;10:14:11
30002531189;1;AP;7;DEPUTADO ESTADUAL;LORRAN BARRETO;PSD;MASCULINO;PARDA;SUPERIOR COMPLETO;ELEITO POR QP;1;0;05/10/2026;10:14:11
250002535982;1;SP;6;DEPUTADO FEDERAL;PAULO FREIRE;PL;MASCULINO;BRANCA;SUPERIOR COMPLETO;ELEITO POR QP;1;0;05/10/2026;10:14:11
230002538184;1;RR;6;DEPUTADO FEDERAL;RODRIGO MESQUITA;PODE;MASCULINO;BRANCA;SUPERIOR COMPLETO;ELEITO POR QP;1;0;05/10/2026;10:14:11
30002532034;1;AP;7;DEPUTADO ESTADUAL;JOÃO MENDONÇA;PODE;MASCULINO;BRANCA;SUPERIOR COMPLETO;ELEITO POR QP;1;0;05/10/2026;10:14:11
30002549880;1;AP;7;DEPUTADO ESTADUAL;KINOVAK;REPUBLICANOS;FEMININO;BRANCA;SUPERIOR COMPLETO;ELEITO POR QP;1;0;05/10/2026;10:14:11
220002547362;1;RO;7;DEPUTADO ESTADUAL;FERNANDO SILVA;REPUBLICANOS;MASCULINO;PRETA;SUPERIOR COMPLETO;ELEITO POR QP;1;0;05/10/2026;10:14:11
220002542919;1;RO;7;DEPUTADO ESTADUAL;JURANDIR OLIVEIRA;PSD;MASCULINO;PARDA;ENSINO MÉDIO COMPLETO;ELEITO POR MÉDIA;1;0;05/10/2026;10:14:11
220002547330;1;RO;7;DEPUTADO ESTADUAL;DELEGADO ARAÚJO;PP;MASCULINO;BRANCA;SUPERIOR COMPLETO;ELEITO POR QP;1;0;05/10/2026;10:14:11
60002542842;1;CE;7;DEPUTADO ESTADUAL;TANCREDO DOS SANTOS;PL;MASCULINO;BRANCA;ENSINO MÉDIO COMPLETO;ELEITO POR QP;1;0;05/10/2026;10:14:11
60002542832;1;CE;7;DEPUTADO ESTADUAL;DRA SILVANA;PL;FEMININO;BRANCA;SUPERIOR COMPLETO;ELEITO POR QP;1;0;05/10/2026;10:14:11
270002544484;1;TO;7;DEPUTADO ESTADUAL;VILMAR;PL;MASCULINO;BRANCA;ENSINO MÉDIO COMPLETO;ELEITO POR QP;1;0;05/10/2026;10:14:11
270002542177;1;TO;7;DEPUTADO ESTADUAL;TOINHO ANDRADE;PSDB;MASCULINO;PARDA;SUPERIOR COMPLETO;ELEITO POR MÉDIA;1;0;05/10/2026;10:14:11
270002548429;1;TO;7;DEPUTADO ESTADUAL;MARCOS JUNIOR;PODE;MASCULINO;BRANCA;ENSINO MÉDIO COMPLETO;ELEITO POR QP;1;0;05/10/2026;10:14:11
270002548421;1;TO;7;DEPUTADO ESTADUAL;PAULINHO DO BONIFÁCIO;PODE;MASCULINO;BRANCA;SUPERIOR COMPLETO;ELEITO POR QP;1;0;05/10/2026;10:14:11
60002540729;1;CE;7;DEPUTADO ESTADUAL;MOISÉS BRAZ;PT;MASCULINO;PARDA;ENSINO MÉDIO COMPLETO;ELEITO POR MÉDIA;1;0;05/10/2026;10:14:11
270002544625;1;TO;7;DEPUTADO ESTADUAL;LUCIANO OLIVEIRA;PSD;MASCULINO;PARDA;SUPERIOR COMPLETO;ELEITO POR QP;1;0;05/10/2026;10:14:11
60002540698;1;CE;7;DEPUTADO ESTADUAL;FRANZÉ CARNEIRO;PT;MASCULINO;PARDA;ENSINO MÉDIO COMPLETO;ELEITO POR QP;1;0;05/10/2026;10:14:11
60002540709;1;CE;7;DEPUTADO ESTADUAL;MISSIAS DIAS;PT;MASCULINO;BRANCA;SUPERIOR COMPLETO;ELEITO POR QP;1;0;05/10/2026;10:14:11
60002536673;1;CE;7;DEPUTADO ESTADUAL;MARCOS SOBREIRA;PSB;MASCULINO;BRANCA;SUPERIOR COMPLETO;ELEITO POR QP;1;0;05/10/2026;10:14:11
60002536676;1;CE;7;DEPUTADO ESTADUAL;SÉRGIO AGUIAR;PSB;MASCULINO;BRANCA;SUPERIOR COMPLETO;ELEITO POR QP;1;0;05/10/2026;10:14:11
270002550096;1;TO;7;DEPUTADO ESTADUAL;CLEITON CARDOSO;REPUBLICANOS;MASCULINO;PARDA;ENSINO MÉDIO COMPLETO;ELEITO POR QP;1;0;05/10/2026;10:14:11
10002544519;1;AC;7;DEPUTADO ESTADUAL;SAMIR BESTENE;PP;MASCULINO;BRANCA;SUPERIOR COMPLETO;ELEITO POR QP;1;0;05/10/2026;10:14:11
10002544526;1;AC;7;DEPUTADO ESTADUAL;TIO PABLO BREGENSE;UNIÃO;MASCULINO;PARDA;ENSINO MÉDIO COMPLETO;ELEITO POR QP;1;0;05/10/2026;10:14:11
10002534775;1;AC;7;DEPUTADO ESTADUAL;ANTONIO PEDRO;PSD;MASCULINO;PARDA;ENSINO MÉDIO COMPLETO;ELEITO POR QP;1;0;05/10/2026;10:14:11
10002532447;1;AC;7;DEPUTADO ESTADUAL;MARCUS ALEXANDRE;MDB;MASCULINO;BRANCA;SUPERIOR COMPLETO;ELEITO POR QP;1;0;05/10/2026;10:14:11
10002545655;1;AC;7;DEPUTADO ESTADUAL;RAIMUNDO NENÉM;PL;MASCULINO;BRANCA;ENSINO MÉDIO COMPLETO;ELEITO POR QP;1;0;05/10/2026;10:14:11
60002540746;1;CE;6;DEPUTADO FEDERAL;RAIMUNDO MARTINS;PT;MASCULINO;PARDA;ENSINO FUNDAMENTAL COMPLETO;ELEITO POR QP;1;0;05/10/2026;10:14:11
170002539474;1;PE;7;DEPUTADO ESTADUAL;CORONEL FEITOSA;PL;MASCULINO;PARDA;SUPERIOR COMPLETO;ELEITO POR QP;1;0;05/10/2026;10:14:11
170002535809;1;PE;7;DEPUTADO ESTADUAL;ÁLVARO PORTO;MDB;MASCULINO;BRANCA;SUPERIOR INCOMPLETO;ELEITO POR QP;1;0;05/10/2026;10:14:11
170002535207;1;PE;7;DEPUTADO ESTADUAL;LUCIANO DUQUE;PODE;MASCULINO;BRANCA;SUPERIOR INCOMPLETO;ELEITO POR QP;1;0;05/10/2026;10:14:11
200002533877;1;RN;6;DEPUTADO FEDERAL;SARGENTO GONÇALVES;PL;MASCULINO;BRANCA;SUPERIOR COMPLETO;ELEITO POR QP;1;0;05/10/2026;10:14:11
170002543751;1;PE;7;DEPUTADO ESTADUAL;KAIO MANIÇOBA;PP;MASCULINO;PARDA;SUPERIOR COMPLETO;ELEITO POR QP;1;0;05/10/2026;10:14:11
170002543737;1;PE;7;DEPUTADO ESTADUAL;PASTOR JÚNIOR TÉRCIO;PP;MASCULINO;PARDA;ENSINO MÉDIO COMPLETO;ELEITO POR QP;1;0;05/10/2026;10:14:11
170002543723;1;PE;7;DEPUTADO ESTADUAL;ROBERTA ARRAES;PP;FEMININO;BRANCA;SUPERIOR COMPLETO;ELEITO POR MÉDIA;1;0;05/10/2026;10:14:11
170002533345;1;PE;7;DEPUTADO ESTADUAL;DANI PORTELA;PT;FEMININO;PARDA;SUPERIOR COMPLETO;ELEITO POR QP;1;0;05/10/2026;10:14:11
170002542425;1;PE;7;DEPUTADO ESTADUAL;ERIBERTO FILHO;PSB;MASCULINO;BRANCA;SUPERIOR COMPLETO;ELEITO POR QP;1;0;05/10/2026;10:14:11
170002542422;1;PE;7;DEPUTADO ESTADUAL;FRANCISMAR;PSB;MASCULINO;BRANCA;SUPERIOR COMPLETO;ELEITO POR QP;1;0;05/10/2026;10:14:11
230002538166;1;RR;7;DEPUTADO ESTADUAL;DR. CÉLIO WANDERLEY JR.;PODE;MASCULINO;BRANCA;SUPERIOR COMPLETO;ELEITO POR MÉDIA;1;0;05/10/2026;10:14:11
170002542417;1;PE;7;DEPUTADO ESTADUAL;BRUNO MARQUES;PSB;MASCULINO;PARDA;SUPERIOR COMPLETO;ELEITO POR QP;1;0;05/10/2026;10:14:11
170002542418;1;PE;7;DEPUTADO ESTADUAL;SILENO;PSB;MASCULINO;BRANCA;SUPERIOR COMPLETO;ELEITO POR MÉDIA;1;0;05/10/2026;10:14:11
230002533356;1;RR;7;DEPUTADO ESTADUAL;NETO LOUREIRO;PL;MASCULINO;BRANCA;SUPERIOR COMPLETO;ELEITO POR QP;1;0;05/10/2026;10:14:11
170002540374;1;PE;7;DEPUTADO ESTADUAL;JARBAS FILHO;PSD;MASCULINO;PARDA;SUPERIOR COMPLETO;ELEITO POR QP;1;0;05/10/2026;10:14:11
170002540373;1;PE;7;DEPUTADO ESTADUAL;JANJÃO;PSD;MASCULINO;PARDA;SUPERIOR COMPLETO;ELEITO POR QP;1;0;05/10/2026;10:14:11
70002550319;1;DF;6;DEPUTADO FEDERAL;THIAGO MANZONI;PL;MASCULINO;BRANCA;SUPERIOR COMPLETO;ELEITO POR QP;1;0;05/10/2026;10:14:11
160002542297;1;PR;6;DEPUTADO FEDERAL;PAULO MARTINS;NOVO;MASCULINO;BRANCA;SUPERIOR INCOMPLETO;ELEITO POR QP;1;0;05/10/2026;10:14:11
160002532858;1;PR;6;DEPUTADO FEDERAL;TIÃO MEDEIROS;PP;MASCULINO;BRANCA;SUPERIOR COMPLETO;ELEITO POR QP;1;0;05/10/2026;10:14:11
160002536499;1;PR;6;DEPUTADO FEDERAL;ARILSON CHIORATO;PT;MASCULINO;BRANCA;SUPERIOR COMPLETO;ELEITO POR MÉDIA;1;0;05/10/2026;10:14:11
160002547565;1;PR;6;DEPUTADO FEDERAL;VERMELHO;PL;MASCULINO;BRANCA;SUPERIOR COMPLETO;ELEITO POR QP;1;0;05/10/2026;10:14:11
270002548402;1;TO;6;DEPUTADO FEDERAL;JAIR FARIAS;UNIÃO;MASCULINO;PARDA;ENSINO MÉDIO COMPLETO;ELEITO POR QP;1;0;05/10/2026;10:14:11
270002542116;1;TO;6;DEPUTADO FEDERAL;IRATÃ ABREU;PSDB;MASCULINO;PARDA;SUPERIOR COMPLETO;ELEITO POR MÉDIA;1;0;05/10/2026;10:14:11
270002544470;1;TO;6;DEPUTADO FEDERAL;FILIPE MARTINS;PL;MASCULINO;PARDA;SUPERIOR COMPLETO;ELEITO POR MÉDIA;1;0;05/10/2026;10:14:11
200002533853;1;RN;7;DEPUTADO ESTADUAL;IVANILSON OLIVEIRA;PV;MASCULINO;PRETA;ENSINO MÉDIO COMPLETO;ELEITO POR MÉDIA;1;0;05/10/2026;10:14:11
200002533854;1;RN;7;DEPUTADO ESTADUAL;EUDIANE MACEDO;PV;FEMININO;PARDA;ENSINO MÉDIO COMPLETO;ELEITO POR QP;1;0;05/10/2026;10:14:11
200002534419;1;RN;7;DEPUTADO ESTADUAL;ADJUTO DIAS;PL;MASCULINO;BRANCA;SUPERIOR COMPLETO;ELEITO POR QP;1;0;05/10/2026;10:14:11
200002535728;1;RN;7;DEPUTADO ESTADUAL;NELTER QUEIROZ;PP;MASCULINO;BRANCA;SUPERIOR INCOMPLETO;ELEITO POR MÉDIA;1;0;05/10/2026;10:14:11
200002535736;1;RN;7;DEPUTADO ESTADUAL;KLEBER RODRIGUES;PP;MASCULINO;PARDA;SUPERIOR COMPLETO;ELEITO POR QP;1;0;05/10/2026;10:14:11
200002535734;1;RN;7;DEPUTADO ESTADUAL;ROBSON CARVALHO;UNIÃO;MASCULINO;BRANCA;SUPERIOR COMPLETO;ELEITO POR QP;1;0;05/10/2026;10:14:11
190002541091;1;RJ;6;DEPUTADO FEDERAL;RUEDA;UNIÃO;MASCULINO;BRANCA;SUPERIOR COMPLETO;ELEITO POR QP;1;0;05/10/2026;10:14:11
140002544257;1;PA;7;DEPUTADO ESTADUAL;RUI BEGOT;PODE;MASCULINO;PARDA;SUPERIOR COMPLETO;ELEITO POR MÉDIA;1;0;05/10/2026;10:14:11
250002541102;1;SP;6;DEPUTADO FEDERAL;MARCOS NEVES;PSD;MASCULINO;BRANCA;SUPERIOR COMPLETO;ELEITO POR QP;1;0;05/10/2026;10:14:11
160002547568;1;PR;6;DEPUTADO FEDERAL;DELEGADO FRANCISCHINI;PL;MASCULINO;BRANCA;SUPERIOR COMPLETO;ELEITO POR QP;1;0;05/10/2026;10:14:11
90002537390;1;GO;6;DEPUTADO FEDERAL;GLAUSTIN DA FOKUS;PODE;MASCULINO;BRANCA;SUPERIOR COMPLETO;ELEITO POR MÉDIA;1;0;05/10/2026;10:14:11
240002539384;1;SC;6;DEPUTADO FEDERAL;ZÉ TROVÃO;PL;MASCULINO;BRANCA;ENSINO MÉDIO COMPLETO;ELEITO POR QP;1;0;05/10/2026;10:14:11
240002539377;1;SC;6;DEPUTADO FEDERAL;RICARDO GUIDI;PL;MASCULINO;BRANCA;SUPERIOR COMPLETO;ELEITO POR MÉDIA;1;0;05/10/2026;10:14:11
90002543473;1;GO;6;DEPUTADO FEDERAL;DANIEL AGROBOM;PSD;MASCULINO;BRANCA;ENSINO MÉDIO INCOMPLETO;ELEITO POR MÉDIA;1;0;05/10/2026;10:14:11
90002548376;1;GO;6;DEPUTADO FEDERAL;MARUSSA BOLDRIN;REPUBLICANOS;FEMININO;BRANCA;SUPERIOR COMPLETO;ELEITO POR QP;1;0;05/10/2026;10:14:11
190002532816;1;RJ;6;DEPUTADO FEDERAL;DIOGO BALIEIRO DINIZ;PL;MASCULINO;BRANCA;SUPERIOR COMPLETO;ELEITO POR QP;1;0;05/10/2026;10:14:11
190002532809;1;RJ;6;DEPUTADO FEDERAL;POUBEL;PL;MASCULINO;BRANCA;SUPERIOR COMPLETO;ELEITO POR QP;1;0;05/10/2026;10:14:11
190002536155;1;RJ;6;DEPUTADO FEDERAL;GLAUBER BRAGA;PSOL;MASCULINO;BRANCA;SUPERIOR COMPLETO;ELEITO POR QP;1;0;05/10/2026;10:14:11
190002550520;1;RJ;6;DEPUTADO FEDERAL;JUNINHO DO PNEU;PSDB;MASCULINO;BRANCA;ENSINO FUNDAMENTAL INCOMPLETO;ELEITO POR QP;1;0;05/10/2026;10:14:11
50002533133;1;BA;7;DEPUTADO ESTADUAL;TIAGO CORREIA;PSDB;MASCULINO;PARDA;SUPERIOR COMPLETO;ELEITO POR QP;1;0;05/10/2026;10:14:11
190002550510;1;RJ;6;DEPUTADO FEDERAL;LUCIANO VIEIRA;PSDB;MASCULINO;BRANCA;ENSINO MÉDIO COMPLETO;ELEITO POR QP;1;0;05/10/2026;10:14:11
130002542015;1;MG;6;DEPUTADO FEDERAL;LINCOLN PORTELA;PL;MASCULINO;BRANCA;ENSINO MÉDIO COMPLETO;ELEITO POR QP;1;0;05/10/2026;10:14:11
130002541998;1;MG;6;DEPUTADO FEDERAL;SARGENTO MELLO-CASAL;PL;MASCULINO;BRANCA;SUPERIOR COMPLETO;ELEITO POR QP;1;0;05/10/2026;10:14:11
50002537849;1;BA;7;DEPUTADO ESTADUAL;ROWENNA;PT;FEMININO;PARDA;SUPERIOR COMPLETO;ELEITO POR QP;1;0;05/10/2026;10:14:11
50002537865;1;BA;7;DEPUTADO ESTADUAL;EUCLIDES FERNANDES;PT;MASCULINO;BRANCA;SUPERIOR COMPLETO;ELEITO POR MÉDIA;1;0;05/10/2026;10:14:11
130002542043;1;MG;6;DEPUTADO FEDERAL;CAPOREZZO;PL;MASCULINO;BRANCA;SUPERIOR COMPLETO;ELEITO POR QP;1;0;05/10/2026;10:14:11
250002533798;1;SP;7;DEPUTADO ESTADUAL;SOLANGE FREITAS;UNIÃO;FEMININO;BRANCA;SUPERIOR COMPLETO;ELEITO POR QP;1;0;05/10/2026;10:14:11
190002534633;1;RJ;6;DEPUTADO FEDERAL;LUIZ LIMA;NOVO;MASCULINO;BRANCA;SUPERIOR COMPLETO;ELEITO POR MÉDIA;1;0;05/10/2026;10:14:11
190002540194;1;RJ;6;DEPUTADO FEDERAL;DANIEL SORANZ;PSD;MASCULINO;BRANCA;SUPERIOR COMPLETO;ELEITO POR QP;1;0;05/10/2026;10:14:11
250002536845;1;SP;7;DEPUTADO ESTADUAL;RODRIGO MAR;PT;MASCULINO;BRANCA;SUPERIOR COMPLETO;ELEITO POR QP;1;0;05/10/2026;10:14:11
50002532683;1;BA;7;DEPUTADO ESTADUAL;ANDREA CASTRO;PSD;FEMININO;PARDA;SUPERIOR COMPLETO;ELEITO POR QP;1;0;05/10/2026;10:14:11
50002532698;1;BA;7;DEPUTADO ESTADUAL;NILTINHO;PSD;MASCULINO;BRANCA;SUPERIOR COMPLETO;ELEITO POR QP;1;0;05/10/2026;10:14:11
50002531394;1;BA;7;DEPUTADO ESTADUAL;JOSAFÁ MARINHO;PDT;MASCULINO;BRANCA;SUPERIOR COMPLETO;ELEITO POR QP;1;0;05/10/2026;10:14:11
190002543080;1;RJ;6;DEPUTADO FEDERAL;ANIELLE FRANCO;PT;FEMININO;PRETA;SUPERIOR COMPLETO;ELEITO POR QP;1;0;05/10/2026;10:14:11
50002535120;1;BA;7;DEPUTADO ESTADUAL;JÂNIO NATAL JÚNIOR;PL;MASCULINO;BRANCA;SUPERIOR COMPLETO;ELEITO POR QP;1;0;05/10/2026;10:14:11
180002536218;1;PI;7;DEPUTADO ESTADUAL;CEL CARLOS AUGUSTO;MDB;MASCULINO;PARDA;SUPERIOR COMPLETO;ELEITO POR QP;1;0;05/10/2026;10:14:11
180002533564;1;PI;7;DEPUTADO ESTADUAL;BRENO MACÊDO;PV;MASCULINO;PARDA;SUPERIOR COMPLETO;ELEITO POR MÉDIA;1;0;05/10/2026;10:14:11
180002533561;1;PI;7;DEPUTADO ESTADUAL;FLÁVIO JÚNIOR;PT;MASCULINO;BRANCA;SUPERIOR COMPLETO;ELEITO POR QP;1;0;05/10/2026;10:14:11
120002537505;1;MS;7;DEPUTADO ESTADUAL;PEDROSSIAN NETO;REPUBLICANOS;MASCULINO;BRANCA;SUPERIOR COMPLETO;ELEITO POR MÉDIA;1;0;05/10/2026;10:14:11
180002534820;1;PI;7;DEPUTADO ESTADUAL;WILSON CAPOTE;PSD;MASCULINO;BRANCA;ENSINO MÉDIO COMPLETO;ELEITO POR QP;1;0;05/10/2026;10:14:11
220002536886;1;RO;6;DEPUTADO FEDERAL;SOFIA ANDRADE;PL;FEMININO;BRANCA;ENSINO MÉDIO INCOMPLETO;ELEITO POR MÉDIA;1;0;05/10/2026;10:14:11
180002534826;1;PI;7;DEPUTADO ESTADUAL;TONINHO DE CARIDADE;PSD;MASCULINO;PARDA;SUPERIOR COMPLETO;ELEITO POR QP;1;0;05/10/2026;10:14:11
180002539019;1;PI;7;DEPUTADO ESTADUAL;ZÉ FERNANDO;PP;MASCULINO;BRANCA;SUPERIOR COMPLETO;ELEITO POR QP;1;0;05/10/2026;10:14:11
120002549560;1;MS;7;DEPUTADO ESTADUAL;LIDIO LOPES;AVANTE;MASCULINO;BRANCA;SUPERIOR COMPLETO;ELEITO POR QP;1;0;05/10/2026;10:14:11
120002535520;1;MS;7;DEPUTADO ESTADUAL;PAULO DUARTE;PSDB;MASCULINO;BRANCA;SUPERIOR COMPLETO;ELEITO POR QP;1;0;05/10/2026;10:14:11
250002545172;1;SP;7;DEPUTADO ESTADUAL;KAKA DO AUTISMO;PODE;MASCULINO;BRANCA;SUPERIOR COMPLETO;ELEITO POR QP;1;0;05/10/2026;10:14:11
90002547115;1;GO;7;DEPUTADO ESTADUAL;CORONEL EDSON RAIADO;PSD;MASCULINO;PARDA;SUPERIOR COMPLETO;ELEITO POR MÉDIA;1;0;05/10/2026;10:14:11
250002541870;1;SP;7;DEPUTADO ESTADUAL;BRUNA FURLAN;REPUBLICANOS;FEMININO;BRANCA;SUPERIOR COMPLETO;ELEITO POR QP;1;0;05/10/2026;10:14:11
240002540094;1;SC;7;DEPUTADO ESTADUAL;NEODI SARETTA;PT;MASCULINO;BRANCA;SUPERIOR COMPLETO;ELEITO POR QP;1;0;05/10/2026;10:14:11
70002550000;1;DF;8;DEPUTADO DISTRITAL;JOÃO CARDOSO;PL;MASCULINO;BRANCA;SUPERIOR COMPLETO;ELEITO POR MÉDIA;1;0;05/10/2026;10:14:11
90002546224;1;GO;7;DEPUTADO ESTADUAL;LINEU OLIMPIO;MDB;MASCULINO;PARDA;SUPERIOR COMPLETO;ELEITO POR QP;1;0;05/10/2026;10:14:11
240002539960;1;SC;7;DEPUTADO ESTADUAL;WILIAN TONEZI;PL;MASCULINO;BRANCA;SUPERIOR COMPLETO;ELEITO POR QP;1;0;05/10/2026;10:14:11
240002539963;1;SC;7;DEPUTADO ESTADUAL;MARCIUS MACHADO;PL;MASCULINO;BRANCA;SUPERIOR COMPLETO;ELEITO POR MÉDIA;1;0;05/10/2026;10:14:11
70002538800;1;DF;8;DEPUTADO DISTRITAL;JAQUELINE SILVA;MDB;FEMININO;BRANCA;SUPERIOR COMPLETO;ELEITO POR QP;1;0;05/10/2026;10:14:11
90002543807;1;GO;7;DEPUTADO ESTADUAL;LISSAUER VIEIRA;PL;MASCULINO;BRANCA;SUPERIOR COMPLETO;ELEITO POR QP;1;0;05/10/2026;10:14:11
10002538358;1;AC;6;DEPUTADO FEDERAL;PERPÉTUA ALMEIDA;PCDOB;FEMININO;PARDA;SUPERIOR COMPLETO;ELEITO POR MÉDIA;1;0;05/10/2026;10:14:11
250002536405;1;SP;7;DEPUTADO ESTADUAL;ROGÉRIO FRANCO;PL;MASCULINO;BRANCA;SUPERIOR COMPLETO;ELEITO POR QP;1;0;05/10/2026;10:14:11
250002536415;1;SP;7;DEPUTADO ESTADUAL;CORONEL PAGANOTTO;PL;MASCULINO;BRANCA;SUPERIOR COMPLETO;ELEITO POR QP;1;0;05/10/2026;10:14:11
250002536344;1;SP;7;DEPUTADO ESTADUAL;CAPITÃO MOSART;PL;MASCULINO;BRANCA;SUPERIOR COMPLETO;ELEITO POR QP;1;0;05/10/2026;10:14:11
130002535347;1;MG;7;DEPUTADO ESTADUAL;BEATRIZ CERQUEIRA;PT;FEMININO;BRANCA;SUPERIOR COMPLETO;ELEITO POR QP;1;0;05/10/2026;10:14:11
130002539885;1;MG;7;DEPUTADO ESTADUAL;NEILANDO PIMENTA;REPUBLICANOS;MASCULINO;PRETA;SUPERIOR COMPLETO;ELEITO POR QP;1;0;05/10/2026;10:14:11
130002539490;1;MG;7;DEPUTADO ESTADUAL;IZA LOURENÇA;PSOL;FEMININO;PRETA;SUPERIOR COMPLETO;ELEITO POR QP;1;0;05/10/2026;10:14:11
210002537718;1;RS;6;DEPUTADO FEDERAL;COVATTI FILHO;PP;MASCULINO;BRANCA;SUPERIOR COMPLETO;ELEITO POR MÉDIA;1;0;05/10/2026;10:14:11
130002542096;1;MG;7;DEPUTADO ESTADUAL;ROBERTA LOPES;PL;FEMININO;BRANCA;SUPERIOR INCOMPLETO;ELEITO POR QP;1;0;05/10/2026;10:14:11
130002542062;1;MG;7;DEPUTADO ESTADUAL;MARLI RIBEIRO;PL;FEMININO;BRANCA;SUPERIOR COMPLETO;ELEITO POR QP;1;0;05/10/2026;10:14:11
130002542093;1;MG;7;DEPUTADO ESTADUAL;PEDRO LUIZ;PL;MASCULINO;PARDA;SUPERIOR INCOMPLETO;ELEITO POR MÉDIA;1;0;05/10/2026;10:14:11
130002542080;1;MG;7;DEPUTADO ESTADUAL;AMANDA TEIXEIRA DIAS;PL;FEMININO;BRANCA;SUPERIOR INCOMPLETO;ELEITO POR QP;1;0;05/10/2026;10:14:11
130002542113;1;MG;7;DEPUTADO ESTADUAL;BRUNO ENGLER;PL;MASCULINO;BRANCA;SUPERIOR COMPLETO;ELEITO POR QP;1;0;05/10/2026;10:14:11
150002538457;1;PB;6;DEPUTADO FEDERAL;CABO GILBERTO SILVA;PL;MASCULINO;BRANCA;SUPERIOR COMPLETO;ELEITO POR QP;1;0;05/10/2026;10:14:11
150002549636;1;PB;6;DEPUTADO FEDERAL;AGUINALDO RIBEIRO;PP;MASCULINO;BRANCA;SUPERIOR COMPLETO;ELEITO POR QP;1;0;05/10/2026;10:14:11
130002549954;1;MG;7;DEPUTADO ESTADUAL;ENES CANDIDO;PSD;MASCULINO;BRANCA;SUPERIOR COMPLETO;ELEITO POR QP;1;0;05/10/2026;10:14:11
150002544205;1;PB;6;DEPUTADO FEDERAL;HUGO;REPUBLICANOS;MASCULINO;BRANCA;SUPERIOR COMPLETO;ELEITO POR QP;1;0;05/10/2026;10:14:11
150002544208;1;PB;6;DEPUTADO FEDERAL;WILSON SANTIAGO;REPUBLICANOS;MASCULINO;PARDA;SUPERIOR COMPLETO;ELEITO POR MÉDIA;1;0;05/10/2026;10:14:11
130002549938;1;MG;7;DEPUTADO ESTADUAL;RAUL BELEM;PSD;MASCULINO;BRANCA;SUPERIOR INCOMPLETO;ELEITO POR QP;1;0;05/10/2026;10:14:11
210002538541;1;RS;6;DEPUTADO FEDERAL;LUCAS REDECKER;PSD;MASCULINO;BRANCA;SUPERIOR COMPLETO;ELEITO POR QP;1;0;05/10/2026;10:14:11
110002542638;1;MT;7;DEPUTADO ESTADUAL;FABINHO TARDIN;PODE;MASCULINO;PARDA;ENSINO MÉDIO COMPLETO;ELEITO POR QP;1;0;05/10/2026;10:14:11
110002542649;1;MT;7;DEPUTADO ESTADUAL;BETO DOIS A UM;PODE;MASCULINO;BRANCA;SUPERIOR COMPLETO;ELEITO POR QP;1;0;05/10/2026;10:14:11
130002549957;1;MG;7;DEPUTADO ESTADUAL;TITO TORRES;PSD;MASCULINO;BRANCA;SUPERIOR COMPLETO;ELEITO POR MÉDIA;1;0;05/10/2026;10:14:11
110002549739;1;MT;7;DEPUTADO ESTADUAL;WILSON SANTOS;PSD;MASCULINO;BRANCA;SUPERIOR COMPLETO;ELEITO POR MÉDIA;1;0;05/10/2026;10:14:11
130002548769;1;MG;7;DEPUTADO ESTADUAL;RODRIGO CADEIRANTE;PODE;MASCULINO;BRANCA;ENSINO MÉDIO COMPLETO;ELEITO POR QP;1;0;05/10/2026;10:14:11
210002534020;1;RS;7;DEPUTADO ESTADUAL;HALLEY;PT;MASCULINO;BRANCA;SUPERIOR COMPLETO;ELEITO POR QP;1;0;05/10/2026;10:14:11
40002532751;1;AM;7;DEPUTADO ESTADUAL;DAVID BEMERGUY;MDB;MASCULINO;BRANCA;ENSINO MÉDIO COMPLETO;ELEITO POR QP;1;0;05/10/2026;10:14:11
40002541745;1;AM;7;DEPUTADO ESTADUAL;ADJUTO AFONSO;UNIÃO;MASCULINO;PARDA;SUPERIOR COMPLETO;ELEITO POR MÉDIA;1;0;05/10/2026;10:14:11
40002537615;1;AM;7;DEPUTADO ESTADUAL;EDUARDO ALFAIA;AVANTE;MASCULINO;PARDA;SUPERIOR COMPLETO;ELEITO POR MÉDIA;1;0;05/10/2026;10:14:11
40002532791;1;AM;7;DEPUTADO ESTADUAL;ROZENHA;PSD;MASCULINO;PRETA;ENSINO MÉDIO COMPLETO;ELEITO POR QP;1;0;05/10/2026;10:14:11
210002535703;1;RS;7;DEPUTADO ESTADUAL;VANICE DE MATOS;PL;FEMININO;BRANCA;SUPERIOR COMPLETO;ELEITO POR QP;1;0;05/10/2026;10:14:11
130002543664;1;MG;7;DEPUTADO ESTADUAL;NORALDINO JUNIOR;PSB;MASCULINO;BRANCA;SUPERIOR COMPLETO;ELEITO POR QP;1;0;05/10/2026;10:14:11
190002543322;1;RJ;7;DEPUTADO ESTADUAL;ADILSON PIRES;PT;MASCULINO;PARDA;ENSINO MÉDIO COMPLETO;ELEITO POR MÉDIA;1;0;05/10/2026;10:14:11
100002540282;1;MA;7;DEPUTADO ESTADUAL;JUNIOR VIANA;MDB;MASCULINO;PARDA;SUPERIOR COMPLETO;ELEITO POR MÉDIA;1;0;05/10/2026;10:14:11
100002540261;1;MA;7;DEPUTADO ESTADUAL;DAVI BRANDÃO;MDB;MASCULINO;BRANCA;SUPERIOR COMPLETO;ELEITO POR QP;1;0;05/10/2026;10:14:11
100002540283;1;MA;7;DEPUTADO ESTADUAL;ANTONIO PEREIRA;MDB;MASCULINO;BRANCA;SUPERIOR COMPLETO;ELEITO POR QP;1;0;05/10/2026;10:14:11
100002540259;1;MA;7;DEPUTADO ESTADUAL;ABIGAIL CUNHA;MDB;FEMININO;PARDA;SUPERIOR COMPLETO;ELEITO POR QP;1;0;05/10/2026;10:14:11
100002537286;1;MA;7;DEPUTADO ESTADUAL;SOLANGE ALMEIDA;PL;FEMININO;PARDA;SUPERIOR COMPLETO;ELEITO POR QP;1;0;05/10/2026;10:14:11
190002533699;1;RJ;7;DEPUTADO ESTADUAL;CORONEL MENEZES;PL;MASCULINO;BRANCA;SUPERIOR COMPLETO;ELEITO POR QP;1;0;05/10/2026;10:14:11
190002533686;1;RJ;7;DEPUTADO ESTADUAL;JORGE FELIPPE NETO;PL;MASCULINO;BRANCA;SUPERIOR COMPLETO;ELEITO POR QP;1;0;05/10/2026;10:14:11
190002533703;1;RJ;7;DEPUTADO ESTADUAL;RODRIGO MEDEIROS;PL;MASCULINO;BRANCA;SUPERIOR COMPLETO;ELEITO POR QP;1;0;05/10/2026;10:14:11
210002533934;1;RS;7;DEPUTADO ESTADUAL;MATHEUS GOMES;PSOL;MASCULINO;PRETA;SUPERIOR COMPLETO;ELEITO POR QP;1;0;05/10/2026;10:14:11
140002541723;1;PA;7;DEPUTADO ESTADUAL;ANDREA DANTAS;MDB;FEMININO;BRANCA;SUPERIOR COMPLETO;ELEITO POR MÉDIA;1;0;05/10/2026;10:14:11
140002541738;1;PA;7;DEPUTADO ESTADUAL;NENEM ALBUQUERQUE;MDB;MASCULINO;PARDA;SUPERIOR COMPLETO;ELEITO POR QP;1;0;05/10/2026;10:14:11
100002535650;1;MA;7;DEPUTADO ESTADUAL;MAEDJA CAMPOS;PDT;FEMININO;PARDA;SUPERIOR COMPLETO;ELEITO POR QP;1;0;05/10/2026;10:14:11
50002532504;1;BA;6;DEPUTADO FEDERAL;LÉO PRATES;REPUBLICANOS;MASCULINO;BRANCA;SUPERIOR COMPLETO;ELEITO POR QP;1;0;05/10/2026;10:14:11
140002549255;1;PA;7;DEPUTADO ESTADUAL;RENATA FONSECA;PL;FEMININO;BRANCA;SUPERIOR COMPLETO;ELEITO POR QP;1;0;05/10/2026;10:14:11
190002538031;1;RJ;7;DEPUTADO ESTADUAL;JOÃO PIRES;PSD;MASCULINO;BRANCA;SUPERIOR COMPLETO;ELEITO POR QP;1;0;05/10/2026;10:14:11
190002538014;1;RJ;7;DEPUTADO ESTADUAL;VINÍCIUS COZZOLINO;PSD;MASCULINO;BRANCA;SUPERIOR COMPLETO;ELEITO POR QP;1;0;05/10/2026;10:14:11
50002534762;1;BA;6;DEPUTADO FEDERAL;ELMO VAZ;AVANTE;MASCULINO;PARDA;SUPERIOR COMPLETO;ELEITO POR MÉDIA;1;0;05/10/2026;10:14:11
190002538053;1;RJ;7;DEPUTADO ESTADUAL;ANA PAULA MENDES;PSD;FEMININO;PARDA;SUPERIOR COMPLETO;ELEITO POR QP;1;0;05/10/2026;10:14:11
50002532900;1;BA;6;DEPUTADO FEDERAL;CAPITÃO ALDEN;PL;MASCULINO;PARDA;SUPERIOR COMPLETO;ELEITO POR MÉDIA;1;0;05/10/2026;10:14:11
140002551125;1;PA;7;DEPUTADO ESTADUAL;THIAGO ARAUJO;UNIÃO;MASCULINO;BRANCA;SUPERIOR COMPLETO;ELEITO POR QP;1;0;05/10/2026;10:14:11
140002551143;1;PA;7;DEPUTADO ESTADUAL;ANGELO FERRARI;UNIÃO;MASCULINO;BRANCA;SUPERIOR INCOMPLETO;ELEITO POR QP;1;0;05/10/2026;10:14:11
50002532625;1;BA;6;DEPUTADO FEDERAL;DANIEL ALENCAR;PSD;MASCULINO;BRANCA;SUPERIOR COMPLETO;ELEITO POR QP;1;0;05/10/2026;10:14:11
190002541658;1;RJ;7;DEPUTADO ESTADUAL;RAFAEL PICCIANI;UNIÃO;MASCULINO;BRANCA;SUPERIOR INCOMPLETO;ELEITO POR MÉDIA;1;0;05/10/2026;10:14:11
180002533192;1;PI;6;DEPUTADO FEDERAL;WILSON MARTINS;PSD;MASCULINO;BRANCA;SUPERIOR COMPLETO;ELEITO POR MÉDIA;1;0;05/10/2026;10:14:11
180002536461;1;PI;6;DEPUTADO FEDERAL;CASTRO NETO;MDB;MASCULINO;BRANCA;SUPERIOR COMPLETO;ELEITO POR QP;1;0;05/10/2026;10:14:11
50002537398;1;BA;6;DEPUTADO FEDERAL;MARIO NEGROMONTE JR;PSB;MASCULINO;BRANCA;SUPERIOR COMPLETO;ELEITO POR QP;1;0;05/10/2026;10:14:11
180002544106;1;PI;6;DEPUTADO FEDERAL;JADYEL;REPUBLICANOS;MASCULINO;PARDA;SUPERIOR INCOMPLETO;ELEITO POR MÉDIA;1;0;05/10/2026;10:14:11
50002538780;1;BA;6;DEPUTADO FEDERAL;LUCAS REIS;PT;MASCULINO;PARDA;SUPERIOR COMPLETO;ELEITO POR QP;1;0;05/10/2026;10:14:11
50002538779;1;BA;6;DEPUTADO FEDERAL;JORGE SOLLA;PT;MASCULINO;BRANCA;SUPERIOR COMPLETO;ELEITO POR QP;1;0;05/10/2026;10:14:11
260002535754;1;SE;7;DEPUTADO ESTADUAL;ANTÔNIO BALA;MDB;MASCULINO;PARDA;SUPERIOR COMPLETO;ELEITO POR QP;1;0;05/10/2026;10:14:11
260002535601;1;SE;7;DEPUTADO ESTADUAL;MARCOS OLIVEIRA;REPUBLICANOS;MASCULINO;BRANCA;SUPERIOR COMPLETO;ELEITO POR QP;1;0;05/10/2026;10:14:11
20002553262;1;AL;7;DEPUTADO ESTADUAL;TENORINHO MALTA;PSDB;MASCULINO;BRANCA;SUPERIOR INCOMPLETO;ELEITO POR QP;1;0;05/10/2026;10:14:11
260002545624;1;SE;7;DEPUTADO ESTADUAL;CAMILO DANIEL;PT;MASCULINO;BRANCA;SUPERIOR INCOMPLETO;ELEITO POR QP;1;0;05/10/2026;10:14:11
20002548100;1;AL;7;DEPUTADO ESTADUAL;HUGO WANDERLEY;MDB;MASCULINO;BRANCA;SUPERIOR COMPLETO;ELEITO POR QP;1;0;05/10/2026;10:14:11
20002548101;1;AL;7;DEPUTADO ESTADUAL;GABI GONÇALVES;MDB;FEMININO;BRANCA;SUPERIOR COMPLETO;ELEITO POR QP;1;0;05/10/2026;10:14:11
20002548324;1;AL;7;DEPUTADO ESTADUAL;ANTONIO ALBUQUERQUE;UNIÃO;MASCULINO;BRANCA;ENSINO MÉDIO COMPLETO;ELEITO POR QP;1;0;05/10/2026;10:14:11
150002541194;1;PB;7;DEPUTADO ESTADUAL;NILVAN FERREIRA;PL;MASCULINO;PRETA;SUPERIOR COMPLETO;ELEITO POR QP;1;0;05/10/2026;10:14:11
150002544187;1;PB;7;DEPUTADO ESTADUAL;BRANCO MENDES;REPUBLICANOS;MASCULINO;BRANCA;SUPERIOR COMPLETO;ELEITO POR QP;1;0;05/10/2026;10:14:11
80002549425;1;ES;7;DEPUTADO ESTADUAL;DR VITOR LOUZADA;PL;MASCULINO;BRANCA;SUPERIOR COMPLETO;ELEITO POR QP;1;0;05/10/2026;10:14:11
150002544152;1;PB;7;DEPUTADO ESTADUAL;ANDERSON MONTEIRO;PV;MASCULINO;BRANCA;SUPERIOR COMPLETO;ELEITO POR QP;1;0;05/10/2026;10:14:11
80002549069;1;ES;7;DEPUTADO ESTADUAL;AÇUCENA;PT;FEMININO;PARDA;SUPERIOR COMPLETO;ELEITO POR QP;1;0;05/10/2026;10:14:11
80002549074;1;ES;7;DEPUTADO ESTADUAL;JULIO DA FETAES;PT;MASCULINO;BRANCA;SUPERIOR COMPLETO;ELEITO POR MÉDIA;1;0;05/10/2026;10:14:11
250002539624;1;SP;6;DEPUTADO FEDERAL;NATÁLIA BOULOS;PSOL;FEMININO;BRANCA;SUPERIOR COMPLETO;ELEITO POR QP;1;0;05/10/2026;10:14:11
160002547552;1;PR;7;DEPUTADO ESTADUAL;NEY LEPREVOST;REPUBLICANOS;MASCULINO;BRANCA;SUPERIOR COMPLETO;ELEITO POR QP;1;0;05/10/2026;10:14:11
160002542371;1;PR;7;DEPUTADO ESTADUAL;LUIZ FERNANDO GUERRA;NOVO;MASCULINO;BRANCA;SUPERIOR COMPLETO;ELEITO POR QP;1;0;05/10/2026;10:14:11
250002541114;1;SP;6;DEPUTADO FEDERAL;CARLOS SAMPAIO;PSD;MASCULINO;BRANCA;SUPERIOR COMPLETO;ELEITO POR MÉDIA;1;0;05/10/2026;10:14:11
160002542281;1;PR;7;DEPUTADO ESTADUAL;PROF. LEMOS;PT;MASCULINO;BRANCA;SUPERIOR COMPLETO;ELEITO POR QP;1;0;05/10/2026;10:14:11
160002542248;1;PR;7;DEPUTADO ESTADUAL;MARIO VERRI;PT;MASCULINO;BRANCA;SUPERIOR INCOMPLETO;ELEITO POR QP;1;0;05/10/2026;10:14:11
170002539181;1;PE;6;DEPUTADO FEDERAL;ANDERSON FERREIRA;PL;MASCULINO;BRANCA;SUPERIOR INCOMPLETO;ELEITO POR QP;1;0;05/10/2026;10:14:11
170002538985;1;PE;6;DEPUTADO FEDERAL;WALDEMAR OLIVEIRA;AVANTE;MASCULINO;BRANCA;SUPERIOR COMPLETO;ELEITO POR MÉDIA;1;0;05/10/2026;10:14:11
160002547500;1;PR;7;DEPUTADO ESTADUAL;DO CARMO;PODE;MASCULINO;PRETA;SUPERIOR COMPLETO;ELEITO POR QP;1;0;05/10/2026;10:14:11
170002540312;1;PE;6;DEPUTADO FEDERAL;GUILHERME UCHOA JUNIOR;PSD;MASCULINO;BRANCA;SUPERIOR COMPLETO;ELEITO POR QP;1;0;05/10/2026;10:14:11
170002533327;1;PE;6;DEPUTADO FEDERAL;LIANA CIRNE;PT;FEMININO;BRANCA;SUPERIOR COMPLETO;ELEITO POR MÉDIA;1;0;05/10/2026;10:14:11
160002547616;1;PR;7;DEPUTADO ESTADUAL;MATHEUS VERMELHO;PL;MASCULINO;BRANCA;SUPERIOR COMPLETO;ELEITO POR QP;1;0;05/10/2026;10:14:11
170002532733;1;PE;6;DEPUTADO FEDERAL;AUGUSTO COUTINHO;REPUBLICANOS;MASCULINO;BRANCA;SUPERIOR COMPLETO;ELEITO POR QP;1;0;05/10/2026;10:14:11
160002546819;1;PR;7;DEPUTADO ESTADUAL;ARTAGÃO JÚNIOR;PSD;MASCULINO;BRANCA;SUPERIOR COMPLETO;ELEITO POR QP;1;0;05/10/2026;10:14:11
30002533021;1;AP;7;DEPUTADO ESTADUAL;DR. VICTOR AMORAS;REDE;MASCULINO;BRANCA;SUPERIOR COMPLETO;ELEITO POR QP;1;0;05/10/2026;10:14:11
30002539109;1;AP;7;DEPUTADO ESTADUAL;JOSELYO MAIS SAÚDE;PP;MASCULINO;PARDA;SUPERIOR COMPLETO;ELEITO POR QP;1;0;05/10/2026;10:14:11
30002533721;1;AP;7;DEPUTADO ESTADUAL;ALDILENE SOUZA;PDT;FEMININO;BRANCA;SUPERIOR COMPLETO;ELEITO POR MÉDIA;1;0;05/10/2026;10:14:11
30002533718;1;AP;7;DEPUTADO ESTADUAL;JOÃO PEDRO;PDT;MASCULINO;PARDA;SUPERIOR COMPLETO;ELEITO POR QP;1;0;05/10/2026;10:14:11
250002535975;1;SP;6;DEPUTADO FEDERAL;EDUARDO CURY;PL;MASCULINO;BRANCA;SUPERIOR COMPLETO;ELEITO POR QP;1;0;05/10/2026;10:14:11
230002549630;1;RR;6;DEPUTADO FEDERAL;DEFENSOR STÉLIO DENER;UNIÃO;MASCULINO;BRANCA;SUPERIOR COMPLETO;ELEITO POR MÉDIA;1;0;05/10/2026;10:14:11
250002535986;1;SP;6;DEPUTADO FEDERAL;THIAGO SURFISTA;PL;MASCULINO;BRANCA;SUPERIOR COMPLETO;ELEITO POR QP;1;0;05/10/2026;10:14:11
250002535954;1;SP;6;DEPUTADO FEDERAL;CAPITÃO AUGUSTO;PL;MASCULINO;BRANCA;SUPERIOR COMPLETO;ELEITO POR QP;1;0;05/10/2026;10:14:11
20002546939;1;AL;6;DEPUTADO FEDERAL;RAFAEL BRITO;MDB;MASCULINO;BRANCA;SUPERIOR COMPLETO;ELEITO POR QP;1;0;05/10/2026;10:14:11
80002542390;1;ES;6;DEPUTADO FEDERAL;CORONEL RAMALHO;REPUBLICANOS;MASCULINO;BRANCA;SUPERIOR COMPLETO;ELEITO POR MÉDIA;1;0;05/10/2026;10:14:11
20002540495;1;AL;6;DEPUTADO FEDERAL;LUCIANO AMARAL;PSD;MASCULINO;BRANCA;SUPERIOR COMPLETO;ELEITO POR QP;1;0;05/10/2026;10:14:11
80002549470;1;ES;6;DEPUTADO FEDERAL;JACK ROCHA;PT;FEMININO;PRETA;SUPERIOR INCOMPLETO;ELEITO POR QP;1;0;05/10/2026;10:14:11
20002547843;1;AL;6;DEPUTADO FEDERAL;ALVINHO LIRA;PP;MASCULINO;BRANCA;ENSINO MÉDIO COMPLETO;ELEITO POR QP;1;0;05/10/2026;10:14:11
220002539753;1;RO;7;DEPUTADO ESTADUAL;CLÁUDIA DE JESUS;PT;FEMININO;BRANCA;SUPERIOR COMPLETO;ELEITO POR QP;1;0;05/10/2026;10:14:11
80002541002;1;ES;6;DEPUTADO FEDERAL;MANU;PSB;FEMININO;BRANCA;SUPERIOR COMPLETO;ELEITO POR QP;1;0;05/10/2026;10:14:11
220002537559;1;RO;7;DEPUTADO ESTADUAL;NIM BARROSO;PL;MASCULINO;BRANCA;ENSINO MÉDIO COMPLETO;ELEITO POR QP;1;0;05/10/2026;10:14:11
60002541543;1;CE;7;DEPUTADO ESTADUAL;FELIPE VASQUES;PSDB;MASCULINO;PRETA;SUPERIOR COMPLETO;ELEITO POR QP;1;0;05/10/2026;10:14:11
270002544649;1;TO;7;DEPUTADO ESTADUAL;VALDEMAR JÚNIOR;MDB;MASCULINO;PARDA;SUPERIOR COMPLETO;ELEITO POR MÉDIA;1;0;05/10/2026;10:14:11
60002536670;1;CE;7;DEPUTADO ESTADUAL;ELIZEU MONTEIRO;PSB;MASCULINO;PARDA;ENSINO MÉDIO COMPLETO;ELEITO POR QP;1;0;05/10/2026;10:14:11
60002545224;1;CE;7;DEPUTADO ESTADUAL;ROMEU ALDIGUERI;PSB;MASCULINO;BRANCA;SUPERIOR COMPLETO;ELEITO POR QP;1;0;05/10/2026;10:14:11
60002536666;1;CE;7;DEPUTADO ESTADUAL;FABIOLA CARNEIRO;PSB;FEMININO;BRANCA;SUPERIOR COMPLETO;ELEITO POR QP;1;0;05/10/2026;10:14:11
10002544532;1;AC;7;DEPUTADO ESTADUAL;MANOEL MORAES;PP;MASCULINO;PARDA;SUPERIOR COMPLETO;ELEITO POR QP;1;0;05/10/2026;10:14:11
10002544542;1;AC;7;DEPUTADO ESTADUAL;CLODOALDO RODRIGUES;PP;MASCULINO;PARDA;SUPERIOR COMPLETO;ELEITO POR QP;1;0;05/10/2026;10:14:11
60002537021;1;CE;6;DEPUTADO FEDERAL;FERNANDA PESSOA;PSD;FEMININO;BRANCA;SUPERIOR COMPLETO;ELEITO POR QP;1;0;05/10/2026;10:14:11
10002532442;1;AC;7;DEPUTADO ESTADUAL;TANIZIO SÁ;MDB;MASCULINO;PARDA;ENSINO FUNDAMENTAL COMPLETO;ELEITO POR MÉDIA;1;0;05/10/2026;10:14:11
10002533980;1;AC;7;DEPUTADO ESTADUAL;EMERSON JARUDE;NOVO;MASCULINO;BRANCA;SUPERIOR COMPLETO;ELEITO POR QP;1;0;05/10/2026;10:14:11
60002536984;1;CE;6;DEPUTADO FEDERAL;MATHEUS NORONHA;PL;MASCULINO;PARDA;SUPERIOR INCOMPLETO;ELEITO POR QP;1;0;05/10/2026;10:14:11
10002545646;1;AC;7;DEPUTADO ESTADUAL;ARLENILSON CUNHA;PL;MASCULINO;PARDA;SUPERIOR COMPLETO;ELEITO POR QP;1;0;05/10/2026;10:14:11
170002532296;1;PE;7;DEPUTADO ESTADUAL;RENATO ANTUNES;NOVO;MASCULINO;PARDA;SUPERIOR COMPLETO;ELEITO POR QP;1;0;05/10/2026;10:14:11
200002533880;1;RN;6;DEPUTADO FEDERAL;NINA;PL;FEMININO;BRANCA;SUPERIOR COMPLETO;ELEITO POR QP;1;0;05/10/2026;10:14:11
170002543757;1;PE;7;DEPUTADO ESTADUAL;ANTONIO COELHO;UNIÃO;MASCULINO;BRANCA;SUPERIOR COMPLETO;ELEITO POR QP;1;0;05/10/2026;10:14:11
170002533346;1;PE;7;DEPUTADO ESTADUAL;JOAQUIM LIRA;PV;MASCULINO;BRANCA;SUPERIOR COMPLETO;ELEITO POR QP;1;0;05/10/2026;10:14:11
170002533338;1;PE;7;DEPUTADO ESTADUAL;JOÃO PAULO DO PT;PT;MASCULINO;PRETA;SUPERIOR COMPLETO;ELEITO POR QP;1;0;05/10/2026;10:14:11
170002533341;1;PE;7;DEPUTADO ESTADUAL;BRENO ARAÚJO;PT;MASCULINO;BRANCA;SUPERIOR COMPLETO;ELEITO POR MÉDIA;1;0;05/10/2026;10:14:11
230002538165;1;RR;7;DEPUTADO ESTADUAL;RENATO SILVA;PODE;MASCULINO;BRANCA;SUPERIOR COMPLETO;ELEITO POR QP;1;0;05/10/2026;10:14:11
170002542896;1;PE;7;DEPUTADO ESTADUAL;MARIA ARRAES;PSB;FEMININO;BRANCA;SUPERIOR COMPLETO;ELEITO POR QP;1;0;05/10/2026;10:14:11
170002540375;1;PE;7;DEPUTADO ESTADUAL;JOÃOZINHO TENÓRIO;PSD;MASCULINO;BRANCA;SUPERIOR COMPLETO;ELEITO POR QP;1;0;05/10/2026;10:14:11
170002540372;1;PE;7;DEPUTADO ESTADUAL;ANDRÉA MEDEIROS;PSD;FEMININO;BRANCA;SUPERIOR COMPLETO;ELEITO POR QP;1;0;05/10/2026;10:14:11
230002549352;1;RR;7;DEPUTADO ESTADUAL;MARCELO CABRAL;UNIÃO;MASCULINO;BRANCA;SUPERIOR COMPLETO;ELEITO POR QP;1;0;05/10/2026;10:14:11
170002540379;1;PE;7;DEPUTADO ESTADUAL;ZÉ DE IRMÃ TECA;PSD;MASCULINO;BRANCA;SUPERIOR COMPLETO;ELEITO POR MÉDIA;1;0;05/10/2026;10:14:11
170002540389;1;PE;7;DEPUTADO ESTADUAL;FÁBIO ARAGÃO;PSD;MASCULINO;PARDA;SUPERIOR COMPLETO;ELEITO POR QP;1;0;05/10/2026;10:14:11
70002550316;1;DF;6;DEPUTADO FEDERAL;IZALCI LUCAS;PL;MASCULINO;BRANCA;SUPERIOR COMPLETO;ELEITO POR MÉDIA;1;0;05/10/2026;10:14:11
160002542296;1;PR;6;DEPUTADO FEDERAL;GUILHERME KILTER;NOVO;MASCULINO;BRANCA;SUPERIOR COMPLETO;ELEITO POR QP;1;0;05/10/2026;10:14:11
160002532856;1;PR;6;DEPUTADO FEDERAL;MARCELO BELINATI;PP;MASCULINO;BRANCA;SUPERIOR COMPLETO;ELEITO POR MÉDIA;1;0;05/10/2026;10:14:11
160002532878;1;PR;6;DEPUTADO FEDERAL;DELEGADO MATHEUS LAIOLA;UNIÃO;MASCULINO;BRANCA;SUPERIOR COMPLETO;ELEITO POR QP;1;0;05/10/2026;10:14:11
160002542337;1;PR;6;DEPUTADO FEDERAL;LEANDRE;PSD;FEMININO;BRANCA;SUPERIOR COMPLETO;ELEITO POR QP;1;0;05/10/2026;10:14:11
160002536522;1;PR;6;DEPUTADO FEDERAL;RENATO FREITAS;PT;MASCULINO;PRETA;SUPERIOR COMPLETO;ELEITO POR QP;1;0;05/10/2026;10:14:11
160002536519;1;PR;6;DEPUTADO FEDERAL;ZECA DIRCEU;PT;MASCULINO;BRANCA;SUPERIOR COMPLETO;ELEITO POR QP;1;0;05/10/2026;10:14:11
200002535726;1;RN;7;DEPUTADO ESTADUAL;JULIO CESAR;PP;MASCULINO;BRANCA;SUPERIOR COMPLETO;ELEITO POR QP;1;0;05/10/2026;10:14:11
