chave_resultado;eleicao;turno;abrangencia;uf;codigo_cargo;cargo;numero_partido;partido;nome_partido;votos_nominais;votos_legenda;votos_anulados
6257-1-AC-1;6257;1;UF;AC;1;Presidente;22;PL;PARTIDO LIBERAL;302807;;302807
6257-1-AC-1;6257;1;UF;AC;1;Presidente;55;PSD;PARTIDO SOCIAL DEMOCRÁTICO;8594;;8594
6257-1-AC-1;6257;1;UF;AC;1;Presidente;13;PT;PARTIDO DOS TRABALHADORES;134770;;134770
6257-1-AC-1;6257;1;UF;AC;1;Presidente;27;DC;DEMOCRACIA CRISTÃ;215;;215
6257-1-AC-1;6257;1;UF;AC;1;Presidente;21;PCB;PARTIDO COMUNISTA BRASILEIRO;140;;140
6257-1-AC-1;6257;1;UF;AC;1;Presidente;16;PSTU;PARTIDO SOCIALISTA  DOS TRABALHADORES UNIFICADO;71;;71
6257-1-AC-1;6257;1;UF;AC;1;Presidente;70;AVANTE;AVANTE;13523;;13523
6257-1-AC-1;6257;1;UF;AC;1;Presidente;30;NOVO;PARTIDO NOVO;573;;573
6257-1-AC-1;6257;1;UF;AC;1;Presidente;80;UP;UNIDADE POPULAR;314;;314
6257-1-AC-1;6257;1;UF;AC;1;Presidente;35;DEMOCRATA;DEMOCRATA;39;;39
6257-1-AC-1;6257;1;UF;AC;1;Presidente;14;MISSÃO;PARTIDO MISSÃO;7980;;7980
6257-1-AC-1;6257;1;UF;AC;1;Presidente;29;PCO;PARTIDO DA CAUSA OPERÁRIA;40;;40
6259-1-AC-3;6259;1;UF;AC;3;Governador;11;PP;PROGRESSISTAS;218760;;218760
6259-1-AC-3;6259;1;UF;AC;3;Governador;21;PCB;PARTIDO COMUNISTA BRASILEIRO;715;;715
6259-1-AC-3;6259;1;UF;AC;3;Governador;36;AGIR;AGIR;404;;404
6259-1-AC-3;6259;1;UF;AC;3;Governador;10;REPUBLICANOS;REPUBLICANOS;141859;;141859
6259-1-AC-3;6259;1;UF;AC;3;Governador;40;PSB;PARTIDO SOCIALISTA BRASILEIRO;32963;;32963
6259-1-AC-3;6259;1;UF;AC;3;Governador;45;PSDB;PARTIDO DA SOCIAL DEMOCRACIA BRASILEIRA;44946;;44946
6259-1-AC-5;6259;1;UF;AC;5;Senador;27;DC;DEMOCRACIA CRISTÃ;19283;;19283
6259-1-AC-5;6259;1;UF;AC;5;Senador;11;PP;PROGRESSISTAS;0;;145244
6259-1-AC-5;6259;1;UF;AC;5;Senador;22;PL;PARTIDO LIBERAL;223972;;223972
6259-1-AC-5;6259;1;UF;AC;5;Senador;50;PSOL;PARTIDO SOCIALISMO E LIBERDADE;19659;;19659
6259-1-AC-5;6259;1;UF;AC;5;Senador;77;SOLIDARIEDADE;SOLIDARIEDADE;95128;;95128
6259-1-AC-5;6259;1;UF;AC;5;Senador;10;REPUBLICANOS;REPUBLICANOS;157104;;157104
6259-1-AC-5;6259;1;UF;AC;5;Senador;55;PSD;PARTIDO SOCIAL DEMOCRÁTICO;90849;;90849
6259-1-AC-5;6259;1;UF;AC;5;Senador;13;PT;PARTIDO DOS TRABALHADORES;124063;;124063
6259-1-AC-6;6259;1;UF;AC;6;Deputado Federal;70;AVANTE;AVANTE;614;68;614
6259-1-AC-6;6259;1;UF;AC;6;Deputado Federal;12;PDT;PARTIDO DEMOCRÁTICO TRABALHISTA;1038;1982;1038
6259-1-AC-6;6259;1;UF;AC;6;Deputado Federal;20;PODE;PODEMOS;479;130;479
6259-1-AC-6;6259;1;UF;AC;6;Deputado Federal;65;PCDOB;PARTIDO COMUNISTA DO BRASIL;16086;355;16086
6259-1-AC-6;6259;1;UF;AC;6;Deputado Federal;13;PT;PARTIDO DOS TRABALHADORES;23499;1507;23499
6259-1-AC-6;6259;1;UF;AC;6;Deputado Federal;43;PV;PARTIDO VERDE;4958;105;4958
6259-1-AC-6;6259;1;UF;AC;6;Deputado Federal;25;PRD;PARTIDO RENOVACAO DEMOCRATICA;382;102;382
6259-1-AC-6;6259;1;UF;AC;6;Deputado Federal;77;SOLIDARIEDADE;SOLIDARIEDADE;1234;317;1234
6259-1-AC-6;6259;1;UF;AC;6;Deputado Federal;35;DEMOCRATA;DEMOCRATA;5;10;5
6259-1-AC-6;6259;1;UF;AC;6;Deputado Federal;44;UNIÃO;UNIÃO BRASIL;80368;1314;80368
6259-1-AC-6;6259;1;UF;AC;6;Deputado Federal;11;PP;PROGRESSISTAS;89075;3153;89075
6259-1-AC-6;6259;1;UF;AC;6;Deputado Federal;18;REDE;REDE SUSTENTABILIDADE;0;71;0
6259-1-AC-6;6259;1;UF;AC;6;Deputado Federal;50;PSOL;PARTIDO SOCIALISMO E LIBERDADE;294;63;294
6259-1-AC-6;6259;1;UF;AC;6;Deputado Federal;22;PL;PARTIDO LIBERAL;57025;2214;57025
6259-1-AC-6;6259;1;UF;AC;6;Deputado Federal;30;NOVO;PARTIDO NOVO;1376;306;1376
6259-1-AC-6;6259;1;UF;AC;6;Deputado Federal;10;REPUBLICANOS;REPUBLICANOS;67366;1155;67366
6259-1-AC-6;6259;1;UF;AC;6;Deputado Federal;40;PSB;PARTIDO SOCIALISTA BRASILEIRO;282;74;282
6259-1-AC-6;6259;1;UF;AC;6;Deputado Federal;15;MDB;MOVIMENTO DEMOCRÁTICO BRASILEIRO;83091;768;89218
6259-1-AC-6;6259;1;UF;AC;6;Deputado Federal;45;PSDB;PARTIDO DA SOCIAL DEMOCRACIA BRASILEIRA;20390;359;20390
6259-1-AC-6;6259;1;UF;AC;6;Deputado Federal;23;CIDADANIA;CIDADANIA;760;110;760
6259-1-AC-7;6259;1;UF;AC;7;Deputado Estadual;44;UNIÃO;UNIÃO BRASIL;76369;1603;76369
6259-1-AC-7;6259;1;UF;AC;7;Deputado Estadual;11;PP;PROGRESSISTAS;79680;4924;79680
6259-1-AC-7;6259;1;UF;AC;7;Deputado Estadual;15;MDB;MOVIMENTO DEMOCRÁTICO BRASILEIRO;37579;1356;37579
6259-1-AC-7;6259;1;UF;AC;7;Deputado Estadual;55;PSD;PARTIDO SOCIAL DEMOCRÁTICO;37917;2003;37917
6259-1-AC-7;6259;1;UF;AC;7;Deputado Estadual;12;PDT;PARTIDO DEMOCRÁTICO TRABALHISTA;19776;816;19776
6259-1-AC-7;6259;1;UF;AC;7;Deputado Estadual;22;PL;PARTIDO LIBERAL;62796;5104;65878
6259-1-AC-7;6259;1;UF;AC;7;Deputado Estadual;43;PV;PARTIDO VERDE;536;119;536
6259-1-AC-7;6259;1;UF;AC;7;Deputado Estadual;65;PCDOB;PARTIDO COMUNISTA DO BRASIL;9557;388;9557
6259-1-AC-7;6259;1;UF;AC;7;Deputado Estadual;13;PT;PARTIDO DOS TRABALHADORES;17950;3731;17950
6259-1-AC-7;6259;1;UF;AC;7;Deputado Estadual;18;REDE;REDE SUSTENTABILIDADE;0;62;0
6259-1-AC-7;6259;1;UF;AC;7;Deputado Estadual;50;PSOL;PARTIDO SOCIALISMO E LIBERDADE;87;109;87
6259-1-AC-7;6259;1;UF;AC;7;Deputado Estadual;40;PSB;PARTIDO SOCIALISTA BRASILEIRO;160;165;160
6259-1-AC-7;6259;1;UF;AC;7;Deputado Estadual;23;CIDADANIA;CIDADANIA;670;94;670
6259-1-AC-7;6259;1;UF;AC;7;Deputado Estadual;45;PSDB;PARTIDO DA SOCIAL DEMOCRACIA BRASILEIRA;15780;849;15824
6259-1-AC-7;6259;1;UF;AC;7;Deputado Estadual;25;PRD;PARTIDO RENOVACAO DEMOCRATICA;713;125;713
6259-1-AC-7;6259;1;UF;AC;7;Deputado Estadual;77;SOLIDARIEDADE;SOLIDARIEDADE;314;1328;314
6259-1-AC-7;6259;1;UF;AC;7;Deputado Estadual;30;NOVO;PARTIDO NOVO;23408;284;23408
6259-1-AC-7;6259;1;UF;AC;7;Deputado Estadual;20;PODE;PODEMOS;2501;73;2535
6259-1-AC-7;6259;1;UF;AC;7;Deputado Estadual;10;REPUBLICANOS;REPUBLICANOS;57828;3258;57828
6257-1-AL-1;6257;1;UF;AL;1;Presidente;22;PL;PARTIDO LIBERAL;735718;;735718
6257-1-AL-1;6257;1;UF;AL;1;Presidente;55;PSD;PARTIDO SOCIAL DEMOCRÁTICO;14198;;14198
6257-1-AL-1;6257;1;UF;AL;1;Presidente;13;PT;PARTIDO DOS TRABALHADORES;995459;;995459
6257-1-AL-1;6257;1;UF;AL;1;Presidente;16;PSTU;PARTIDO SOCIALISTA  DOS TRABALHADORES UNIFICADO;431;;431
6257-1-AL-1;6257;1;UF;AL;1;Presidente;21;PCB;PARTIDO COMUNISTA BRASILEIRO;267;;267
6257-1-AL-1;6257;1;UF;AL;1;Presidente;27;DC;DEMOCRACIA CRISTÃ;636;;636
6257-1-AL-1;6257;1;UF;AL;1;Presidente;30;NOVO;PARTIDO NOVO;1168;;1168
6257-1-AL-1;6257;1;UF;AL;1;Presidente;70;AVANTE;AVANTE;42427;;42427
6257-1-AL-1;6257;1;UF;AL;1;Presidente;35;DEMOCRATA;DEMOCRATA;246;;246
6257-1-AL-1;6257;1;UF;AL;1;Presidente;80;UP;UNIDADE POPULAR;1345;;1345
6257-1-AL-1;6257;1;UF;AL;1;Presidente;14;MISSÃO;PARTIDO MISSÃO;26851;;26851
6257-1-AL-1;6257;1;UF;AL;1;Presidente;29;PCO;PARTIDO DA CAUSA OPERÁRIA;110;;110
6259-1-AL-3;6259;1;UF;AL;3;Governador;15;MDB;MOVIMENTO DEMOCRÁTICO BRASILEIRO;809796;;809796
6259-1-AL-3;6259;1;UF;AL;3;Governador;35;DEMOCRATA;DEMOCRATA;880;;880
6259-1-AL-3;6259;1;UF;AL;3;Governador;45;PSDB;PARTIDO DA SOCIAL DEMOCRACIA BRASILEIRA;892484;;892484
6259-1-AL-3;6259;1;UF;AL;3;Governador;80;UP;UNIDADE POPULAR;6454;;6454
6259-1-AL-5;6259;1;UF;AL;5;Senador;15;MDB;MOVIMENTO DEMOCRÁTICO BRASILEIRO;1089523;;1089523
6259-1-AL-5;6259;1;UF;AL;5;Senador;80;UP;UNIDADE POPULAR;26048;;26048
6259-1-AL-5;6259;1;UF;AL;5;Senador;10;REPUBLICANOS;REPUBLICANOS;293008;;293008
6259-1-AL-5;6259;1;UF;AL;5;Senador;11;PP;PROGRESSISTAS;948703;;948703
6259-1-AL-5;6259;1;UF;AL;5;Senador;45;PSDB;PARTIDO DA SOCIAL DEMOCRACIA BRASILEIRA;926860;;926860
6259-1-AL-5;6259;1;UF;AL;5;Senador;35;DEMOCRATA;DEMOCRATA;2459;;2459
6259-1-AL-6;6259;1;UF;AL;6;Deputado Federal;55;PSD;PARTIDO SOCIAL DEMOCRÁTICO;440116;3457;440116
6259-1-AL-6;6259;1;UF;AL;6;Deputado Federal;44;UNIÃO;UNIÃO BRASIL;176101;2187;176101
6259-1-AL-6;6259;1;UF;AL;6;Deputado Federal;11;PP;PROGRESSISTAS;502180;12351;502180
6259-1-AL-6;6259;1;UF;AL;6;Deputado Federal;23;CIDADANIA;CIDADANIA;0;319;0
6259-1-AL-6;6259;1;UF;AL;6;Deputado Federal;45;PSDB;PARTIDO DA SOCIAL DEMOCRACIA BRASILEIRA;181176;6577;181176
6259-1-AL-6;6259;1;UF;AL;6;Deputado Federal;80;UP;UNIDADE POPULAR;1082;102;1082
6259-1-AL-6;6259;1;UF;AL;6;Deputado Federal;30;NOVO;PARTIDO NOVO;2887;87;2887
6259-1-AL-6;6259;1;UF;AL;6;Deputado Federal;27;DC;DEMOCRACIA CRISTÃ;2504;36;2504
6259-1-AL-6;6259;1;UF;AL;6;Deputado Federal;15;MDB;MOVIMENTO DEMOCRÁTICO BRASILEIRO;307588;16383;307588
6259-1-AL-6;6259;1;UF;AL;6;Deputado Federal;70;AVANTE;AVANTE;1476;101;1476
6259-1-AL-6;6259;1;UF;AL;6;Deputado Federal;14;MISSÃO;PARTIDO MISSÃO;5610;1020;5610
6259-1-AL-6;6259;1;UF;AL;6;Deputado Federal;77;SOLIDARIEDADE;SOLIDARIEDADE;2023;247;2190
6259-1-AL-6;6259;1;UF;AL;6;Deputado Federal;25;PRD;PARTIDO RENOVACAO DEMOCRATICA;951;341;951
6259-1-AL-6;6259;1;UF;AL;6;Deputado Federal;35;DEMOCRATA;DEMOCRATA;346;137;346
6259-1-AL-6;6259;1;UF;AL;6;Deputado Federal;22;PL;PARTIDO LIBERAL;30585;2467;30585
6259-1-AL-6;6259;1;UF;AL;6;Deputado Federal;65;PCDOB;PARTIDO COMUNISTA DO BRASIL;2931;169;2931
6259-1-AL-6;6259;1;UF;AL;6;Deputado Federal;43;PV;PARTIDO VERDE;1192;507;1192
6259-1-AL-6;6259;1;UF;AL;6;Deputado Federal;13;PT;PARTIDO DOS TRABALHADORES;85896;7209;85896
6259-1-AL-7;6259;1;UF;AL;7;Deputado Estadual;25;PRD;PARTIDO RENOVACAO DEMOCRATICA;621;379;621
6259-1-AL-7;6259;1;UF;AL;7;Deputado Estadual;77;SOLIDARIEDADE;SOLIDARIEDADE;829;593;853
6259-1-AL-7;6259;1;UF;AL;7;Deputado Estadual;27;DC;DEMOCRACIA CRISTÃ;394;71;506
6259-1-AL-7;6259;1;UF;AL;7;Deputado Estadual;11;PP;PROGRESSISTAS;204253;25516;204253
6259-1-AL-7;6259;1;UF;AL;7;Deputado Estadual;44;UNIÃO;UNIÃO BRASIL;89479;4095;89479
6259-1-AL-7;6259;1;UF;AL;7;Deputado Estadual;14;MISSÃO;PARTIDO MISSÃO;2766;1513;2766
6259-1-AL-7;6259;1;UF;AL;7;Deputado Estadual;15;MDB;MOVIMENTO DEMOCRÁTICO BRASILEIRO;903039;46332;903039
6259-1-AL-7;6259;1;UF;AL;7;Deputado Estadual;22;PL;PARTIDO LIBERAL;133561;3192;133561
6259-1-AL-7;6259;1;UF;AL;7;Deputado Estadual;80;UP;UNIDADE POPULAR;615;251;615
6259-1-AL-7;6259;1;UF;AL;7;Deputado Estadual;13;PT;PARTIDO DOS TRABALHADORES;154735;7491;154735
6259-1-AL-7;6259;1;UF;AL;7;Deputado Estadual;43;PV;PARTIDO VERDE;40763;820;40763
6259-1-AL-7;6259;1;UF;AL;7;Deputado Estadual;65;PCDOB;PARTIDO COMUNISTA DO BRASIL;927;264;927
6259-1-AL-7;6259;1;UF;AL;7;Deputado Estadual;45;PSDB;PARTIDO DA SOCIAL DEMOCRACIA BRASILEIRA;156843;23711;156843
6259-1-AL-7;6259;1;UF;AL;7;Deputado Estadual;23;CIDADANIA;CIDADANIA;0;321;0
6257-1-AM-1;6257;1;UF;AM;1;Presidente;22;PL;PARTIDO LIBERAL;976764;;976764
6257-1-AM-1;6257;1;UF;AM;1;Presidente;55;PSD;PARTIDO SOCIAL DEMOCRÁTICO;28310;;28310
6257-1-AM-1;6257;1;UF;AM;1;Presidente;13;PT;PARTIDO DOS TRABALHADORES;1046996;;1046996
6257-1-AM-1;6257;1;UF;AM;1;Presidente;16;PSTU;PARTIDO SOCIALISTA  DOS TRABALHADORES UNIFICADO;457;;457
6257-1-AM-1;6257;1;UF;AM;1;Presidente;21;PCB;PARTIDO COMUNISTA BRASILEIRO;265;;265
6257-1-AM-1;6257;1;UF;AM;1;Presidente;27;DC;DEMOCRACIA CRISTÃ;929;;929
6257-1-AM-1;6257;1;UF;AM;1;Presidente;30;NOVO;PARTIDO NOVO;1781;;1781
6257-1-AM-1;6257;1;UF;AM;1;Presidente;70;AVANTE;AVANTE;77531;;77531
6257-1-AM-1;6257;1;UF;AM;1;Presidente;35;DEMOCRATA;DEMOCRATA;291;;291
6257-1-AM-1;6257;1;UF;AM;1;Presidente;80;UP;UNIDADE POPULAR;1867;;1867
6257-1-AM-1;6257;1;UF;AM;1;Presidente;14;MISSÃO;PARTIDO MISSÃO;35411;;35411
6257-1-AM-1;6257;1;UF;AM;1;Presidente;29;PCO;PARTIDO DA CAUSA OPERÁRIA;161;;161
6259-1-AM-3;6259;1;UF;AM;3;Governador;44;UNIÃO;UNIÃO BRASIL;453896;;453896
6259-1-AM-3;6259;1;UF;AM;3;Governador;55;PSD;PARTIDO SOCIAL DEMOCRÁTICO;841846;;841846
6259-1-AM-3;6259;1;UF;AM;3;Governador;18;REDE;REDE SUSTENTABILIDADE;11459;;11459
6259-1-AM-3;6259;1;UF;AM;3;Governador;16;PSTU;PARTIDO SOCIALISTA  DOS TRABALHADORES UNIFICADO;2783;;2783
6259-1-AM-3;6259;1;UF;AM;3;Governador;22;PL;PARTIDO LIBERAL;507335;;507335
6259-1-AM-3;6259;1;UF;AM;3;Governador;33;MOBILIZA;MOBILIZAÇÃO NACIONAL;36176;;36176
6259-1-AM-3;6259;1;UF;AM;3;Governador;70;AVANTE;AVANTE;218490;;218490
6259-1-AM-5;6259;1;UF;AM;5;Senador;33;MOBILIZA;MOBILIZAÇÃO NACIONAL;46757;;46757
6259-1-AM-5;6259;1;UF;AM;5;Senador;45;PSDB;PARTIDO DA SOCIAL DEMOCRACIA BRASILEIRA;948793;;948793
6259-1-AM-5;6259;1;UF;AM;5;Senador;27;DC;DEMOCRACIA CRISTÃ;13913;;13913
6259-1-AM-5;6259;1;UF;AM;5;Senador;44;UNIÃO;UNIÃO BRASIL;456854;;456854
6259-1-AM-5;6259;1;UF;AM;5;Senador;15;MDB;MOVIMENTO DEMOCRÁTICO BRASILEIRO;1240471;;1240471
6259-1-AM-5;6259;1;UF;AM;5;Senador;16;PSTU;PARTIDO SOCIALISTA  DOS TRABALHADORES UNIFICADO;5022;;5022
6259-1-AM-5;6259;1;UF;AM;5;Senador;22;PL;PARTIDO LIBERAL;909155;;909155
6259-1-AM-5;6259;1;UF;AM;5;Senador;50;PSOL;PARTIDO SOCIALISMO E LIBERDADE;220880;;220880
6259-1-AM-6;6259;1;UF;AM;6;Deputado Federal;16;PSTU;PARTIDO SOCIALISTA  DOS TRABALHADORES UNIFICADO;329;201;329
6259-1-AM-6;6259;1;UF;AM;6;Deputado Federal;20;PODE;PODEMOS;5379;2370;5379
6259-1-AM-6;6259;1;UF;AM;6;Deputado Federal;33;MOBILIZA;MOBILIZAÇÃO NACIONAL;392;212;392
6259-1-AM-6;6259;1;UF;AM;6;Deputado Federal;40;PSB;PARTIDO SOCIALISTA BRASILEIRO;11711;312;11711
6259-1-AM-6;6259;1;UF;AM;6;Deputado Federal;55;PSD;PARTIDO SOCIAL DEMOCRÁTICO;371900;5954;371900
6259-1-AM-6;6259;1;UF;AM;6;Deputado Federal;27;DC;DEMOCRACIA CRISTÃ;2975;56;2975
6259-1-AM-6;6259;1;UF;AM;6;Deputado Federal;12;PDT;PARTIDO DEMOCRÁTICO TRABALHISTA;4735;2804;4968
6259-1-AM-6;6259;1;UF;AM;6;Deputado Federal;14;MISSÃO;PARTIDO MISSÃO;4416;693;4416
6259-1-AM-6;6259;1;UF;AM;6;Deputado Federal;11;PP;PROGRESSISTAS;67433;2771;67433
6259-1-AM-6;6259;1;UF;AM;6;Deputado Federal;44;UNIÃO;UNIÃO BRASIL;310195;6998;310195
6259-1-AM-6;6259;1;UF;AM;6;Deputado Federal;13;PT;PARTIDO DOS TRABALHADORES;81204;6747;81204
6259-1-AM-6;6259;1;UF;AM;6;Deputado Federal;65;PCDOB;PARTIDO COMUNISTA DO BRASIL;7450;171;7450
6259-1-AM-6;6259;1;UF;AM;6;Deputado Federal;43;PV;PARTIDO VERDE;0;118;0
6259-1-AM-6;6259;1;UF;AM;6;Deputado Federal;50;PSOL;PARTIDO SOCIALISMO E LIBERDADE;9166;869;9166
6259-1-AM-6;6259;1;UF;AM;6;Deputado Federal;18;REDE;REDE SUSTENTABILIDADE;3077;230;3077
6259-1-AM-6;6259;1;UF;AM;6;Deputado Federal;10;REPUBLICANOS;REPUBLICANOS;269082;2755;269082
6259-1-AM-6;6259;1;UF;AM;6;Deputado Federal;30;NOVO;PARTIDO NOVO;1714;167;1714
6259-1-AM-6;6259;1;UF;AM;6;Deputado Federal;70;AVANTE;AVANTE;134120;3422;134120
6259-1-AM-6;6259;1;UF;AM;6;Deputado Federal;15;MDB;MOVIMENTO DEMOCRÁTICO BRASILEIRO;391195;9062;391195
6259-1-AM-6;6259;1;UF;AM;6;Deputado Federal;22;PL;PARTIDO LIBERAL;378582;8300;378582
6259-1-AM-6;6259;1;UF;AM;6;Deputado Federal;25;PRD;PARTIDO RENOVACAO DEMOCRATICA;0;684;0
6259-1-AM-6;6259;1;UF;AM;6;Deputado Federal;77;SOLIDARIEDADE;SOLIDARIEDADE;8845;456;8845
6259-1-AM-7;6259;1;UF;AM;7;Deputado Estadual;15;MDB;MOVIMENTO DEMOCRÁTICO BRASILEIRO;257059;33594;257059
6259-1-AM-7;6259;1;UF;AM;7;Deputado Estadual;18;REDE;REDE SUSTENTABILIDADE;1511;536;1511
6259-1-AM-7;6259;1;UF;AM;7;Deputado Estadual;50;PSOL;PARTIDO SOCIALISMO E LIBERDADE;1942;1447;1942
6259-1-AM-7;6259;1;UF;AM;7;Deputado Estadual;12;PDT;PARTIDO DEMOCRÁTICO TRABALHISTA;17115;1401;17474
6259-1-AM-7;6259;1;UF;AM;7;Deputado Estadual;22;PL;PARTIDO LIBERAL;262665;13710;262799
6259-1-AM-7;6259;1;UF;AM;7;Deputado Estadual;44;UNIÃO;UNIÃO BRASIL;378260;13818;378260
6259-1-AM-7;6259;1;UF;AM;7;Deputado Estadual;11;PP;PROGRESSISTAS;18691;1487;18691
6259-1-AM-7;6259;1;UF;AM;7;Deputado Estadual;20;PODE;PODEMOS;153411;1696;153411
6259-1-AM-7;6259;1;UF;AM;7;Deputado Estadual;55;PSD;PARTIDO SOCIAL DEMOCRÁTICO;301356;7950;301356
6259-1-AM-7;6259;1;UF;AM;7;Deputado Estadual;43;PV;PARTIDO VERDE;0;163;0
6259-1-AM-7;6259;1;UF;AM;7;Deputado Estadual;13;PT;PARTIDO DOS TRABALHADORES;146016;5805;146016
6259-1-AM-7;6259;1;UF;AM;7;Deputado Estadual;65;PCDOB;PARTIDO COMUNISTA DO BRASIL;2489;258;2489
6259-1-AM-7;6259;1;UF;AM;7;Deputado Estadual;30;NOVO;PARTIDO NOVO;5060;248;5060
6259-1-AM-7;6259;1;UF;AM;7;Deputado Estadual;36;AGIR;AGIR;102650;1132;102650
6259-1-AM-7;6259;1;UF;AM;7;Deputado Estadual;40;PSB;PARTIDO SOCIALISTA BRASILEIRO;2348;504;2348
6259-1-AM-7;6259;1;UF;AM;7;Deputado Estadual;70;AVANTE;AVANTE;259954;4442;259954
6259-1-AM-7;6259;1;UF;AM;7;Deputado Estadual;10;REPUBLICANOS;REPUBLICANOS;122378;3394;122378
6259-1-AM-7;6259;1;UF;AM;7;Deputado Estadual;16;PSTU;PARTIDO SOCIALISTA  DOS TRABALHADORES UNIFICADO;306;325;306
6257-1-AP-1;6257;1;UF;AP;1;Presidente;22;PL;PARTIDO LIBERAL;212278;;212278
6257-1-AP-1;6257;1;UF;AP;1;Presidente;55;PSD;PARTIDO SOCIAL DEMOCRÁTICO;8304;;8304
6257-1-AP-1;6257;1;UF;AP;1;Presidente;13;PT;PARTIDO DOS TRABALHADORES;212503;;212503
6257-1-AP-1;6257;1;UF;AP;1;Presidente;27;DC;DEMOCRACIA CRISTÃ;229;;229
6257-1-AP-1;6257;1;UF;AP;1;Presidente;21;PCB;PARTIDO COMUNISTA BRASILEIRO;62;;62
6257-1-AP-1;6257;1;UF;AP;1;Presidente;16;PSTU;PARTIDO SOCIALISTA  DOS TRABALHADORES UNIFICADO;132;;132
6257-1-AP-1;6257;1;UF;AP;1;Presidente;70;AVANTE;AVANTE;19057;;19057
6257-1-AP-1;6257;1;UF;AP;1;Presidente;30;NOVO;PARTIDO NOVO;341;;341
6257-1-AP-1;6257;1;UF;AP;1;Presidente;80;UP;UNIDADE POPULAR;508;;508
6257-1-AP-1;6257;1;UF;AP;1;Presidente;35;DEMOCRATA;DEMOCRATA;49;;49
6257-1-AP-1;6257;1;UF;AP;1;Presidente;14;MISSÃO;PARTIDO MISSÃO;11342;;11342
6257-1-AP-1;6257;1;UF;AP;1;Presidente;29;PCO;PARTIDO DA CAUSA OPERÁRIA;53;;53
6259-1-AP-3;6259;1;UF;AP;3;Governador;44;UNIÃO;UNIÃO BRASIL;165900;;165900
6259-1-AP-3;6259;1;UF;AP;3;Governador;55;PSD;PARTIDO SOCIAL DEMOCRÁTICO;281595;;281595
6259-1-AP-3;6259;1;UF;AP;3;Governador;29;PCO;PARTIDO DA CAUSA OPERÁRIA;315;;315
6259-1-AP-3;6259;1;UF;AP;3;Governador;27;DC;DEMOCRACIA CRISTÃ;376;;376
6259-1-AP-3;6259;1;UF;AP;3;Governador;16;PSTU;PARTIDO SOCIALISTA  DOS TRABALHADORES UNIFICADO;561;;561
6259-1-AP-5;6259;1;UF;AP;5;Senador;13;PT;PARTIDO DOS TRABALHADORES;163857;;163857
6259-1-AP-5;6259;1;UF;AP;5;Senador;44;UNIÃO;UNIÃO BRASIL;85540;;85540
6259-1-AP-5;6259;1;UF;AP;5;Senador;29;PCO;PARTIDO DA CAUSA OPERÁRIA;696;;696
6259-1-AP-5;6259;1;UF;AP;5;Senador;27;DC;DEMOCRACIA CRISTÃ;3684;;3684
6259-1-AP-5;6259;1;UF;AP;5;Senador;40;PSB;PARTIDO SOCIALISTA BRASILEIRO;19380;;19380
6259-1-AP-5;6259;1;UF;AP;5;Senador;55;PSD;PARTIDO SOCIAL DEMOCRÁTICO;213948;;213948
6259-1-AP-5;6259;1;UF;AP;5;Senador;20;PODE;PODEMOS;264799;;264799
6259-1-AP-5;6259;1;UF;AP;5;Senador;15;MDB;MOVIMENTO DEMOCRÁTICO BRASILEIRO;131321;;131321
6259-1-AP-6;6259;1;UF;AP;6;Deputado Federal;22;PL;PARTIDO LIBERAL;55826;1023;55826
6259-1-AP-6;6259;1;UF;AP;6;Deputado Federal;29;PCO;PARTIDO DA CAUSA OPERÁRIA;26;26;26
6259-1-AP-6;6259;1;UF;AP;6;Deputado Federal;44;UNIÃO;UNIÃO BRASIL;101120;2224;101120
6259-1-AP-6;6259;1;UF;AP;6;Deputado Federal;11;PP;PROGRESSISTAS;21614;485;21614
6259-1-AP-6;6259;1;UF;AP;6;Deputado Federal;43;PV;PARTIDO VERDE;22808;464;22808
6259-1-AP-6;6259;1;UF;AP;6;Deputado Federal;13;PT;PARTIDO DOS TRABALHADORES;23294;1483;23294
6259-1-AP-6;6259;1;UF;AP;6;Deputado Federal;65;PCDOB;PARTIDO COMUNISTA DO BRASIL;21647;129;21647
6259-1-AP-6;6259;1;UF;AP;6;Deputado Federal;50;PSOL;PARTIDO SOCIALISMO E LIBERDADE;1795;84;1795
6259-1-AP-6;6259;1;UF;AP;6;Deputado Federal;18;REDE;REDE SUSTENTABILIDADE;381;684;381
6259-1-AP-6;6259;1;UF;AP;6;Deputado Federal;14;MISSÃO;PARTIDO MISSÃO;817;209;817
6259-1-AP-6;6259;1;UF;AP;6;Deputado Federal;15;MDB;MOVIMENTO DEMOCRÁTICO BRASILEIRO;27033;889;27033
6259-1-AP-6;6259;1;UF;AP;6;Deputado Federal;12;PDT;PARTIDO DEMOCRÁTICO TRABALHISTA;82933;1743;82933
6259-1-AP-6;6259;1;UF;AP;6;Deputado Federal;20;PODE;PODEMOS;80211;1267;80211
6259-1-AP-6;6259;1;UF;AP;6;Deputado Federal;30;NOVO;PARTIDO NOVO;445;115;445
6259-1-AP-6;6259;1;UF;AP;6;Deputado Federal;55;PSD;PARTIDO SOCIAL DEMOCRÁTICO;7608;892;8624
6259-1-AP-6;6259;1;UF;AP;6;Deputado Federal;27;DC;DEMOCRACIA CRISTÃ;392;13;392
6259-1-AP-7;6259;1;UF;AP;7;Deputado Estadual;10;REPUBLICANOS;REPUBLICANOS;84754;680;85151
6259-1-AP-7;6259;1;UF;AP;7;Deputado Estadual;20;PODE;PODEMOS;34050;4198;34050
6259-1-AP-7;6259;1;UF;AP;7;Deputado Estadual;13;PT;PARTIDO DOS TRABALHADORES;14347;3066;14347
6259-1-AP-7;6259;1;UF;AP;7;Deputado Estadual;43;PV;PARTIDO VERDE;5417;346;13752
6259-1-AP-7;6259;1;UF;AP;7;Deputado Estadual;65;PCDOB;PARTIDO COMUNISTA DO BRASIL;551;214;551
6259-1-AP-7;6259;1;UF;AP;7;Deputado Estadual;44;UNIÃO;UNIÃO BRASIL;88871;2261;91580
6259-1-AP-7;6259;1;UF;AP;7;Deputado Estadual;11;PP;PROGRESSISTAS;7763;464;7763
6259-1-AP-7;6259;1;UF;AP;7;Deputado Estadual;15;MDB;MOVIMENTO DEMOCRÁTICO BRASILEIRO;33270;1852;33270
6259-1-AP-7;6259;1;UF;AP;7;Deputado Estadual;29;PCO;PARTIDO DA CAUSA OPERÁRIA;22;22;22
6259-1-AP-7;6259;1;UF;AP;7;Deputado Estadual;30;NOVO;PARTIDO NOVO;9049;103;9049
6259-1-AP-7;6259;1;UF;AP;7;Deputado Estadual;22;PL;PARTIDO LIBERAL;26695;946;28273
6259-1-AP-7;6259;1;UF;AP;7;Deputado Estadual;55;PSD;PARTIDO SOCIAL DEMOCRÁTICO;38300;2040;38300
6259-1-AP-7;6259;1;UF;AP;7;Deputado Estadual;12;PDT;PARTIDO DEMOCRÁTICO TRABALHISTA;51391;1562;51547
6259-1-AP-7;6259;1;UF;AP;7;Deputado Estadual;18;REDE;REDE SUSTENTABILIDADE;38021;386;38021
6259-1-AP-7;6259;1;UF;AP;7;Deputado Estadual;50;PSOL;PARTIDO SOCIALISMO E LIBERDADE;0;90;0
6257-1-BA-1;6257;1;UF;BA;1;Presidente;22;PL;PARTIDO LIBERAL;2442585;;2442585
6257-1-BA-1;6257;1;UF;BA;1;Presidente;55;PSD;PARTIDO SOCIAL DEMOCRÁTICO;122705;;122705
6257-1-BA-1;6257;1;UF;BA;1;Presidente;13;PT;PARTIDO DOS TRABALHADORES;5664771;;5664771
6257-1-BA-1;6257;1;UF;BA;1;Presidente;27;DC;DEMOCRACIA CRISTÃ;1676;;1676
6257-1-BA-1;6257;1;UF;BA;1;Presidente;21;PCB;PARTIDO COMUNISTA BRASILEIRO;1299;;1299
6257-1-BA-1;6257;1;UF;BA;1;Presidente;16;PSTU;PARTIDO SOCIALISTA  DOS TRABALHADORES UNIFICADO;1791;;1791
6257-1-BA-1;6257;1;UF;BA;1;Presidente;70;AVANTE;AVANTE;195451;;195451
6257-1-BA-1;6257;1;UF;BA;1;Presidente;30;NOVO;PARTIDO NOVO;6497;;6497
6257-1-BA-1;6257;1;UF;BA;1;Presidente;80;UP;UNIDADE POPULAR;4649;;4649
6257-1-BA-1;6257;1;UF;BA;1;Presidente;35;DEMOCRATA;DEMOCRATA;625;;625
6257-1-BA-1;6257;1;UF;BA;1;Presidente;14;MISSÃO;PARTIDO MISSÃO;117518;;117518
6257-1-BA-1;6257;1;UF;BA;1;Presidente;29;PCO;PARTIDO DA CAUSA OPERÁRIA;724;;724
6259-1-BA-3;6259;1;UF;BA;3;Governador;13;PT;PARTIDO DOS TRABALHADORES;4626509;;4626509
6259-1-BA-3;6259;1;UF;BA;3;Governador;27;DC;DEMOCRACIA CRISTÃ;2845;;2845
6259-1-BA-3;6259;1;UF;BA;3;Governador;29;PCO;PARTIDO DA CAUSA OPERÁRIA;4028;;4028
6259-1-BA-3;6259;1;UF;BA;3;Governador;80;UP;UNIDADE POPULAR;5238;;5238
6259-1-BA-3;6259;1;UF;BA;3;Governador;50;PSOL;PARTIDO SOCIALISMO E LIBERDADE;27243;;27243
6259-1-BA-3;6259;1;UF;BA;3;Governador;44;UNIÃO;UNIÃO BRASIL;3625227;;3625227
6259-1-BA-5;6259;1;UF;BA;5;Senador;13;PT;PARTIDO DOS TRABALHADORES;8321886;;8321886
6259-1-BA-5;6259;1;UF;BA;5;Senador;50;PSOL;PARTIDO SOCIALISMO E LIBERDADE;215190;;215190
6259-1-BA-5;6259;1;UF;BA;5;Senador;18;REDE;REDE SUSTENTABILIDADE;50929;;50929
6259-1-BA-5;6259;1;UF;BA;5;Senador;27;DC;DEMOCRACIA CRISTÃ;13173;;13173
6259-1-BA-5;6259;1;UF;BA;5;Senador;29;PCO;PARTIDO DA CAUSA OPERÁRIA;4920;;4920
6259-1-BA-5;6259;1;UF;BA;5;Senador;80;UP;UNIDADE POPULAR;12609;;12609
6259-1-BA-5;6259;1;UF;BA;5;Senador;22;PL;PARTIDO LIBERAL;2879443;;2879443
6259-1-BA-5;6259;1;UF;BA;5;Senador;10;REPUBLICANOS;REPUBLICANOS;2898885;;2898885
6259-1-BA-5;6259;1;UF;BA;5;Senador;33;MOBILIZA;MOBILIZAÇÃO NACIONAL;21374;;21374
6259-1-BA-6;6259;1;UF;BA;6;Deputado Federal;14;MISSÃO;PARTIDO MISSÃO;30341;4585;30341
6259-1-BA-6;6259;1;UF;BA;6;Deputado Federal;18;REDE;REDE SUSTENTABILIDADE;9672;1042;9672
6259-1-BA-6;6259;1;UF;BA;6;Deputado Federal;50;PSOL;PARTIDO SOCIALISMO E LIBERDADE;72628;3829;72628
6259-1-BA-6;6259;1;UF;BA;6;Deputado Federal;30;NOVO;PARTIDO NOVO;19534;1139;19534
6259-1-BA-6;6259;1;UF;BA;6;Deputado Federal;36;AGIR;AGIR;326;1063;326
6259-1-BA-6;6259;1;UF;BA;6;Deputado Federal;55;PSD;PARTIDO SOCIAL DEMOCRÁTICO;1167727;22709;1167727
6259-1-BA-6;6259;1;UF;BA;6;Deputado Federal;12;PDT;PARTIDO DEMOCRÁTICO TRABALHISTA;177163;23818;177238
6259-1-BA-6;6259;1;UF;BA;6;Deputado Federal;15;MDB;MOVIMENTO DEMOCRÁTICO BRASILEIRO;360022;5943;360022
6259-1-BA-6;6259;1;UF;BA;6;Deputado Federal;70;AVANTE;AVANTE;610465;5631;610465
6259-1-BA-6;6259;1;UF;BA;6;Deputado Federal;27;DC;DEMOCRACIA CRISTÃ;846;277;846
6259-1-BA-6;6259;1;UF;BA;6;Deputado Federal;40;PSB;PARTIDO SOCIALISTA BRASILEIRO;338991;3426;338991
6259-1-BA-6;6259;1;UF;BA;6;Deputado Federal;10;REPUBLICANOS;REPUBLICANOS;660015;10689;660015
6259-1-BA-6;6259;1;UF;BA;6;Deputado Federal;11;PP;PROGRESSISTAS;406431;15011;406431
6259-1-BA-6;6259;1;UF;BA;6;Deputado Federal;44;UNIÃO;UNIÃO BRASIL;1063890;19292;1063890
6259-1-BA-6;6259;1;UF;BA;6;Deputado Federal;43;PV;PARTIDO VERDE;119963;6049;119963
6259-1-BA-6;6259;1;UF;BA;6;Deputado Federal;13;PT;PARTIDO DOS TRABALHADORES;1361897;109626;1361897
6259-1-BA-6;6259;1;UF;BA;6;Deputado Federal;65;PCDOB;PARTIDO COMUNISTA DO BRASIL;352306;10285;352306
6259-1-BA-6;6259;1;UF;BA;6;Deputado Federal;25;PRD;PARTIDO RENOVACAO DEMOCRATICA;4242;2044;4242
6259-1-BA-6;6259;1;UF;BA;6;Deputado Federal;77;SOLIDARIEDADE;SOLIDARIEDADE;10471;1760;10471
6259-1-BA-6;6259;1;UF;BA;6;Deputado Federal;20;PODE;PODEMOS;3422;994;3422
6259-1-BA-6;6259;1;UF;BA;6;Deputado Federal;22;PL;PARTIDO LIBERAL;744702;22526;744702
6259-1-BA-6;6259;1;UF;BA;6;Deputado Federal;45;PSDB;PARTIDO DA SOCIAL DEMOCRACIA BRASILEIRA;481594;5888;481594
6259-1-BA-6;6259;1;UF;BA;6;Deputado Federal;23;CIDADANIA;CIDADANIA;3273;2520;3273
6259-1-BA-6;6259;1;UF;BA;6;Deputado Federal;80;UP;UNIDADE POPULAR;1349;400;1349
6259-1-BA-7;6259;1;UF;BA;7;Deputado Estadual;70;AVANTE;AVANTE;679147;18430;702621
6259-1-BA-7;6259;1;UF;BA;7;Deputado Estadual;10;REPUBLICANOS;REPUBLICANOS;430121;62419;430121
6259-1-BA-7;6259;1;UF;BA;7;Deputado Estadual;12;PDT;PARTIDO DEMOCRÁTICO TRABALHISTA;611245;24895;611245
6259-1-BA-7;6259;1;UF;BA;7;Deputado Estadual;33;MOBILIZA;MOBILIZAÇÃO NACIONAL;8089;2628;8089
6259-1-BA-7;6259;1;UF;BA;7;Deputado Estadual;40;PSB;PARTIDO SOCIALISTA BRASILEIRO;50082;7447;50082
6259-1-BA-7;6259;1;UF;BA;7;Deputado Estadual;55;PSD;PARTIDO SOCIAL DEMOCRÁTICO;1082244;41192;1082244
6259-1-BA-7;6259;1;UF;BA;7;Deputado Estadual;65;PCDOB;PARTIDO COMUNISTA DO BRASIL;268630;11697;268630
6259-1-BA-7;6259;1;UF;BA;7;Deputado Estadual;13;PT;PARTIDO DOS TRABALHADORES;1345045;403053;1345045
6259-1-BA-7;6259;1;UF;BA;7;Deputado Estadual;43;PV;PARTIDO VERDE;289306;9368;289306
6259-1-BA-7;6259;1;UF;BA;7;Deputado Estadual;14;MISSÃO;PARTIDO MISSÃO;20250;6122;20250
6259-1-BA-7;6259;1;UF;BA;7;Deputado Estadual;15;MDB;MOVIMENTO DEMOCRÁTICO BRASILEIRO;317545;13628;317545
6259-1-BA-7;6259;1;UF;BA;7;Deputado Estadual;18;REDE;REDE SUSTENTABILIDADE;10871;1850;10871
6259-1-BA-7;6259;1;UF;BA;7;Deputado Estadual;50;PSOL;PARTIDO SOCIALISMO E LIBERDADE;188088;6249;188088
6259-1-BA-7;6259;1;UF;BA;7;Deputado Estadual;80;UP;UNIDADE POPULAR;1855;468;1855
6259-1-BA-7;6259;1;UF;BA;7;Deputado Estadual;27;DC;DEMOCRACIA CRISTÃ;3871;374;3871
6259-1-BA-7;6259;1;UF;BA;7;Deputado Estadual;36;AGIR;AGIR;3096;1104;3096
6259-1-BA-7;6259;1;UF;BA;7;Deputado Estadual;44;UNIÃO;UNIÃO BRASIL;680913;41532;680913
6259-1-BA-7;6259;1;UF;BA;7;Deputado Estadual;11;PP;PROGRESSISTAS;304039;18690;304039
6259-1-BA-7;6259;1;UF;BA;7;Deputado Estadual;23;CIDADANIA;CIDADANIA;14944;2572;14944
6259-1-BA-7;6259;1;UF;BA;7;Deputado Estadual;45;PSDB;PARTIDO DA SOCIAL DEMOCRACIA BRASILEIRA;256571;22337;256571
6259-1-BA-7;6259;1;UF;BA;7;Deputado Estadual;22;PL;PARTIDO LIBERAL;817262;84436;817262
6257-1-BR-1;6257;1;Brasil;BR;1;Presidente;22;PL;PARTIDO LIBERAL;56104503;;56104503
6257-1-BR-1;6257;1;Brasil;BR;1;Presidente;55;PSD;PARTIDO SOCIAL DEMOCRÁTICO;2605148;;2605148
6257-1-BR-1;6257;1;Brasil;BR;1;Presidente;13;PT;PARTIDO DOS TRABALHADORES;53879538;;53879538
6257-1-BR-1;6257;1;Brasil;BR;1;Presidente;27;DC;DEMOCRACIA CRISTÃ;40043;;40043
6257-1-BR-1;6257;1;Brasil;BR;1;Presidente;21;PCB;PARTIDO COMUNISTA BRASILEIRO;22693;;22693
6257-1-BR-1;6257;1;Brasil;BR;1;Presidente;16;PSTU;PARTIDO SOCIALISTA  DOS TRABALHADORES UNIFICADO;43103;;43103
6257-1-BR-1;6257;1;Brasil;BR;1;Presidente;70;AVANTE;AVANTE;3448569;;3448569
6257-1-BR-1;6257;1;Brasil;BR;1;Presidente;30;NOVO;PARTIDO NOVO;326488;;326488
6257-1-BR-1;6257;1;Brasil;BR;1;Presidente;80;UP;UNIDADE POPULAR;122911;;122911
6257-1-BR-1;6257;1;Brasil;BR;1;Presidente;35;DEMOCRATA;DEMOCRATA;16881;;16881
6257-1-BR-1;6257;1;Brasil;BR;1;Presidente;14;MISSÃO;PARTIDO MISSÃO;2675887;;2675887
6257-1-BR-1;6257;1;Brasil;BR;1;Presidente;29;PCO;PARTIDO DA CAUSA OPERÁRIA;15024;;15024
6257-1-CE-1;6257;1;UF;CE;1;Presidente;22;PL;PARTIDO LIBERAL;1756850;;1756850
6257-1-CE-1;6257;1;UF;CE;1;Presidente;55;PSD;PARTIDO SOCIAL DEMOCRÁTICO;45604;;45604
6257-1-CE-1;6257;1;UF;CE;1;Presidente;13;PT;PARTIDO DOS TRABALHADORES;3555263;;3555263
6257-1-CE-1;6257;1;UF;CE;1;Presidente;16;PSTU;PARTIDO SOCIALISTA  DOS TRABALHADORES UNIFICADO;1491;;1491
6257-1-CE-1;6257;1;UF;CE;1;Presidente;21;PCB;PARTIDO COMUNISTA BRASILEIRO;783;;783
6257-1-CE-1;6257;1;UF;CE;1;Presidente;27;DC;DEMOCRACIA CRISTÃ;1071;;1071
6257-1-CE-1;6257;1;UF;CE;1;Presidente;30;NOVO;PARTIDO NOVO;4310;;4310
6257-1-CE-1;6257;1;UF;CE;1;Presidente;70;AVANTE;AVANTE;140524;;140524
6257-1-CE-1;6257;1;UF;CE;1;Presidente;35;DEMOCRATA;DEMOCRATA;481;;481
6257-1-CE-1;6257;1;UF;CE;1;Presidente;80;UP;UNIDADE POPULAR;3352;;3352
6257-1-CE-1;6257;1;UF;CE;1;Presidente;14;MISSÃO;PARTIDO MISSÃO;107587;;107587
6257-1-CE-1;6257;1;UF;CE;1;Presidente;29;PCO;PARTIDO DA CAUSA OPERÁRIA;498;;498
6259-1-CE-3;6259;1;UF;CE;3;Governador;45;PSDB;PARTIDO DA SOCIAL DEMOCRACIA BRASILEIRA;2498891;;2498891
6259-1-CE-3;6259;1;UF;CE;3;Governador;13;PT;PARTIDO DOS TRABALHADORES;2875573;;2875573
6259-1-CE-3;6259;1;UF;CE;3;Governador;30;NOVO;PARTIDO NOVO;5701;;5701
6259-1-CE-3;6259;1;UF;CE;3;Governador;16;PSTU;PARTIDO SOCIALISTA  DOS TRABALHADORES UNIFICADO;2161;;2161
6259-1-CE-3;6259;1;UF;CE;3;Governador;14;MISSÃO;PARTIDO MISSÃO;17219;;17219
6259-1-CE-3;6259;1;UF;CE;3;Governador;29;PCO;PARTIDO DA CAUSA OPERÁRIA;463;;463
6259-1-CE-3;6259;1;UF;CE;3;Governador;35;DEMOCRATA;DEMOCRATA;1743;;1743
6259-1-CE-3;6259;1;UF;CE;3;Governador;80;UP;UNIDADE POPULAR;4344;;4344
6259-1-CE-5;6259;1;UF;CE;5;Senador;29;PCO;PARTIDO DA CAUSA OPERÁRIA;0;;2677
6259-1-CE-5;6259;1;UF;CE;5;Senador;80;UP;UNIDADE POPULAR;39185;;39185
6259-1-CE-5;6259;1;UF;CE;5;Senador;16;PSTU;PARTIDO SOCIALISTA  DOS TRABALHADORES UNIFICADO;7065;;7065
6259-1-CE-5;6259;1;UF;CE;5;Senador;40;PSB;PARTIDO SOCIALISTA BRASILEIRO;3033562;;3033562
6259-1-CE-5;6259;1;UF;CE;5;Senador;18;REDE;REDE SUSTENTABILIDADE;2822806;;2822806
6259-1-CE-5;6259;1;UF;CE;5;Senador;44;UNIÃO;UNIÃO BRASIL;2011388;;2011388
6259-1-CE-5;6259;1;UF;CE;5;Senador;22;PL;PARTIDO LIBERAL;1776782;;1776782
6259-1-CE-5;6259;1;UF;CE;5;Senador;30;NOVO;PARTIDO NOVO;24218;;24218
6259-1-CE-6;6259;1;UF;CE;6;Deputado Federal;70;AVANTE;AVANTE;1163;554;1163
6259-1-CE-6;6259;1;UF;CE;6;Deputado Federal;33;MOBILIZA;MOBILIZAÇÃO NACIONAL;1171;1542;1171
6259-1-CE-6;6259;1;UF;CE;6;Deputado Federal;15;MDB;MOVIMENTO DEMOCRÁTICO BRASILEIRO;401874;5944;401874
6259-1-CE-6;6259;1;UF;CE;6;Deputado Federal;30;NOVO;PARTIDO NOVO;6033;502;6033
6259-1-CE-6;6259;1;UF;CE;6;Deputado Federal;65;PCDOB;PARTIDO COMUNISTA DO BRASIL;29333;644;29333
6259-1-CE-6;6259;1;UF;CE;6;Deputado Federal;43;PV;PARTIDO VERDE;84401;2459;84401
6259-1-CE-6;6259;1;UF;CE;6;Deputado Federal;13;PT;PARTIDO DOS TRABALHADORES;557189;41240;557189
6259-1-CE-6;6259;1;UF;CE;6;Deputado Federal;27;DC;DEMOCRACIA CRISTÃ;503;173;503
6259-1-CE-6;6259;1;UF;CE;6;Deputado Federal;14;MISSÃO;PARTIDO MISSÃO;16106;2935;16106
6259-1-CE-6;6259;1;UF;CE;6;Deputado Federal;29;PCO;PARTIDO DA CAUSA OPERÁRIA;248;317;248
6259-1-CE-6;6259;1;UF;CE;6;Deputado Federal;55;PSD;PARTIDO SOCIAL DEMOCRÁTICO;562185;5717;562185
6259-1-CE-6;6259;1;UF;CE;6;Deputado Federal;25;PRD;PARTIDO RENOVACAO DEMOCRATICA;289670;3307;289670
6259-1-CE-6;6259;1;UF;CE;6;Deputado Federal;77;SOLIDARIEDADE;SOLIDARIEDADE;129539;2085;129539
6259-1-CE-6;6259;1;UF;CE;6;Deputado Federal;80;UP;UNIDADE POPULAR;3829;239;3829
6259-1-CE-6;6259;1;UF;CE;6;Deputado Federal;40;PSB;PARTIDO SOCIALISTA BRASILEIRO;846343;22896;846343
6259-1-CE-6;6259;1;UF;CE;6;Deputado Federal;22;PL;PARTIDO LIBERAL;1089187;16163;1089187
6259-1-CE-6;6259;1;UF;CE;6;Deputado Federal;20;PODE;PODEMOS;19947;864;19947
6259-1-CE-6;6259;1;UF;CE;6;Deputado Federal;50;PSOL;PARTIDO SOCIALISMO E LIBERDADE;169607;3141;169607
6259-1-CE-6;6259;1;UF;CE;6;Deputado Federal;18;REDE;REDE SUSTENTABILIDADE;12776;5924;12776
6259-1-CE-6;6259;1;UF;CE;6;Deputado Federal;44;UNIÃO;UNIÃO BRASIL;397645;7834;397645
6259-1-CE-6;6259;1;UF;CE;6;Deputado Federal;11;PP;PROGRESSISTAS;225991;10031;225991
6259-1-CE-6;6259;1;UF;CE;6;Deputado Federal;45;PSDB;PARTIDO DA SOCIAL DEMOCRACIA BRASILEIRA;78992;8517;78992
6259-1-CE-6;6259;1;UF;CE;6;Deputado Federal;23;CIDADANIA;CIDADANIA;80144;1768;80144
6259-1-CE-6;6259;1;UF;CE;6;Deputado Federal;10;REPUBLICANOS;REPUBLICANOS;197007;5682;197007
6259-1-CE-6;6259;1;UF;CE;6;Deputado Federal;12;PDT;PARTIDO DEMOCRÁTICO TRABALHISTA;154806;15475;154806
6259-1-CE-7;6259;1;UF;CE;7;Deputado Estadual;10;REPUBLICANOS;REPUBLICANOS;264807;8096;264807
6259-1-CE-7;6259;1;UF;CE;7;Deputado Estadual;22;PL;PARTIDO LIBERAL;687150;39440;687150
6259-1-CE-7;6259;1;UF;CE;7;Deputado Estadual;15;MDB;MOVIMENTO DEMOCRÁTICO BRASILEIRO;196745;10363;196953
6259-1-CE-7;6259;1;UF;CE;7;Deputado Estadual;50;PSOL;PARTIDO SOCIALISMO E LIBERDADE;221623;4052;221623
6259-1-CE-7;6259;1;UF;CE;7;Deputado Estadual;18;REDE;REDE SUSTENTABILIDADE;2868;48489;2868
6259-1-CE-7;6259;1;UF;CE;7;Deputado Estadual;12;PDT;PARTIDO DEMOCRÁTICO TRABALHISTA;10433;10373;10433
6259-1-CE-7;6259;1;UF;CE;7;Deputado Estadual;20;PODE;PODEMOS;977;1314;977
6259-1-CE-7;6259;1;UF;CE;7;Deputado Estadual;40;PSB;PARTIDO SOCIALISTA BRASILEIRO;1273750;109540;1273750
6259-1-CE-7;6259;1;UF;CE;7;Deputado Estadual;43;PV;PARTIDO VERDE;76436;3482;76436
6259-1-CE-7;6259;1;UF;CE;7;Deputado Estadual;13;PT;PARTIDO DOS TRABALHADORES;1167951;56650;1167951
6259-1-CE-7;6259;1;UF;CE;7;Deputado Estadual;65;PCDOB;PARTIDO COMUNISTA DO BRASIL;7055;1074;7055
6259-1-CE-7;6259;1;UF;CE;7;Deputado Estadual;25;PRD;PARTIDO RENOVACAO DEMOCRATICA;47239;4477;47239
6259-1-CE-7;6259;1;UF;CE;7;Deputado Estadual;77;SOLIDARIEDADE;SOLIDARIEDADE;59666;2961;59666
6259-1-CE-7;6259;1;UF;CE;7;Deputado Estadual;55;PSD;PARTIDO SOCIAL DEMOCRÁTICO;306960;10510;306960
6259-1-CE-7;6259;1;UF;CE;7;Deputado Estadual;44;UNIÃO;UNIÃO BRASIL;166556;31268;166556
6259-1-CE-7;6259;1;UF;CE;7;Deputado Estadual;11;PP;PROGRESSISTAS;121911;7478;121911
6259-1-CE-7;6259;1;UF;CE;7;Deputado Estadual;30;NOVO;PARTIDO NOVO;5724;1002;5724
6259-1-CE-7;6259;1;UF;CE;7;Deputado Estadual;33;MOBILIZA;MOBILIZAÇÃO NACIONAL;68088;1555;68088
6259-1-CE-7;6259;1;UF;CE;7;Deputado Estadual;80;UP;UNIDADE POPULAR;1453;519;1453
6259-1-CE-7;6259;1;UF;CE;7;Deputado Estadual;16;PSTU;PARTIDO SOCIALISTA  DOS TRABALHADORES UNIFICADO;406;595;406
6259-1-CE-7;6259;1;UF;CE;7;Deputado Estadual;45;PSDB;PARTIDO DA SOCIAL DEMOCRACIA BRASILEIRA;393099;19150;393099
6259-1-CE-7;6259;1;UF;CE;7;Deputado Estadual;23;CIDADANIA;CIDADANIA;0;2287;0
6257-1-DF-1;6257;1;UF;DF;1;Presidente;22;PL;PARTIDO LIBERAL;909616;;909616
6257-1-DF-1;6257;1;UF;DF;1;Presidente;55;PSD;PARTIDO SOCIAL DEMOCRÁTICO;85076;;85076
6257-1-DF-1;6257;1;UF;DF;1;Presidente;13;PT;PARTIDO DOS TRABALHADORES;675627;;675627
6257-1-DF-1;6257;1;UF;DF;1;Presidente;16;PSTU;PARTIDO SOCIALISTA  DOS TRABALHADORES UNIFICADO;828;;828
6257-1-DF-1;6257;1;UF;DF;1;Presidente;21;PCB;PARTIDO COMUNISTA BRASILEIRO;334;;334
6257-1-DF-1;6257;1;UF;DF;1;Presidente;27;DC;DEMOCRACIA CRISTÃ;716;;716
6257-1-DF-1;6257;1;UF;DF;1;Presidente;30;NOVO;PARTIDO NOVO;4915;;4915
6257-1-DF-1;6257;1;UF;DF;1;Presidente;70;AVANTE;AVANTE;45979;;45979
6257-1-DF-1;6257;1;UF;DF;1;Presidente;35;DEMOCRATA;DEMOCRATA;324;;324
6257-1-DF-1;6257;1;UF;DF;1;Presidente;80;UP;UNIDADE POPULAR;2297;;2297
6257-1-DF-1;6257;1;UF;DF;1;Presidente;14;MISSÃO;PARTIDO MISSÃO;46714;;46714
6257-1-DF-1;6257;1;UF;DF;1;Presidente;29;PCO;PARTIDO DA CAUSA OPERÁRIA;382;;382
6259-1-DF-3;6259;1;UF;DF;3;Governador;29;PCO;PARTIDO DA CAUSA OPERÁRIA;595;;595
6259-1-DF-3;6259;1;UF;DF;3;Governador;11;PP;PROGRESSISTAS;825530;;825530
6259-1-DF-3;6259;1;UF;DF;3;Governador;80;UP;UNIDADE POPULAR;3958;;3958
6259-1-DF-3;6259;1;UF;DF;3;Governador;45;PSDB;PARTIDO DA SOCIAL DEMOCRACIA BRASILEIRA;140765;;140765
6259-1-DF-3;6259;1;UF;DF;3;Governador;40;PSB;PARTIDO SOCIALISTA BRASILEIRO;36828;;36828
6259-1-DF-3;6259;1;UF;DF;3;Governador;16;PSTU;PARTIDO SOCIALISTA  DOS TRABALHADORES UNIFICADO;1640;;1640
6259-1-DF-3;6259;1;UF;DF;3;Governador;13;PT;PARTIDO DOS TRABALHADORES;569930;;569930
6259-1-DF-3;6259;1;UF;DF;3;Governador;28;PRTB;PARTIDO RENOVADOR TRABALHISTA BRASILEIRO;0;;671
6259-1-DF-3;6259;1;UF;DF;3;Governador;36;AGIR;AGIR;0;;1172
6259-1-DF-3;6259;1;UF;DF;3;Governador;30;NOVO;PARTIDO NOVO;72148;;72148
6259-1-DF-5;6259;1;UF;DF;5;Senador;36;AGIR;AGIR;0;;4238
6259-1-DF-5;6259;1;UF;DF;5;Senador;22;PL;PARTIDO LIBERAL;1825112;;1825112
6259-1-DF-5;6259;1;UF;DF;5;Senador;80;UP;UNIDADE POPULAR;14861;;14861
6259-1-DF-5;6259;1;UF;DF;5;Senador;12;PDT;PARTIDO DEMOCRÁTICO TRABALHISTA;686340;;686340
6259-1-DF-5;6259;1;UF;DF;5;Senador;13;PT;PARTIDO DOS TRABALHADORES;610950;;610950
6259-1-DF-5;6259;1;UF;DF;5;Senador;30;NOVO;PARTIDO NOVO;67396;;67396
6259-1-DF-5;6259;1;UF;DF;5;Senador;29;PCO;PARTIDO DA CAUSA OPERÁRIA;2032;;2032
6259-1-DF-5;6259;1;UF;DF;5;Senador;45;PSDB;PARTIDO DA SOCIAL DEMOCRACIA BRASILEIRA;9534;;9534
6259-1-DF-5;6259;1;UF;DF;5;Senador;70;AVANTE;AVANTE;6522;;6522
6259-1-DF-5;6259;1;UF;DF;5;Senador;16;PSTU;PARTIDO SOCIALISTA  DOS TRABALHADORES UNIFICADO;3572;;3572
6259-1-DF-6;6259;1;UF;DF;6;Deputado Federal;15;MDB;MOVIMENTO DEMOCRÁTICO BRASILEIRO;211428;2795;211428
6259-1-DF-6;6259;1;UF;DF;6;Deputado Federal;77;SOLIDARIEDADE;SOLIDARIEDADE;3834;156;3834
6259-1-DF-6;6259;1;UF;DF;6;Deputado Federal;25;PRD;PARTIDO RENOVACAO DEMOCRATICA;6157;239;6157
6259-1-DF-6;6259;1;UF;DF;6;Deputado Federal;18;REDE;REDE SUSTENTABILIDADE;828;452;828
6259-1-DF-6;6259;1;UF;DF;6;Deputado Federal;50;PSOL;PARTIDO SOCIALISMO E LIBERDADE;235286;2871;235286
6259-1-DF-6;6259;1;UF;DF;6;Deputado Federal;30;NOVO;PARTIDO NOVO;24224;1638;24224
6259-1-DF-6;6259;1;UF;DF;6;Deputado Federal;10;REPUBLICANOS;REPUBLICANOS;190452;3230;190452
6259-1-DF-6;6259;1;UF;DF;6;Deputado Federal;65;PCDOB;PARTIDO COMUNISTA DO BRASIL;0;228;0
6259-1-DF-6;6259;1;UF;DF;6;Deputado Federal;43;PV;PARTIDO VERDE;44432;293;44432
6259-1-DF-6;6259;1;UF;DF;6;Deputado Federal;13;PT;PARTIDO DOS TRABALHADORES;177003;15199;177003
6259-1-DF-6;6259;1;UF;DF;6;Deputado Federal;20;PODE;PODEMOS;21141;1221;32182
6259-1-DF-6;6259;1;UF;DF;6;Deputado Federal;29;PCO;PARTIDO DA CAUSA OPERÁRIA;319;69;319
6259-1-DF-6;6259;1;UF;DF;6;Deputado Federal;70;AVANTE;AVANTE;8539;701;8539
6259-1-DF-6;6259;1;UF;DF;6;Deputado Federal;44;UNIÃO;UNIÃO BRASIL;65737;995;66164
6259-1-DF-6;6259;1;UF;DF;6;Deputado Federal;11;PP;PROGRESSISTAS;35821;3226;35821
6259-1-DF-6;6259;1;UF;DF;6;Deputado Federal;14;MISSÃO;PARTIDO MISSÃO;18597;1589;18597
6259-1-DF-6;6259;1;UF;DF;6;Deputado Federal;33;MOBILIZA;MOBILIZAÇÃO NACIONAL;3216;786;3216
6259-1-DF-6;6259;1;UF;DF;6;Deputado Federal;35;DEMOCRATA;DEMOCRATA;3355;375;3821
6259-1-DF-6;6259;1;UF;DF;6;Deputado Federal;55;PSD;PARTIDO SOCIAL DEMOCRÁTICO;22773;1554;22773
6259-1-DF-6;6259;1;UF;DF;6;Deputado Federal;80;UP;UNIDADE POPULAR;741;105;741
6259-1-DF-6;6259;1;UF;DF;6;Deputado Federal;12;PDT;PARTIDO DEMOCRÁTICO TRABALHISTA;12296;3108;12296
6259-1-DF-6;6259;1;UF;DF;6;Deputado Federal;22;PL;PARTIDO LIBERAL;436068;12815;436068
6259-1-DF-6;6259;1;UF;DF;6;Deputado Federal;40;PSB;PARTIDO SOCIALISTA BRASILEIRO;69025;1225;69025
6259-1-DF-6;6259;1;UF;DF;6;Deputado Federal;23;CIDADANIA;CIDADANIA;1187;415;1187
6259-1-DF-6;6259;1;UF;DF;6;Deputado Federal;45;PSDB;PARTIDO DA SOCIAL DEMOCRACIA BRASILEIRA;6352;611;6921
6259-1-DF-6;6259;1;UF;DF;6;Deputado Federal;27;DC;DEMOCRACIA CRISTÃ;3995;355;3995
6259-1-DF-6;6259;1;UF;DF;6;Deputado Federal;36;AGIR;AGIR;0;0;325
6259-1-DF-8;6259;1;UF;DF;8;Deputado Distrital;33;MOBILIZA;MOBILIZAÇÃO NACIONAL;65202;566;65202
6259-1-DF-8;6259;1;UF;DF;8;Deputado Distrital;13;PT;PARTIDO DOS TRABALHADORES;156024;19724;156024
6259-1-DF-8;6259;1;UF;DF;8;Deputado Distrital;43;PV;PARTIDO VERDE;4288;418;4288
6259-1-DF-8;6259;1;UF;DF;8;Deputado Distrital;65;PCDOB;PARTIDO COMUNISTA DO BRASIL;4253;128;4253
6259-1-DF-8;6259;1;UF;DF;8;Deputado Distrital;12;PDT;PARTIDO DEMOCRÁTICO TRABALHISTA;29869;5787;29869
6259-1-DF-8;6259;1;UF;DF;8;Deputado Distrital;55;PSD;PARTIDO SOCIAL DEMOCRÁTICO;71470;1154;71470
6259-1-DF-8;6259;1;UF;DF;8;Deputado Distrital;10;REPUBLICANOS;REPUBLICANOS;184686;3502;184686
6259-1-DF-8;6259;1;UF;DF;8;Deputado Distrital;45;PSDB;PARTIDO DA SOCIAL DEMOCRACIA BRASILEIRA;7542;930;7542
6259-1-DF-8;6259;1;UF;DF;8;Deputado Distrital;23;CIDADANIA;CIDADANIA;0;452;0
6259-1-DF-8;6259;1;UF;DF;8;Deputado Distrital;27;DC;DEMOCRACIA CRISTÃ;34236;320;34236
6259-1-DF-8;6259;1;UF;DF;8;Deputado Distrital;22;PL;PARTIDO LIBERAL;252762;19817;252762
6259-1-DF-8;6259;1;UF;DF;8;Deputado Distrital;30;NOVO;PARTIDO NOVO;22567;1692;22567
6259-1-DF-8;6259;1;UF;DF;8;Deputado Distrital;40;PSB;PARTIDO SOCIALISTA BRASILEIRO;93599;1699;93599
6259-1-DF-8;6259;1;UF;DF;8;Deputado Distrital;70;AVANTE;AVANTE;46628;574;46628
6259-1-DF-8;6259;1;UF;DF;8;Deputado Distrital;80;UP;UNIDADE POPULAR;682;172;682
6259-1-DF-8;6259;1;UF;DF;8;Deputado Distrital;18;REDE;REDE SUSTENTABILIDADE;2801;227;2801
6259-1-DF-8;6259;1;UF;DF;8;Deputado Distrital;50;PSOL;PARTIDO SOCIALISMO E LIBERDADE;150900;2866;150900
6259-1-DF-8;6259;1;UF;DF;8;Deputado Distrital;20;PODE;PODEMOS;87866;1106;87866
6259-1-DF-8;6259;1;UF;DF;8;Deputado Distrital;35;DEMOCRATA;DEMOCRATA;38554;496;38554
6259-1-DF-8;6259;1;UF;DF;8;Deputado Distrital;14;MISSÃO;PARTIDO MISSÃO;12534;1568;12534
6259-1-DF-8;6259;1;UF;DF;8;Deputado Distrital;77;SOLIDARIEDADE;SOLIDARIEDADE;4592;152;4876
6259-1-DF-8;6259;1;UF;DF;8;Deputado Distrital;25;PRD;PARTIDO RENOVACAO DEMOCRATICA;1018;339;1669
6259-1-DF-8;6259;1;UF;DF;8;Deputado Distrital;15;MDB;MOVIMENTO DEMOCRÁTICO BRASILEIRO;157922;3379;157922
6259-1-DF-8;6259;1;UF;DF;8;Deputado Distrital;44;UNIÃO;UNIÃO BRASIL;88321;1544;88321
6259-1-DF-8;6259;1;UF;DF;8;Deputado Distrital;11;PP;PROGRESSISTAS;108662;3019;108662
6257-1-ES-1;6257;1;UF;ES;1;Presidente;22;PL;PARTIDO LIBERAL;1233194;;1233194
6257-1-ES-1;6257;1;UF;ES;1;Presidente;55;PSD;PARTIDO SOCIAL DEMOCRÁTICO;39097;;39097
6257-1-ES-1;6257;1;UF;ES;1;Presidente;13;PT;PARTIDO DOS TRABALHADORES;850028;;850028
6257-1-ES-1;6257;1;UF;ES;1;Presidente;16;PSTU;PARTIDO SOCIALISTA  DOS TRABALHADORES UNIFICADO;638;;638
6257-1-ES-1;6257;1;UF;ES;1;Presidente;21;PCB;PARTIDO COMUNISTA BRASILEIRO;388;;388
6257-1-ES-1;6257;1;UF;ES;1;Presidente;27;DC;DEMOCRACIA CRISTÃ;974;;974
6257-1-ES-1;6257;1;UF;ES;1;Presidente;30;NOVO;PARTIDO NOVO;5873;;5873
6257-1-ES-1;6257;1;UF;ES;1;Presidente;70;AVANTE;AVANTE;65121;;65121
6257-1-ES-1;6257;1;UF;ES;1;Presidente;35;DEMOCRATA;DEMOCRATA;311;;311
6257-1-ES-1;6257;1;UF;ES;1;Presidente;80;UP;UNIDADE POPULAR;1973;;1973
6257-1-ES-1;6257;1;UF;ES;1;Presidente;14;MISSÃO;PARTIDO MISSÃO;53236;;53236
6257-1-ES-1;6257;1;UF;ES;1;Presidente;29;PCO;PARTIDO DA CAUSA OPERÁRIA;245;;245
6259-1-ES-3;6259;1;UF;ES;3;Governador;10;REPUBLICANOS;REPUBLICANOS;1048633;;1048633
6259-1-ES-3;6259;1;UF;ES;3;Governador;15;MDB;MOVIMENTO DEMOCRÁTICO BRASILEIRO;719397;;719397
6259-1-ES-3;6259;1;UF;ES;3;Governador;13;PT;PARTIDO DOS TRABALHADORES;323483;;323483
6259-1-ES-3;6259;1;UF;ES;3;Governador;80;UP;UNIDADE POPULAR;2670;;2670
6259-1-ES-3;6259;1;UF;ES;3;Governador;14;MISSÃO;PARTIDO MISSÃO;17988;;17988
6259-1-ES-5;6259;1;UF;ES;5;Senador;40;PSB;PARTIDO SOCIALISTA BRASILEIRO;995361;;995361
6259-1-ES-5;6259;1;UF;ES;5;Senador;15;MDB;MOVIMENTO DEMOCRÁTICO BRASILEIRO;164383;;164383
6259-1-ES-5;6259;1;UF;ES;5;Senador;10;REPUBLICANOS;REPUBLICANOS;982978;;982978
6259-1-ES-5;6259;1;UF;ES;5;Senador;22;PL;PARTIDO LIBERAL;761722;;761722
6259-1-ES-5;6259;1;UF;ES;5;Senador;55;PSD;PARTIDO SOCIAL DEMOCRÁTICO;301897;;301897
6259-1-ES-5;6259;1;UF;ES;5;Senador;70;AVANTE;AVANTE;167900;;167900
6259-1-ES-5;6259;1;UF;ES;5;Senador;27;DC;DEMOCRACIA CRISTÃ;50150;;50150
6259-1-ES-5;6259;1;UF;ES;5;Senador;13;PT;PARTIDO DOS TRABALHADORES;521431;;521431
6259-1-ES-5;6259;1;UF;ES;5;Senador;28;PRTB;PARTIDO RENOVADOR TRABALHISTA BRASILEIRO;15698;;15698
6259-1-ES-5;6259;1;UF;ES;5;Senador;30;NOVO;PARTIDO NOVO;25505;;25505
6259-1-ES-5;6259;1;UF;ES;5;Senador;50;PSOL;PARTIDO SOCIALISMO E LIBERDADE;42902;;42902
6259-1-ES-6;6259;1;UF;ES;6;Deputado Federal;40;PSB;PARTIDO SOCIALISTA BRASILEIRO;288175;6721;288175
6259-1-ES-6;6259;1;UF;ES;6;Deputado Federal;30;NOVO;PARTIDO NOVO;8310;654;8310
6259-1-ES-6;6259;1;UF;ES;6;Deputado Federal;70;AVANTE;AVANTE;4630;393;4630
6259-1-ES-6;6259;1;UF;ES;6;Deputado Federal;80;UP;UNIDADE POPULAR;771;63;771
6259-1-ES-6;6259;1;UF;ES;6;Deputado Federal;11;PP;PROGRESSISTAS;177214;5626;177214
6259-1-ES-6;6259;1;UF;ES;6;Deputado Federal;44;UNIÃO;UNIÃO BRASIL;273863;3672;273863
6259-1-ES-6;6259;1;UF;ES;6;Deputado Federal;25;PRD;PARTIDO RENOVACAO DEMOCRATICA;2775;351;2775
6259-1-ES-6;6259;1;UF;ES;6;Deputado Federal;77;SOLIDARIEDADE;SOLIDARIEDADE;1223;148;1223
6259-1-ES-6;6259;1;UF;ES;6;Deputado Federal;13;PT;PARTIDO DOS TRABALHADORES;281732;16699;281732
6259-1-ES-6;6259;1;UF;ES;6;Deputado Federal;65;PCDOB;PARTIDO COMUNISTA DO BRASIL;16680;276;16680
6259-1-ES-6;6259;1;UF;ES;6;Deputado Federal;43;PV;PARTIDO VERDE;361;191;361
6259-1-ES-6;6259;1;UF;ES;6;Deputado Federal;22;PL;PARTIDO LIBERAL;527677;11416;527677
6259-1-ES-6;6259;1;UF;ES;6;Deputado Federal;14;MISSÃO;PARTIDO MISSÃO;13757;1380;13757
6259-1-ES-6;6259;1;UF;ES;6;Deputado Federal;55;PSD;PARTIDO SOCIAL DEMOCRÁTICO;11040;1233;11040
6259-1-ES-6;6259;1;UF;ES;6;Deputado Federal;10;REPUBLICANOS;REPUBLICANOS;181734;4454;181734
6259-1-ES-6;6259;1;UF;ES;6;Deputado Federal;18;REDE;REDE SUSTENTABILIDADE;0;553;0
6259-1-ES-6;6259;1;UF;ES;6;Deputado Federal;50;PSOL;PARTIDO SOCIALISMO E LIBERDADE;29710;1576;29710
6259-1-ES-6;6259;1;UF;ES;6;Deputado Federal;20;PODE;PODEMOS;253851;3940;253851
6259-1-ES-6;6259;1;UF;ES;6;Deputado Federal;27;DC;DEMOCRACIA CRISTÃ;1055;502;1055
6259-1-ES-6;6259;1;UF;ES;6;Deputado Federal;35;DEMOCRATA;DEMOCRATA;340;239;340
6259-1-ES-7;6259;1;UF;ES;7;Deputado Estadual;23;CIDADANIA;CIDADANIA;0;657;0
6259-1-ES-7;6259;1;UF;ES;7;Deputado Estadual;45;PSDB;PARTIDO DA SOCIAL DEMOCRACIA BRASILEIRA;53893;1957;56369
6259-1-ES-7;6259;1;UF;ES;7;Deputado Estadual;50;PSOL;PARTIDO SOCIALISMO E LIBERDADE;68585;1364;68585
6259-1-ES-7;6259;1;UF;ES;7;Deputado Estadual;18;REDE;REDE SUSTENTABILIDADE;1238;291;1238
6259-1-ES-7;6259;1;UF;ES;7;Deputado Estadual;27;DC;DEMOCRACIA CRISTÃ;39106;829;39106
6259-1-ES-7;6259;1;UF;ES;7;Deputado Estadual;36;AGIR;AGIR;143168;1705;143168
6259-1-ES-7;6259;1;UF;ES;7;Deputado Estadual;30;NOVO;PARTIDO NOVO;12014;812;12077
6259-1-ES-7;6259;1;UF;ES;7;Deputado Estadual;35;DEMOCRATA;DEMOCRATA;9114;345;9114
6259-1-ES-7;6259;1;UF;ES;7;Deputado Estadual;43;PV;PARTIDO VERDE;338;268;1958
6259-1-ES-7;6259;1;UF;ES;7;Deputado Estadual;13;PT;PARTIDO DOS TRABALHADORES;172179;23079;172179
6259-1-ES-7;6259;1;UF;ES;7;Deputado Estadual;65;PCDOB;PARTIDO COMUNISTA DO BRASIL;3906;417;3906
6259-1-ES-7;6259;1;UF;ES;7;Deputado Estadual;20;PODE;PODEMOS;238975;5054;238975
6259-1-ES-7;6259;1;UF;ES;7;Deputado Estadual;77;SOLIDARIEDADE;SOLIDARIEDADE;3019;197;3019
6259-1-ES-7;6259;1;UF;ES;7;Deputado Estadual;25;PRD;PARTIDO RENOVACAO DEMOCRATICA;1107;645;1107
6259-1-ES-7;6259;1;UF;ES;7;Deputado Estadual;40;PSB;PARTIDO SOCIALISTA BRASILEIRO;184065;25836;184065
6259-1-ES-7;6259;1;UF;ES;7;Deputado Estadual;12;PDT;PARTIDO DEMOCRÁTICO TRABALHISTA;53415;2789;53415
6259-1-ES-7;6259;1;UF;ES;7;Deputado Estadual;15;MDB;MOVIMENTO DEMOCRÁTICO BRASILEIRO;242916;6624;245429
6259-1-ES-7;6259;1;UF;ES;7;Deputado Estadual;10;REPUBLICANOS;REPUBLICANOS;138380;13403;144100
6259-1-ES-7;6259;1;UF;ES;7;Deputado Estadual;22;PL;PARTIDO LIBERAL;371707;17823;371707
6259-1-ES-7;6259;1;UF;ES;7;Deputado Estadual;44;UNIÃO;UNIÃO BRASIL;78493;4413;78493
6259-1-ES-7;6259;1;UF;ES;7;Deputado Estadual;11;PP;PROGRESSISTAS;203002;4508;203002
6259-1-ES-7;6259;1;UF;ES;7;Deputado Estadual;14;MISSÃO;PARTIDO MISSÃO;9269;1884;9269
6257-1-GO-1;6257;1;UF;GO;1;Presidente;22;PL;PARTIDO LIBERAL;2051888;;2051888
6257-1-GO-1;6257;1;UF;GO;1;Presidente;55;PSD;PARTIDO SOCIAL DEMOCRÁTICO;472041;;472041
6257-1-GO-1;6257;1;UF;GO;1;Presidente;13;PT;PARTIDO DOS TRABALHADORES;1188880;;1188880
6257-1-GO-1;6257;1;UF;GO;1;Presidente;27;DC;DEMOCRACIA CRISTÃ;559;;559
6257-1-GO-1;6257;1;UF;GO;1;Presidente;21;PCB;PARTIDO COMUNISTA BRASILEIRO;468;;468
6257-1-GO-1;6257;1;UF;GO;1;Presidente;16;PSTU;PARTIDO SOCIALISTA  DOS TRABALHADORES UNIFICADO;668;;668
6257-1-GO-1;6257;1;UF;GO;1;Presidente;70;AVANTE;AVANTE;53849;;53849
6257-1-GO-1;6257;1;UF;GO;1;Presidente;30;NOVO;PARTIDO NOVO;2672;;2672
6257-1-GO-1;6257;1;UF;GO;1;Presidente;80;UP;UNIDADE POPULAR;2087;;2087
6257-1-GO-1;6257;1;UF;GO;1;Presidente;35;DEMOCRATA;DEMOCRATA;346;;346
6257-1-GO-1;6257;1;UF;GO;1;Presidente;14;MISSÃO;PARTIDO MISSÃO;54105;;54105
6257-1-GO-1;6257;1;UF;GO;1;Presidente;29;PCO;PARTIDO DA CAUSA OPERÁRIA;260;;260
6259-1-GO-3;6259;1;UF;GO;3;Governador;22;PL;PARTIDO LIBERAL;797141;;797141
6259-1-GO-3;6259;1;UF;GO;3;Governador;80;UP;UNIDADE POPULAR;11632;;11632
6259-1-GO-3;6259;1;UF;GO;3;Governador;13;PT;PARTIDO DOS TRABALHADORES;356692;;356692
6259-1-GO-3;6259;1;UF;GO;3;Governador;29;PCO;PARTIDO DA CAUSA OPERÁRIA;1217;;1217
6259-1-GO-3;6259;1;UF;GO;3;Governador;15;MDB;MOVIMENTO DEMOCRÁTICO BRASILEIRO;2148218;;2148218
6259-1-GO-3;6259;1;UF;GO;3;Governador;45;PSDB;PARTIDO DA SOCIAL DEMOCRACIA BRASILEIRA;315676;;315676
6259-1-GO-5;6259;1;UF;GO;5;Senador;25;PRD;PARTIDO RENOVACAO DEMOCRATICA;578418;;578418
6259-1-GO-5;6259;1;UF;GO;5;Senador;44;UNIÃO;UNIÃO BRASIL;1458522;;1458522
6259-1-GO-5;6259;1;UF;GO;5;Senador;22;PL;PARTIDO LIBERAL;2316177;;2316177
6259-1-GO-5;6259;1;UF;GO;5;Senador;15;MDB;MOVIMENTO DEMOCRÁTICO BRASILEIRO;998319;;998319
6259-1-GO-5;6259;1;UF;GO;5;Senador;80;UP;UNIDADE POPULAR;7147;;7147
6259-1-GO-5;6259;1;UF;GO;5;Senador;55;PSD;PARTIDO SOCIAL DEMOCRÁTICO;633843;;633843
6259-1-GO-5;6259;1;UF;GO;5;Senador;40;PSB;PARTIDO SOCIALISTA BRASILEIRO;348290;;348290
6259-1-GO-5;6259;1;UF;GO;5;Senador;50;PSOL;PARTIDO SOCIALISMO E LIBERDADE;288637;;288637
6259-1-GO-5;6259;1;UF;GO;5;Senador;45;PSDB;PARTIDO DA SOCIAL DEMOCRACIA BRASILEIRA;28927;;28927
6259-1-GO-5;6259;1;UF;GO;5;Senador;23;CIDADANIA;CIDADANIA;23714;;23714
6259-1-GO-6;6259;1;UF;GO;6;Deputado Federal;15;MDB;MOVIMENTO DEMOCRÁTICO BRASILEIRO;370116;14906;370116
6259-1-GO-6;6259;1;UF;GO;6;Deputado Federal;30;NOVO;PARTIDO NOVO;118069;1535;118113
6259-1-GO-6;6259;1;UF;GO;6;Deputado Federal;44;UNIÃO;UNIÃO BRASIL;471667;11725;471667
6259-1-GO-6;6259;1;UF;GO;6;Deputado Federal;11;PP;PROGRESSISTAS;203576;4382;203946
6259-1-GO-6;6259;1;UF;GO;6;Deputado Federal;12;PDT;PARTIDO DEMOCRÁTICO TRABALHISTA;9560;4595;9560
6259-1-GO-6;6259;1;UF;GO;6;Deputado Federal;14;MISSÃO;PARTIDO MISSÃO;19752;1933;19752
6259-1-GO-6;6259;1;UF;GO;6;Deputado Federal;10;REPUBLICANOS;REPUBLICANOS;216217;2342;216217
6259-1-GO-6;6259;1;UF;GO;6;Deputado Federal;18;REDE;REDE SUSTENTABILIDADE;627;1058;627
6259-1-GO-6;6259;1;UF;GO;6;Deputado Federal;50;PSOL;PARTIDO SOCIALISMO E LIBERDADE;5714;2631;5714
6259-1-GO-6;6259;1;UF;GO;6;Deputado Federal;45;PSDB;PARTIDO DA SOCIAL DEMOCRACIA BRASILEIRA;119593;5296;119593
6259-1-GO-6;6259;1;UF;GO;6;Deputado Federal;23;CIDADANIA;CIDADANIA;3190;2107;3190
6259-1-GO-6;6259;1;UF;GO;6;Deputado Federal;25;PRD;PARTIDO RENOVACAO DEMOCRATICA;141702;5596;141702
6259-1-GO-6;6259;1;UF;GO;6;Deputado Federal;77;SOLIDARIEDADE;SOLIDARIEDADE;108718;2454;108718
6259-1-GO-6;6259;1;UF;GO;6;Deputado Federal;27;DC;DEMOCRACIA CRISTÃ;2833;146;2833
6259-1-GO-6;6259;1;UF;GO;6;Deputado Federal;55;PSD;PARTIDO SOCIAL DEMOCRÁTICO;376665;7028;376665
6259-1-GO-6;6259;1;UF;GO;6;Deputado Federal;20;PODE;PODEMOS;185211;3911;185952
6259-1-GO-6;6259;1;UF;GO;6;Deputado Federal;22;PL;PARTIDO LIBERAL;619989;22606;619989
6259-1-GO-6;6259;1;UF;GO;6;Deputado Federal;40;PSB;PARTIDO SOCIALISTA BRASILEIRO;158249;1789;158249
6259-1-GO-6;6259;1;UF;GO;6;Deputado Federal;65;PCDOB;PARTIDO COMUNISTA DO BRASIL;5139;457;5139
6259-1-GO-6;6259;1;UF;GO;6;Deputado Federal;13;PT;PARTIDO DOS TRABALHADORES;346074;26741;346074
6259-1-GO-6;6259;1;UF;GO;6;Deputado Federal;43;PV;PARTIDO VERDE;372;272;372
6259-1-GO-6;6259;1;UF;GO;6;Deputado Federal;80;UP;UNIDADE POPULAR;1089;112;1089
6259-1-GO-7;6259;1;UF;GO;7;Deputado Estadual;25;PRD;PARTIDO RENOVACAO DEMOCRATICA;177023;10849;177023
6259-1-GO-7;6259;1;UF;GO;7;Deputado Estadual;77;SOLIDARIEDADE;SOLIDARIEDADE;139037;2966;139037
6259-1-GO-7;6259;1;UF;GO;7;Deputado Estadual;50;PSOL;PARTIDO SOCIALISMO E LIBERDADE;2926;5755;2926
6259-1-GO-7;6259;1;UF;GO;7;Deputado Estadual;18;REDE;REDE SUSTENTABILIDADE;1916;697;1916
6259-1-GO-7;6259;1;UF;GO;7;Deputado Estadual;10;REPUBLICANOS;REPUBLICANOS;101212;4425;101212
6259-1-GO-7;6259;1;UF;GO;7;Deputado Estadual;55;PSD;PARTIDO SOCIAL DEMOCRÁTICO;147218;15085;147218
6259-1-GO-7;6259;1;UF;GO;7;Deputado Estadual;40;PSB;PARTIDO SOCIALISTA BRASILEIRO;78562;12887;78562
6259-1-GO-7;6259;1;UF;GO;7;Deputado Estadual;13;PT;PARTIDO DOS TRABALHADORES;302516;28748;302516
6259-1-GO-7;6259;1;UF;GO;7;Deputado Estadual;43;PV;PARTIDO VERDE;474;520;474
6259-1-GO-7;6259;1;UF;GO;7;Deputado Estadual;65;PCDOB;PARTIDO COMUNISTA DO BRASIL;2021;468;2021
6259-1-GO-7;6259;1;UF;GO;7;Deputado Estadual;30;NOVO;PARTIDO NOVO;205608;3628;205608
6259-1-GO-7;6259;1;UF;GO;7;Deputado Estadual;20;PODE;PODEMOS;185425;4177;185425
6259-1-GO-7;6259;1;UF;GO;7;Deputado Estadual;15;MDB;MOVIMENTO DEMOCRÁTICO BRASILEIRO;535913;29650;535913
6259-1-GO-7;6259;1;UF;GO;7;Deputado Estadual;22;PL;PARTIDO LIBERAL;394256;42128;394256
6259-1-GO-7;6259;1;UF;GO;7;Deputado Estadual;36;AGIR;AGIR;166247;1929;166303
6259-1-GO-7;6259;1;UF;GO;7;Deputado Estadual;33;MOBILIZA;MOBILIZAÇÃO NACIONAL;277534;3254;277534
6259-1-GO-7;6259;1;UF;GO;7;Deputado Estadual;35;DEMOCRATA;DEMOCRATA;51787;928;51787
6259-1-GO-7;6259;1;UF;GO;7;Deputado Estadual;23;CIDADANIA;CIDADANIA;55835;2536;55835
6259-1-GO-7;6259;1;UF;GO;7;Deputado Estadual;45;PSDB;PARTIDO DA SOCIAL DEMOCRACIA BRASILEIRA;223998;9241;223998
6259-1-GO-7;6259;1;UF;GO;7;Deputado Estadual;27;DC;DEMOCRACIA CRISTÃ;3104;246;3104
6259-1-GO-7;6259;1;UF;GO;7;Deputado Estadual;44;UNIÃO;UNIÃO BRASIL;294169;39529;294244
6259-1-GO-7;6259;1;UF;GO;7;Deputado Estadual;11;PP;PROGRESSISTAS;65648;4628;65648
6259-1-GO-7;6259;1;UF;GO;7;Deputado Estadual;80;UP;UNIDADE POPULAR;1081;201;1081
6257-1-MA-1;6257;1;UF;MA;1;Presidente;22;PL;PARTIDO LIBERAL;1239040;;1239040
6257-1-MA-1;6257;1;UF;MA;1;Presidente;55;PSD;PARTIDO SOCIAL DEMOCRÁTICO;50155;;50155
6257-1-MA-1;6257;1;UF;MA;1;Presidente;13;PT;PARTIDO DOS TRABALHADORES;2566301;;2566301
6257-1-MA-1;6257;1;UF;MA;1;Presidente;16;PSTU;PARTIDO SOCIALISTA  DOS TRABALHADORES UNIFICADO;1459;;1459
6257-1-MA-1;6257;1;UF;MA;1;Presidente;21;PCB;PARTIDO COMUNISTA BRASILEIRO;475;;475
6257-1-MA-1;6257;1;UF;MA;1;Presidente;27;DC;DEMOCRACIA CRISTÃ;895;;895
6257-1-MA-1;6257;1;UF;MA;1;Presidente;30;NOVO;PARTIDO NOVO;4584;;4584
6257-1-MA-1;6257;1;UF;MA;1;Presidente;70;AVANTE;AVANTE;84830;;84830
6257-1-MA-1;6257;1;UF;MA;1;Presidente;35;DEMOCRATA;DEMOCRATA;307;;307
6257-1-MA-1;6257;1;UF;MA;1;Presidente;80;UP;UNIDADE POPULAR;1795;;1795
6257-1-MA-1;6257;1;UF;MA;1;Presidente;14;MISSÃO;PARTIDO MISSÃO;60387;;60387
6257-1-MA-1;6257;1;UF;MA;1;Presidente;29;PCO;PARTIDO DA CAUSA OPERÁRIA;211;;211
6259-1-MA-3;6259;1;UF;MA;3;Governador;28;PRTB;PARTIDO RENOVADOR TRABALHISTA BRASILEIRO;0;;48924
6259-1-MA-3;6259;1;UF;MA;3;Governador;55;PSD;PARTIDO SOCIAL DEMOCRÁTICO;2104122;;2104122
6259-1-MA-3;6259;1;UF;MA;3;Governador;21;PCB;PARTIDO COMUNISTA BRASILEIRO;1096;;1096
6259-1-MA-3;6259;1;UF;MA;3;Governador;15;MDB;MOVIMENTO DEMOCRÁTICO BRASILEIRO;1354044;;1354044
6259-1-MA-3;6259;1;UF;MA;3;Governador;16;PSTU;PARTIDO SOCIALISTA  DOS TRABALHADORES UNIFICADO;4693;;4693
6259-1-MA-3;6259;1;UF;MA;3;Governador;29;PCO;PARTIDO DA CAUSA OPERÁRIA;257;;257
6259-1-MA-3;6259;1;UF;MA;3;Governador;13;PT;PARTIDO DOS TRABALHADORES;374039;;374039
6259-1-MA-3;6259;1;UF;MA;3;Governador;14;MISSÃO;PARTIDO MISSÃO;7905;;7905
6259-1-MA-5;6259;1;UF;MA;5;Senador;15;MDB;MOVIMENTO DEMOCRÁTICO BRASILEIRO;1171634;;1171634
6259-1-MA-5;6259;1;UF;MA;5;Senador;12;PDT;PARTIDO DEMOCRÁTICO TRABALHISTA;1086318;;1086318
6259-1-MA-5;6259;1;UF;MA;5;Senador;16;PSTU;PARTIDO SOCIALISTA  DOS TRABALHADORES UNIFICADO;10908;;10908
6259-1-MA-5;6259;1;UF;MA;5;Senador;22;PL;PARTIDO LIBERAL;602997;;602997
6259-1-MA-5;6259;1;UF;MA;5;Senador;11;PP;PROGRESSISTAS;1530187;;1530187
6259-1-MA-5;6259;1;UF;MA;5;Senador;27;DC;DEMOCRACIA CRISTÃ;0;;23995
6259-1-MA-5;6259;1;UF;MA;5;Senador;50;PSOL;PARTIDO SOCIALISMO E LIBERDADE;83949;;83949
6259-1-MA-5;6259;1;UF;MA;5;Senador;13;PT;PARTIDO DOS TRABALHADORES;696298;;696298
6259-1-MA-5;6259;1;UF;MA;5;Senador;21;PCB;PARTIDO COMUNISTA BRASILEIRO;5019;;5019
6259-1-MA-5;6259;1;UF;MA;5;Senador;30;NOVO;PARTIDO NOVO;1471859;;1471859
6259-1-MA-5;6259;1;UF;MA;5;Senador;33;MOBILIZA;MOBILIZAÇÃO NACIONAL;458681;;458681
6259-1-MA-6;6259;1;UF;MA;6;Deputado Federal;33;MOBILIZA;MOBILIZAÇÃO NACIONAL;872;1132;872
6259-1-MA-6;6259;1;UF;MA;6;Deputado Federal;65;PCDOB;PARTIDO COMUNISTA DO BRASIL;56432;1335;56432
6259-1-MA-6;6259;1;UF;MA;6;Deputado Federal;13;PT;PARTIDO DOS TRABALHADORES;228640;15441;229448
6259-1-MA-6;6259;1;UF;MA;6;Deputado Federal;43;PV;PARTIDO VERDE;918;467;918
6259-1-MA-6;6259;1;UF;MA;6;Deputado Federal;22;PL;PARTIDO LIBERAL;685351;10440;685562
6259-1-MA-6;6259;1;UF;MA;6;Deputado Federal;80;UP;UNIDADE POPULAR;572;62;572
6259-1-MA-6;6259;1;UF;MA;6;Deputado Federal;15;MDB;MOVIMENTO DEMOCRÁTICO BRASILEIRO;882505;25594;882505
6259-1-MA-6;6259;1;UF;MA;6;Deputado Federal;16;PSTU;PARTIDO SOCIALISTA  DOS TRABALHADORES UNIFICADO;1059;567;1059
6259-1-MA-6;6259;1;UF;MA;6;Deputado Federal;30;NOVO;PARTIDO NOVO;12828;1513;12828
6259-1-MA-6;6259;1;UF;MA;6;Deputado Federal;44;UNIÃO;UNIÃO BRASIL;339836;3609;339836
6259-1-MA-6;6259;1;UF;MA;6;Deputado Federal;11;PP;PROGRESSISTAS;161500;10211;161500
6259-1-MA-6;6259;1;UF;MA;6;Deputado Federal;12;PDT;PARTIDO DEMOCRÁTICO TRABALHISTA;202799;14107;202799
6259-1-MA-6;6259;1;UF;MA;6;Deputado Federal;14;MISSÃO;PARTIDO MISSÃO;4813;2409;4813
6259-1-MA-6;6259;1;UF;MA;6;Deputado Federal;50;PSOL;PARTIDO SOCIALISMO E LIBERDADE;7871;632;7871
6259-1-MA-6;6259;1;UF;MA;6;Deputado Federal;18;REDE;REDE SUSTENTABILIDADE;1845;323;1845
6259-1-MA-6;6259;1;UF;MA;6;Deputado Federal;27;DC;DEMOCRACIA CRISTÃ;841;93;841
6259-1-MA-6;6259;1;UF;MA;6;Deputado Federal;55;PSD;PARTIDO SOCIAL DEMOCRÁTICO;156920;6474;156920
6259-1-MA-6;6259;1;UF;MA;6;Deputado Federal;10;REPUBLICANOS;REPUBLICANOS;204978;5628;204978
6259-1-MA-6;6259;1;UF;MA;6;Deputado Federal;45;PSDB;PARTIDO DA SOCIAL DEMOCRACIA BRASILEIRA;169160;3518;169160
6259-1-MA-6;6259;1;UF;MA;6;Deputado Federal;23;CIDADANIA;CIDADANIA;13456;1256;13456
6259-1-MA-6;6259;1;UF;MA;6;Deputado Federal;77;SOLIDARIEDADE;SOLIDARIEDADE;78675;1232;78675
6259-1-MA-6;6259;1;UF;MA;6;Deputado Federal;25;PRD;PARTIDO RENOVACAO DEMOCRATICA;169016;3434;169016
6259-1-MA-6;6259;1;UF;MA;6;Deputado Federal;40;PSB;PARTIDO SOCIALISTA BRASILEIRO;166934;1697;166934
6259-1-MA-6;6259;1;UF;MA;6;Deputado Federal;70;AVANTE;AVANTE;169184;1011;169184
6259-1-MA-6;6259;1;UF;MA;6;Deputado Federal;20;PODE;PODEMOS;140058;1719;140058
6259-1-MA-7;6259;1;UF;MA;7;Deputado Estadual;65;PCDOB;PARTIDO COMUNISTA DO BRASIL;20718;1374;20718
6259-1-MA-7;6259;1;UF;MA;7;Deputado Estadual;43;PV;PARTIDO VERDE;0;314;0
6259-1-MA-7;6259;1;UF;MA;7;Deputado Estadual;13;PT;PARTIDO DOS TRABALHADORES;184702;35101;185334
6259-1-MA-7;6259;1;UF;MA;7;Deputado Estadual;21;PCB;PARTIDO COMUNISTA BRASILEIRO;438;858;438
6259-1-MA-7;6259;1;UF;MA;7;Deputado Estadual;55;PSD;PARTIDO SOCIAL DEMOCRÁTICO;385406;10953;385406
6259-1-MA-7;6259;1;UF;MA;7;Deputado Estadual;70;AVANTE;AVANTE;10165;2230;10165
6259-1-MA-7;6259;1;UF;MA;7;Deputado Estadual;18;REDE;REDE SUSTENTABILIDADE;490;1033;490
6259-1-MA-7;6259;1;UF;MA;7;Deputado Estadual;50;PSOL;PARTIDO SOCIALISMO E LIBERDADE;8285;1213;8285
6259-1-MA-7;6259;1;UF;MA;7;Deputado Estadual;22;PL;PARTIDO LIBERAL;622162;22331;622162
6259-1-MA-7;6259;1;UF;MA;7;Deputado Estadual;12;PDT;PARTIDO DEMOCRÁTICO TRABALHISTA;238000;38925;238000
6259-1-MA-7;6259;1;UF;MA;7;Deputado Estadual;30;NOVO;PARTIDO NOVO;9027;22675;9027
6259-1-MA-7;6259;1;UF;MA;7;Deputado Estadual;11;PP;PROGRESSISTAS;324;38321;324
6259-1-MA-7;6259;1;UF;MA;7;Deputado Estadual;44;UNIÃO;UNIÃO BRASIL;162027;6603;162027
6259-1-MA-7;6259;1;UF;MA;7;Deputado Estadual;40;PSB;PARTIDO SOCIALISTA BRASILEIRO;192896;5398;194558
6259-1-MA-7;6259;1;UF;MA;7;Deputado Estadual;10;REPUBLICANOS;REPUBLICANOS;392604;8339;392604
6259-1-MA-7;6259;1;UF;MA;7;Deputado Estadual;15;MDB;MOVIMENTO DEMOCRÁTICO BRASILEIRO;1314492;68879;1314492
6259-1-MA-7;6259;1;UF;MA;7;Deputado Estadual;25;PRD;PARTIDO RENOVACAO DEMOCRATICA;101844;5099;101844
6259-1-MA-7;6259;1;UF;MA;7;Deputado Estadual;77;SOLIDARIEDADE;SOLIDARIEDADE;7211;1549;7211
6257-1-MG-1;6257;1;UF;MG;1;Presidente;22;PL;PARTIDO LIBERAL;5777548;;5777548
6257-1-MG-1;6257;1;UF;MG;1;Presidente;55;PSD;PARTIDO SOCIAL DEMOCRÁTICO;230423;;230423
6257-1-MG-1;6257;1;UF;MG;1;Presidente;13;PT;PARTIDO DOS TRABALHADORES;5188936;;5188936
6257-1-MG-1;6257;1;UF;MG;1;Presidente;16;PSTU;PARTIDO SOCIALISTA  DOS TRABALHADORES UNIFICADO;4085;;4085
6257-1-MG-1;6257;1;UF;MG;1;Presidente;21;PCB;PARTIDO COMUNISTA BRASILEIRO;2300;;2300
6257-1-MG-1;6257;1;UF;MG;1;Presidente;27;DC;DEMOCRACIA CRISTÃ;3411;;3411
6257-1-MG-1;6257;1;UF;MG;1;Presidente;30;NOVO;PARTIDO NOVO;98407;;98407
6257-1-MG-1;6257;1;UF;MG;1;Presidente;70;AVANTE;AVANTE;409737;;409737
6257-1-MG-1;6257;1;UF;MG;1;Presidente;35;DEMOCRATA;DEMOCRATA;1732;;1732
6257-1-MG-1;6257;1;UF;MG;1;Presidente;80;UP;UNIDADE POPULAR;11026;;11026
6257-1-MG-1;6257;1;UF;MG;1;Presidente;14;MISSÃO;PARTIDO MISSÃO;247209;;247209
6257-1-MG-1;6257;1;UF;MG;1;Presidente;29;PCO;PARTIDO DA CAUSA OPERÁRIA;1421;;1421
6259-1-MG-3;6259;1;UF;MG;3;Governador;16;PSTU;PARTIDO SOCIALISTA  DOS TRABALHADORES UNIFICADO;4764;;4764
6259-1-MG-3;6259;1;UF;MG;3;Governador;10;REPUBLICANOS;REPUBLICANOS;6321590;;6321590
6259-1-MG-3;6259;1;UF;MG;3;Governador;13;PT;PARTIDO DOS TRABALHADORES;3006088;;3006088
6259-1-MG-3;6259;1;UF;MG;3;Governador;21;PCB;PARTIDO COMUNISTA BRASILEIRO;10957;;10957
6259-1-MG-3;6259;1;UF;MG;3;Governador;29;PCO;PARTIDO DA CAUSA OPERÁRIA;0;;1464
6259-1-MG-3;6259;1;UF;MG;3;Governador;55;PSD;PARTIDO SOCIAL DEMOCRÁTICO;530292;;530292
6259-1-MG-3;6259;1;UF;MG;3;Governador;15;MDB;MOVIMENTO DEMOCRÁTICO BRASILEIRO;237051;;237051
6259-1-MG-3;6259;1;UF;MG;3;Governador;12;PDT;PARTIDO DEMOCRÁTICO TRABALHISTA;403466;;403466
6259-1-MG-3;6259;1;UF;MG;3;Governador;22;PL;PARTIDO LIBERAL;795193;;795193
6259-1-MG-3;6259;1;UF;MG;3;Governador;14;MISSÃO;PARTIDO MISSÃO;80308;;80308
6259-1-MG-3;6259;1;UF;MG;3;Governador;80;UP;UNIDADE POPULAR;20662;;20662
6259-1-MG-5;6259;1;UF;MG;5;Senador;27;DC;DEMOCRACIA CRISTÃ;14463;;14463
6259-1-MG-5;6259;1;UF;MG;5;Senador;70;AVANTE;AVANTE;35892;;35892
6259-1-MG-5;6259;1;UF;MG;5;Senador;16;PSTU;PARTIDO SOCIALISTA  DOS TRABALHADORES UNIFICADO;24726;;24726
6259-1-MG-5;6259;1;UF;MG;5;Senador;29;PCO;PARTIDO DA CAUSA OPERÁRIA;0;;3184
6259-1-MG-5;6259;1;UF;MG;5;Senador;45;PSDB;PARTIDO DA SOCIAL DEMOCRACIA BRASILEIRA;836595;;836595
6259-1-MG-5;6259;1;UF;MG;5;Senador;30;NOVO;PARTIDO NOVO;1895603;;1895603
6259-1-MG-5;6259;1;UF;MG;5;Senador;80;UP;UNIDADE POPULAR;35166;;35166
6259-1-MG-5;6259;1;UF;MG;5;Senador;11;PP;PROGRESSISTAS;2387973;;2387973
6259-1-MG-5;6259;1;UF;MG;5;Senador;55;PSD;PARTIDO SOCIAL DEMOCRÁTICO;3583487;;3583487
6259-1-MG-5;6259;1;UF;MG;5;Senador;22;PL;PARTIDO LIBERAL;4968829;;4968829
6259-1-MG-5;6259;1;UF;MG;5;Senador;50;PSOL;PARTIDO SOCIALISMO E LIBERDADE;2664763;;2664763
6259-1-MG-5;6259;1;UF;MG;5;Senador;13;PT;PARTIDO DOS TRABALHADORES;3990864;;3990864
6259-1-MG-5;6259;1;UF;MG;5;Senador;15;MDB;MOVIMENTO DEMOCRÁTICO BRASILEIRO;83941;;83941
6259-1-MG-6;6259;1;UF;MG;6;Deputado Federal;22;PL;PARTIDO LIBERAL;4560169;52945;4560169
6259-1-MG-6;6259;1;UF;MG;6;Deputado Federal;13;PT;PARTIDO DOS TRABALHADORES;2046251;126626;2046251
6259-1-MG-6;6259;1;UF;MG;6;Deputado Federal;65;PCDOB;PARTIDO COMUNISTA DO BRASIL;22500;2791;22500
6259-1-MG-6;6259;1;UF;MG;6;Deputado Federal;43;PV;PARTIDO VERDE;156117;5032;199108
6259-1-MG-6;6259;1;UF;MG;6;Deputado Federal;29;PCO;PARTIDO DA CAUSA OPERÁRIA;0;0;422
6259-1-MG-6;6259;1;UF;MG;6;Deputado Federal;11;PP;PROGRESSISTAS;461050;18742;461050
6259-1-MG-6;6259;1;UF;MG;6;Deputado Federal;44;UNIÃO;UNIÃO BRASIL;690020;6224;696035
6259-1-MG-6;6259;1;UF;MG;6;Deputado Federal;16;PSTU;PARTIDO SOCIALISTA  DOS TRABALHADORES UNIFICADO;1182;1057;1182
6259-1-MG-6;6259;1;UF;MG;6;Deputado Federal;45;PSDB;PARTIDO DA SOCIAL DEMOCRACIA BRASILEIRA;202891;8171;202891
6259-1-MG-6;6259;1;UF;MG;6;Deputado Federal;23;CIDADANIA;CIDADANIA;2402;5379;2402
6259-1-MG-6;6259;1;UF;MG;6;Deputado Federal;10;REPUBLICANOS;REPUBLICANOS;522648;13359;556908
6259-1-MG-6;6259;1;UF;MG;6;Deputado Federal;20;PODE;PODEMOS;240407;1760;240407
6259-1-MG-6;6259;1;UF;MG;6;Deputado Federal;30;NOVO;PARTIDO NOVO;66164;5706;66164
6259-1-MG-6;6259;1;UF;MG;6;Deputado Federal;70;AVANTE;AVANTE;220191;2881;220218
6259-1-MG-6;6259;1;UF;MG;6;Deputado Federal;15;MDB;MOVIMENTO DEMOCRÁTICO BRASILEIRO;179431;4311;179431
6259-1-MG-6;6259;1;UF;MG;6;Deputado Federal;33;MOBILIZA;MOBILIZAÇÃO NACIONAL;5441;1948;5441
6259-1-MG-6;6259;1;UF;MG;6;Deputado Federal;25;PRD;PARTIDO RENOVACAO DEMOCRATICA;196600;4919;196600
6259-1-MG-6;6259;1;UF;MG;6;Deputado Federal;77;SOLIDARIEDADE;SOLIDARIEDADE;99676;2027;99676
6259-1-MG-6;6259;1;UF;MG;6;Deputado Federal;80;UP;UNIDADE POPULAR;2727;618;2727
6259-1-MG-6;6259;1;UF;MG;6;Deputado Federal;12;PDT;PARTIDO DEMOCRÁTICO TRABALHISTA;128081;19202;133376
6259-1-MG-6;6259;1;UF;MG;6;Deputado Federal;55;PSD;PARTIDO SOCIAL DEMOCRÁTICO;512879;19434;513069
6259-1-MG-6;6259;1;UF;MG;6;Deputado Federal;27;DC;DEMOCRACIA CRISTÃ;1736;485;1736
6259-1-MG-6;6259;1;UF;MG;6;Deputado Federal;14;MISSÃO;PARTIDO MISSÃO;58863;8398;58863
6259-1-MG-6;6259;1;UF;MG;6;Deputado Federal;40;PSB;PARTIDO SOCIALISTA BRASILEIRO;252792;3217;252792
6259-1-MG-6;6259;1;UF;MG;6;Deputado Federal;18;REDE;REDE SUSTENTABILIDADE;121087;2444;121497
6259-1-MG-6;6259;1;UF;MG;6;Deputado Federal;50;PSOL;PARTIDO SOCIALISMO E LIBERDADE;297765;13405;297765
6259-1-MG-7;6259;1;UF;MG;7;Deputado Estadual;15;MDB;MOVIMENTO DEMOCRÁTICO BRASILEIRO;114212;11682;114212
6259-1-MG-7;6259;1;UF;MG;7;Deputado Estadual;22;PL;PARTIDO LIBERAL;2683960;137512;2684737
6259-1-MG-7;6259;1;UF;MG;7;Deputado Estadual;40;PSB;PARTIDO SOCIALISTA BRASILEIRO;325309;9203;325309
6259-1-MG-7;6259;1;UF;MG;7;Deputado Estadual;20;PODE;PODEMOS;272376;7831;272376
6259-1-MG-7;6259;1;UF;MG;7;Deputado Estadual;35;DEMOCRATA;DEMOCRATA;177709;4014;177709
6259-1-MG-7;6259;1;UF;MG;7;Deputado Estadual;70;AVANTE;AVANTE;272136;8192;272136
6259-1-MG-7;6259;1;UF;MG;7;Deputado Estadual;10;REPUBLICANOS;REPUBLICANOS;562744;28981;562744
6259-1-MG-7;6259;1;UF;MG;7;Deputado Estadual;14;MISSÃO;PARTIDO MISSÃO;52402;11415;52402
6259-1-MG-7;6259;1;UF;MG;7;Deputado Estadual;29;PCO;PARTIDO DA CAUSA OPERÁRIA;0;0;370
6259-1-MG-7;6259;1;UF;MG;7;Deputado Estadual;36;AGIR;AGIR;77002;2162;77002
6259-1-MG-7;6259;1;UF;MG;7;Deputado Estadual;55;PSD;PARTIDO SOCIAL DEMOCRÁTICO;1203083;67924;1203083
6259-1-MG-7;6259;1;UF;MG;7;Deputado Estadual;80;UP;UNIDADE POPULAR;3760;1066;3760
6259-1-MG-7;6259;1;UF;MG;7;Deputado Estadual;44;UNIÃO;UNIÃO BRASIL;518805;19466;518805
6259-1-MG-7;6259;1;UF;MG;7;Deputado Estadual;11;PP;PROGRESSISTAS;540267;70391;540267
6259-1-MG-7;6259;1;UF;MG;7;Deputado Estadual;12;PDT;PARTIDO DEMOCRÁTICO TRABALHISTA;166315;22084;166315
6259-1-MG-7;6259;1;UF;MG;7;Deputado Estadual;43;PV;PARTIDO VERDE;294658;7964;294658
6259-1-MG-7;6259;1;UF;MG;7;Deputado Estadual;13;PT;PARTIDO DOS TRABALHADORES;1770703;262276;1770703
6259-1-MG-7;6259;1;UF;MG;7;Deputado Estadual;65;PCDOB;PARTIDO COMUNISTA DO BRASIL;73389;3155;73389
6259-1-MG-7;6259;1;UF;MG;7;Deputado Estadual;16;PSTU;PARTIDO SOCIALISTA  DOS TRABALHADORES UNIFICADO;1393;1154;1393
6259-1-MG-7;6259;1;UF;MG;7;Deputado Estadual;25;PRD;PARTIDO RENOVACAO DEMOCRATICA;362592;10350;362592
6259-1-MG-7;6259;1;UF;MG;7;Deputado Estadual;77;SOLIDARIEDADE;SOLIDARIEDADE;50461;3454;50461
6259-1-MG-7;6259;1;UF;MG;7;Deputado Estadual;18;REDE;REDE SUSTENTABILIDADE;154039;5495;154039
6259-1-MG-7;6259;1;UF;MG;7;Deputado Estadual;50;PSOL;PARTIDO SOCIALISMO E LIBERDADE;168614;26969;168614
6259-1-MG-7;6259;1;UF;MG;7;Deputado Estadual;21;PCB;PARTIDO COMUNISTA BRASILEIRO;1705;3240;1705
6259-1-MG-7;6259;1;UF;MG;7;Deputado Estadual;45;PSDB;PARTIDO DA SOCIAL DEMOCRACIA BRASILEIRA;382130;35724;382130
6259-1-MG-7;6259;1;UF;MG;7;Deputado Estadual;23;CIDADANIA;CIDADANIA;1125;4593;1125
6259-1-MG-7;6259;1;UF;MG;7;Deputado Estadual;30;NOVO;PARTIDO NOVO;277600;12869;277600
6259-1-MG-7;6259;1;UF;MG;7;Deputado Estadual;33;MOBILIZA;MOBILIZAÇÃO NACIONAL;19386;2285;19594
6257-1-MS-1;6257;1;UF;MS;1;Presidente;22;PL;PARTIDO LIBERAL;873351;;873351
6257-1-MS-1;6257;1;UF;MS;1;Presidente;55;PSD;PARTIDO SOCIAL DEMOCRÁTICO;23291;;23291
6257-1-MS-1;6257;1;UF;MS;1;Presidente;13;PT;PARTIDO DOS TRABALHADORES;516855;;516855
6257-1-MS-1;6257;1;UF;MS;1;Presidente;27;DC;DEMOCRACIA CRISTÃ;626;;626
6257-1-MS-1;6257;1;UF;MS;1;Presidente;21;PCB;PARTIDO COMUNISTA BRASILEIRO;332;;332
6257-1-MS-1;6257;1;UF;MS;1;Presidente;16;PSTU;PARTIDO SOCIALISTA  DOS TRABALHADORES UNIFICADO;353;;353
6257-1-MS-1;6257;1;UF;MS;1;Presidente;70;AVANTE;AVANTE;39148;;39148
6257-1-MS-1;6257;1;UF;MS;1;Presidente;30;NOVO;PARTIDO NOVO;2792;;2792
6257-1-MS-1;6257;1;UF;MS;1;Presidente;80;UP;UNIDADE POPULAR;1291;;1291
6257-1-MS-1;6257;1;UF;MS;1;Presidente;35;DEMOCRATA;DEMOCRATA;209;;209
6257-1-MS-1;6257;1;UF;MS;1;Presidente;14;MISSÃO;PARTIDO MISSÃO;31847;;31847
6257-1-MS-1;6257;1;UF;MS;1;Presidente;29;PCO;PARTIDO DA CAUSA OPERÁRIA;183;;183
6259-1-MS-3;6259;1;UF;MS;3;Governador;13;PT;PARTIDO DOS TRABALHADORES;322807;;322807
6259-1-MS-3;6259;1;UF;MS;3;Governador;29;PCO;PARTIDO DA CAUSA OPERÁRIA;2115;;2115
6259-1-MS-3;6259;1;UF;MS;3;Governador;30;NOVO;PARTIDO NOVO;98677;;98677
6259-1-MS-3;6259;1;UF;MS;3;Governador;50;PSOL;PARTIDO SOCIALISMO E LIBERDADE;4444;;4444
6259-1-MS-3;6259;1;UF;MS;3;Governador;11;PP;PROGRESSISTAS;914323;;914323
6259-1-MS-3;6259;1;UF;MS;3;Governador;25;PRD;PARTIDO RENOVACAO DEMOCRATICA;14431;;14431
6259-1-MS-3;6259;1;UF;MS;3;Governador;36;AGIR;AGIR;912;;912
6259-1-MS-3;6259;1;UF;MS;3;Governador;27;DC;DEMOCRACIA CRISTÃ;5589;;5589
6259-1-MS-5;6259;1;UF;MS;5;Senador;22;PL;PARTIDO LIBERAL;1759599;;1759599
6259-1-MS-5;6259;1;UF;MS;5;Senador;29;PCO;PARTIDO DA CAUSA OPERÁRIA;3197;;3197
6259-1-MS-5;6259;1;UF;MS;5;Senador;50;PSOL;PARTIDO SOCIALISMO E LIBERDADE;18028;;18028
6259-1-MS-5;6259;1;UF;MS;5;Senador;13;PT;PARTIDO DOS TRABALHADORES;361920;;361920
6259-1-MS-5;6259;1;UF;MS;5;Senador;40;PSB;PARTIDO SOCIALISTA BRASILEIRO;340788;;340788
6259-1-MS-5;6259;1;UF;MS;5;Senador;25;PRD;PARTIDO RENOVACAO DEMOCRATICA;16396;;16396
6259-1-MS-5;6259;1;UF;MS;5;Senador;30;NOVO;PARTIDO NOVO;103184;;103184
6259-1-MS-5;6259;1;UF;MS;5;Senador;27;DC;DEMOCRACIA CRISTÃ;4947;;4947
6259-1-MS-6;6259;1;UF;MS;6;Deputado Federal;36;AGIR;AGIR;216;125;216
6259-1-MS-6;6259;1;UF;MS;6;Deputado Federal;23;CIDADANIA;CIDADANIA;0;506;0
6259-1-MS-6;6259;1;UF;MS;6;Deputado Federal;45;PSDB;PARTIDO DA SOCIAL DEMOCRACIA BRASILEIRA;93756;4241;93756
6259-1-MS-6;6259;1;UF;MS;6;Deputado Federal;15;MDB;MOVIMENTO DEMOCRÁTICO BRASILEIRO;12080;1028;12080
6259-1-MS-6;6259;1;UF;MS;6;Deputado Federal;29;PCO;PARTIDO DA CAUSA OPERÁRIA;213;39;213
6259-1-MS-6;6259;1;UF;MS;6;Deputado Federal;77;SOLIDARIEDADE;SOLIDARIEDADE;0;191;0
6259-1-MS-6;6259;1;UF;MS;6;Deputado Federal;25;PRD;PARTIDO RENOVACAO DEMOCRATICA;3130;270;3130
6259-1-MS-6;6259;1;UF;MS;6;Deputado Federal;22;PL;PARTIDO LIBERAL;446652;13688;446652
6259-1-MS-6;6259;1;UF;MS;6;Deputado Federal;14;MISSÃO;PARTIDO MISSÃO;9045;977;9045
6259-1-MS-6;6259;1;UF;MS;6;Deputado Federal;27;DC;DEMOCRACIA CRISTÃ;1574;59;1574
6259-1-MS-6;6259;1;UF;MS;6;Deputado Federal;12;PDT;PARTIDO DEMOCRÁTICO TRABALHISTA;5329;2383;5329
6259-1-MS-6;6259;1;UF;MS;6;Deputado Federal;70;AVANTE;AVANTE;6434;452;6434
6259-1-MS-6;6259;1;UF;MS;6;Deputado Federal;30;NOVO;PARTIDO NOVO;10850;547;10850
6259-1-MS-6;6259;1;UF;MS;6;Deputado Federal;18;REDE;REDE SUSTENTABILIDADE;531;449;531
6259-1-MS-6;6259;1;UF;MS;6;Deputado Federal;50;PSOL;PARTIDO SOCIALISMO E LIBERDADE;3260;779;3260
6259-1-MS-6;6259;1;UF;MS;6;Deputado Federal;11;PP;PROGRESSISTAS;113108;3223;113108
6259-1-MS-6;6259;1;UF;MS;6;Deputado Federal;44;UNIÃO;UNIÃO BRASIL;177222;2343;177222
6259-1-MS-6;6259;1;UF;MS;6;Deputado Federal;10;REPUBLICANOS;REPUBLICANOS;254390;2295;254390
6259-1-MS-6;6259;1;UF;MS;6;Deputado Federal;65;PCDOB;PARTIDO COMUNISTA DO BRASIL;2006;63;2006
6259-1-MS-6;6259;1;UF;MS;6;Deputado Federal;13;PT;PARTIDO DOS TRABALHADORES;195687;18610;195687
6259-1-MS-6;6259;1;UF;MS;6;Deputado Federal;43;PV;PARTIDO VERDE;32511;500;32511
6259-1-MS-7;6259;1;UF;MS;7;Deputado Estadual;10;REPUBLICANOS;REPUBLICANOS;106958;3417;106958
6259-1-MS-7;6259;1;UF;MS;7;Deputado Estadual;44;UNIÃO;UNIÃO BRASIL;64105;2608;64105
6259-1-MS-7;6259;1;UF;MS;7;Deputado Estadual;11;PP;PROGRESSISTAS;162166;4829;197377
6259-1-MS-7;6259;1;UF;MS;7;Deputado Estadual;12;PDT;PARTIDO DEMOCRÁTICO TRABALHISTA;2913;2199;2913
6259-1-MS-7;6259;1;UF;MS;7;Deputado Estadual;13;PT;PARTIDO DOS TRABALHADORES;185922;22763;186367
6259-1-MS-7;6259;1;UF;MS;7;Deputado Estadual;43;PV;PARTIDO VERDE;643;941;643
6259-1-MS-7;6259;1;UF;MS;7;Deputado Estadual;65;PCDOB;PARTIDO COMUNISTA DO BRASIL;0;138;0
6259-1-MS-7;6259;1;UF;MS;7;Deputado Estadual;70;AVANTE;AVANTE;57480;612;57480
6259-1-MS-7;6259;1;UF;MS;7;Deputado Estadual;45;PSDB;PARTIDO DA SOCIAL DEMOCRACIA BRASILEIRA;187969;3948;187969
6259-1-MS-7;6259;1;UF;MS;7;Deputado Estadual;23;CIDADANIA;CIDADANIA;2474;460;2474
6259-1-MS-7;6259;1;UF;MS;7;Deputado Estadual;29;PCO;PARTIDO DA CAUSA OPERÁRIA;395;99;395
6259-1-MS-7;6259;1;UF;MS;7;Deputado Estadual;50;PSOL;PARTIDO SOCIALISMO E LIBERDADE;1515;577;1515
6259-1-MS-7;6259;1;UF;MS;7;Deputado Estadual;18;REDE;REDE SUSTENTABILIDADE;0;416;0
6259-1-MS-7;6259;1;UF;MS;7;Deputado Estadual;22;PL;PARTIDO LIBERAL;418569;30376;418569
6259-1-MS-7;6259;1;UF;MS;7;Deputado Estadual;27;DC;DEMOCRACIA CRISTÃ;1188;149;1188
6259-1-MS-7;6259;1;UF;MS;7;Deputado Estadual;30;NOVO;PARTIDO NOVO;13068;1124;13068
6259-1-MS-7;6259;1;UF;MS;7;Deputado Estadual;15;MDB;MOVIMENTO DEMOCRÁTICO BRASILEIRO;95993;1996;95993
6259-1-MS-7;6259;1;UF;MS;7;Deputado Estadual;25;PRD;PARTIDO RENOVACAO DEMOCRATICA;2815;614;2815
6259-1-MS-7;6259;1;UF;MS;7;Deputado Estadual;77;SOLIDARIEDADE;SOLIDARIEDADE;89;278;89
6257-1-MT-1;6257;1;UF;MT;1;Presidente;22;PL;PARTIDO LIBERAL;1298581;;1298581
6257-1-MT-1;6257;1;UF;MT;1;Presidente;55;PSD;PARTIDO SOCIAL DEMOCRÁTICO;33079;;33079
6257-1-MT-1;6257;1;UF;MT;1;Presidente;13;PT;PARTIDO DOS TRABALHADORES;581681;;581681
6257-1-MT-1;6257;1;UF;MT;1;Presidente;27;DC;DEMOCRACIA CRISTÃ;1869;;1869
6257-1-MT-1;6257;1;UF;MT;1;Presidente;21;PCB;PARTIDO COMUNISTA BRASILEIRO;239;;239
6257-1-MT-1;6257;1;UF;MT;1;Presidente;16;PSTU;PARTIDO SOCIALISTA  DOS TRABALHADORES UNIFICADO;340;;340
6257-1-MT-1;6257;1;UF;MT;1;Presidente;70;AVANTE;AVANTE;40019;;40019
6257-1-MT-1;6257;1;UF;MT;1;Presidente;30;NOVO;PARTIDO NOVO;2424;;2424
6257-1-MT-1;6257;1;UF;MT;1;Presidente;80;UP;UNIDADE POPULAR;1584;;1584
6257-1-MT-1;6257;1;UF;MT;1;Presidente;35;DEMOCRATA;DEMOCRATA;172;;172
6257-1-MT-1;6257;1;UF;MT;1;Presidente;14;MISSÃO;PARTIDO MISSÃO;33170;;33170
6257-1-MT-1;6257;1;UF;MT;1;Presidente;29;PCO;PARTIDO DA CAUSA OPERÁRIA;130;;130
6259-1-MT-3;6259;1;UF;MT;3;Governador;55;PSD;PARTIDO SOCIAL DEMOCRÁTICO;281548;;281548
6259-1-MT-3;6259;1;UF;MT;3;Governador;10;REPUBLICANOS;REPUBLICANOS;1128099;;1128099
6259-1-MT-3;6259;1;UF;MT;3;Governador;14;MISSÃO;PARTIDO MISSÃO;10300;;10300
6259-1-MT-3;6259;1;UF;MT;3;Governador;33;MOBILIZA;MOBILIZAÇÃO NACIONAL;2694;;2694
6259-1-MT-3;6259;1;UF;MT;3;Governador;36;AGIR;AGIR;3210;;3210
6259-1-MT-3;6259;1;UF;MT;3;Governador;22;PL;PARTIDO LIBERAL;430442;;430442
6259-1-MT-5;6259;1;UF;MT;5;Senador;15;MDB;MOVIMENTO DEMOCRÁTICO BRASILEIRO;519434;;519434
6259-1-MT-5;6259;1;UF;MT;5;Senador;22;PL;PARTIDO LIBERAL;977777;;977777
6259-1-MT-5;6259;1;UF;MT;5;Senador;35;DEMOCRATA;DEMOCRATA;12819;;12819
6259-1-MT-5;6259;1;UF;MT;5;Senador;11;PP;PROGRESSISTAS;65559;;65559
6259-1-MT-5;6259;1;UF;MT;5;Senador;44;UNIÃO;UNIÃO BRASIL;1187352;;1187352
6259-1-MT-5;6259;1;UF;MT;5;Senador;40;PSB;PARTIDO SOCIALISTA BRASILEIRO;224621;;224621
6259-1-MT-5;6259;1;UF;MT;5;Senador;55;PSD;PARTIDO SOCIAL DEMOCRÁTICO;411020;;411020
6259-1-MT-5;6259;1;UF;MT;5;Senador;36;AGIR;AGIR;7417;;7417
6259-1-MT-5;6259;1;UF;MT;5;Senador;70;AVANTE;AVANTE;169265;;169265
6259-1-MT-6;6259;1;UF;MT;6;Deputado Federal;14;MISSÃO;PARTIDO MISSÃO;8730;831;8730
6259-1-MT-6;6259;1;UF;MT;6;Deputado Federal;45;PSDB;PARTIDO DA SOCIAL DEMOCRACIA BRASILEIRA;16039;1926;16039
6259-1-MT-6;6259;1;UF;MT;6;Deputado Federal;23;CIDADANIA;CIDADANIA;0;641;0
6259-1-MT-6;6259;1;UF;MT;6;Deputado Federal;30;NOVO;PARTIDO NOVO;51484;1413;51484
6259-1-MT-6;6259;1;UF;MT;6;Deputado Federal;35;DEMOCRATA;DEMOCRATA;1235;138;1235
6259-1-MT-6;6259;1;UF;MT;6;Deputado Federal;27;DC;DEMOCRACIA CRISTÃ;1368;45;1368
6259-1-MT-6;6259;1;UF;MT;6;Deputado Federal;70;AVANTE;AVANTE;14986;327;14986
6259-1-MT-6;6259;1;UF;MT;6;Deputado Federal;11;PP;PROGRESSISTAS;76201;2490;76201
6259-1-MT-6;6259;1;UF;MT;6;Deputado Federal;44;UNIÃO;UNIÃO BRASIL;279449;6180;279449
6259-1-MT-6;6259;1;UF;MT;6;Deputado Federal;12;PDT;PARTIDO DEMOCRÁTICO TRABALHISTA;4925;3145;5243
6259-1-MT-6;6259;1;UF;MT;6;Deputado Federal;22;PL;PARTIDO LIBERAL;519652;11743;519652
6259-1-MT-6;6259;1;UF;MT;6;Deputado Federal;25;PRD;PARTIDO RENOVACAO DEMOCRATICA;7665;375;7665
6259-1-MT-6;6259;1;UF;MT;6;Deputado Federal;77;SOLIDARIEDADE;SOLIDARIEDADE;2571;95;2571
6259-1-MT-6;6259;1;UF;MT;6;Deputado Federal;40;PSB;PARTIDO SOCIALISTA BRASILEIRO;1648;758;4219
6259-1-MT-6;6259;1;UF;MT;6;Deputado Federal;10;REPUBLICANOS;REPUBLICANOS;218896;6247;218896
6259-1-MT-6;6259;1;UF;MT;6;Deputado Federal;13;PT;PARTIDO DOS TRABALHADORES;179581;11304;179581
6259-1-MT-6;6259;1;UF;MT;6;Deputado Federal;65;PCDOB;PARTIDO COMUNISTA DO BRASIL;12763;237;12763
6259-1-MT-6;6259;1;UF;MT;6;Deputado Federal;43;PV;PARTIDO VERDE;31027;374;31027
6259-1-MT-6;6259;1;UF;MT;6;Deputado Federal;55;PSD;PARTIDO SOCIAL DEMOCRÁTICO;172545;3727;172545
6259-1-MT-6;6259;1;UF;MT;6;Deputado Federal;50;PSOL;PARTIDO SOCIALISMO E LIBERDADE;1743;561;1743
6259-1-MT-6;6259;1;UF;MT;6;Deputado Federal;18;REDE;REDE SUSTENTABILIDADE;859;372;859
6259-1-MT-6;6259;1;UF;MT;6;Deputado Federal;20;PODE;PODEMOS;237728;5604;237728
6259-1-MT-6;6259;1;UF;MT;6;Deputado Federal;36;AGIR;AGIR;1941;150;1941
6259-1-MT-7;6259;1;UF;MT;7;Deputado Estadual;22;PL;PARTIDO LIBERAL;251425;18818;251425
6259-1-MT-7;6259;1;UF;MT;7;Deputado Estadual;15;MDB;MOVIMENTO DEMOCRÁTICO BRASILEIRO;246062;12721;246062
6259-1-MT-7;6259;1;UF;MT;7;Deputado Estadual;23;CIDADANIA;CIDADANIA;292;697;292
6259-1-MT-7;6259;1;UF;MT;7;Deputado Estadual;45;PSDB;PARTIDO DA SOCIAL DEMOCRACIA BRASILEIRA;141334;3226;141334
6259-1-MT-7;6259;1;UF;MT;7;Deputado Estadual;36;AGIR;AGIR;2153;186;2208
6259-1-MT-7;6259;1;UF;MT;7;Deputado Estadual;55;PSD;PARTIDO SOCIAL DEMOCRÁTICO;63012;14005;63012
6259-1-MT-7;6259;1;UF;MT;7;Deputado Estadual;12;PDT;PARTIDO DEMOCRÁTICO TRABALHISTA;4665;1953;4665
6259-1-MT-7;6259;1;UF;MT;7;Deputado Estadual;65;PCDOB;PARTIDO COMUNISTA DO BRASIL;2309;258;2309
6259-1-MT-7;6259;1;UF;MT;7;Deputado Estadual;13;PT;PARTIDO DOS TRABALHADORES;162385;11352;162385
6259-1-MT-7;6259;1;UF;MT;7;Deputado Estadual;43;PV;PARTIDO VERDE;16774;895;16774
6259-1-MT-7;6259;1;UF;MT;7;Deputado Estadual;18;REDE;REDE SUSTENTABILIDADE;601;319;601
6259-1-MT-7;6259;1;UF;MT;7;Deputado Estadual;50;PSOL;PARTIDO SOCIALISMO E LIBERDADE;1111;407;1111
6259-1-MT-7;6259;1;UF;MT;7;Deputado Estadual;20;PODE;PODEMOS;462843;6260;462843
6259-1-MT-7;6259;1;UF;MT;7;Deputado Estadual;10;REPUBLICANOS;REPUBLICANOS;292636;7001;294177
6259-1-MT-7;6259;1;UF;MT;7;Deputado Estadual;30;NOVO;PARTIDO NOVO;53765;1274;53765
6259-1-MT-7;6259;1;UF;MT;7;Deputado Estadual;44;UNIÃO;UNIÃO BRASIL;120663;21387;120663
6259-1-MT-7;6259;1;UF;MT;7;Deputado Estadual;11;PP;PROGRESSISTAS;243;2798;243
6257-1-PA-1;6257;1;UF;PA;1;Presidente;22;PL;PARTIDO LIBERAL;2163957;;2163957
6257-1-PA-1;6257;1;UF;PA;1;Presidente;55;PSD;PARTIDO SOCIAL DEMOCRÁTICO;51991;;51991
6257-1-PA-1;6257;1;UF;PA;1;Presidente;13;PT;PARTIDO DOS TRABALHADORES;2427237;;2427237
6257-1-PA-1;6257;1;UF;PA;1;Presidente;16;PSTU;PARTIDO SOCIALISTA  DOS TRABALHADORES UNIFICADO;1045;;1045
6257-1-PA-1;6257;1;UF;PA;1;Presidente;21;PCB;PARTIDO COMUNISTA BRASILEIRO;674;;674
6257-1-PA-1;6257;1;UF;PA;1;Presidente;27;DC;DEMOCRACIA CRISTÃ;1293;;1293
6257-1-PA-1;6257;1;UF;PA;1;Presidente;30;NOVO;PARTIDO NOVO;3064;;3064
6257-1-PA-1;6257;1;UF;PA;1;Presidente;70;AVANTE;AVANTE;125172;;125172
6257-1-PA-1;6257;1;UF;PA;1;Presidente;35;DEMOCRATA;DEMOCRATA;442;;442
6257-1-PA-1;6257;1;UF;PA;1;Presidente;80;UP;UNIDADE POPULAR;3824;;3824
6257-1-PA-1;6257;1;UF;PA;1;Presidente;14;MISSÃO;PARTIDO MISSÃO;84165;;84165
6257-1-PA-1;6257;1;UF;PA;1;Presidente;29;PCO;PARTIDO DA CAUSA OPERÁRIA;308;;308
6259-1-PA-3;6259;1;UF;PA;3;Governador;16;PSTU;PARTIDO SOCIALISTA  DOS TRABALHADORES UNIFICADO;2676;;2676
6259-1-PA-3;6259;1;UF;PA;3;Governador;80;UP;UNIDADE POPULAR;5503;;5503
6259-1-PA-3;6259;1;UF;PA;3;Governador;50;PSOL;PARTIDO SOCIALISMO E LIBERDADE;85857;;85857
6259-1-PA-3;6259;1;UF;PA;3;Governador;15;MDB;MOVIMENTO DEMOCRÁTICO BRASILEIRO;2125084;;2125084
6259-1-PA-3;6259;1;UF;PA;3;Governador;20;PODE;PODEMOS;2345721;;2345721
6259-1-PA-3;6259;1;UF;PA;3;Governador;35;DEMOCRATA;DEMOCRATA;0;;1987
6259-1-PA-5;6259;1;UF;PA;5;Senador;22;PL;PARTIDO LIBERAL;1997768;;1997768
6259-1-PA-5;6259;1;UF;PA;5;Senador;80;UP;UNIDADE POPULAR;13359;;13359
6259-1-PA-5;6259;1;UF;PA;5;Senador;77;SOLIDARIEDADE;SOLIDARIEDADE;39864;;39864
6259-1-PA-5;6259;1;UF;PA;5;Senador;27;DC;DEMOCRACIA CRISTÃ;12547;;12547
6259-1-PA-5;6259;1;UF;PA;5;Senador;12;PDT;PARTIDO DEMOCRÁTICO TRABALHISTA;526994;;526994
6259-1-PA-5;6259;1;UF;PA;5;Senador;20;PODE;PODEMOS;1889653;;1889653
6259-1-PA-5;6259;1;UF;PA;5;Senador;33;MOBILIZA;MOBILIZAÇÃO NACIONAL;0;;7047
6259-1-PA-5;6259;1;UF;PA;5;Senador;35;DEMOCRATA;DEMOCRATA;0;;8766
6259-1-PA-5;6259;1;UF;PA;5;Senador;44;UNIÃO;UNIÃO BRASIL;2014409;;2014409
6259-1-PA-5;6259;1;UF;PA;5;Senador;15;MDB;MOVIMENTO DEMOCRÁTICO BRASILEIRO;2342070;;2342070
6259-1-PA-5;6259;1;UF;PA;5;Senador;50;PSOL;PARTIDO SOCIALISMO E LIBERDADE;120898;;120898
6259-1-PA-6;6259;1;UF;PA;6;Deputado Federal;40;PSB;PARTIDO SOCIALISTA BRASILEIRO;369500;2434;369500
6259-1-PA-6;6259;1;UF;PA;6;Deputado Federal;14;MISSÃO;PARTIDO MISSÃO;9830;1611;9830
6259-1-PA-6;6259;1;UF;PA;6;Deputado Federal;16;PSTU;PARTIDO SOCIALISTA  DOS TRABALHADORES UNIFICADO;2182;671;2182
6259-1-PA-6;6259;1;UF;PA;6;Deputado Federal;55;PSD;PARTIDO SOCIAL DEMOCRÁTICO;439569;4835;439569
6259-1-PA-6;6259;1;UF;PA;6;Deputado Federal;10;REPUBLICANOS;REPUBLICANOS;161166;2546;161166
6259-1-PA-6;6259;1;UF;PA;6;Deputado Federal;11;PP;PROGRESSISTAS;163078;8217;163078
6259-1-PA-6;6259;1;UF;PA;6;Deputado Federal;44;UNIÃO;UNIÃO BRASIL;223863;5584;223863
6259-1-PA-6;6259;1;UF;PA;6;Deputado Federal;12;PDT;PARTIDO DEMOCRÁTICO TRABALHISTA;48148;9272;48148
6259-1-PA-6;6259;1;UF;PA;6;Deputado Federal;77;SOLIDARIEDADE;SOLIDARIEDADE;30027;572;30442
6259-1-PA-6;6259;1;UF;PA;6;Deputado Federal;25;PRD;PARTIDO RENOVACAO DEMOCRATICA;2005;978;2005
6259-1-PA-6;6259;1;UF;PA;6;Deputado Federal;43;PV;PARTIDO VERDE;966;1791;966
6259-1-PA-6;6259;1;UF;PA;6;Deputado Federal;13;PT;PARTIDO DOS TRABALHADORES;445351;25345;445351
6259-1-PA-6;6259;1;UF;PA;6;Deputado Federal;65;PCDOB;PARTIDO COMUNISTA DO BRASIL;14889;567;14889
6259-1-PA-6;6259;1;UF;PA;6;Deputado Federal;20;PODE;PODEMOS;533539;8147;533539
6259-1-PA-6;6259;1;UF;PA;6;Deputado Federal;22;PL;PARTIDO LIBERAL;742381;14640;742381
6259-1-PA-6;6259;1;UF;PA;6;Deputado Federal;70;AVANTE;AVANTE;5989;1876;5989
6259-1-PA-6;6259;1;UF;PA;6;Deputado Federal;15;MDB;MOVIMENTO DEMOCRÁTICO BRASILEIRO;1353768;32120;1353768
6259-1-PA-6;6259;1;UF;PA;6;Deputado Federal;45;PSDB;PARTIDO DA SOCIAL DEMOCRACIA BRASILEIRA;403;1429;403
6259-1-PA-6;6259;1;UF;PA;6;Deputado Federal;23;CIDADANIA;CIDADANIA;1033;862;1033
6259-1-PA-6;6259;1;UF;PA;6;Deputado Federal;30;NOVO;PARTIDO NOVO;60058;556;60058
6259-1-PA-6;6259;1;UF;PA;6;Deputado Federal;50;PSOL;PARTIDO SOCIALISMO E LIBERDADE;91445;2499;91445
6259-1-PA-6;6259;1;UF;PA;6;Deputado Federal;18;REDE;REDE SUSTENTABILIDADE;1172;640;1172
6259-1-PA-6;6259;1;UF;PA;6;Deputado Federal;27;DC;DEMOCRACIA CRISTÃ;2755;117;2755
6259-1-PA-6;6259;1;UF;PA;6;Deputado Federal;33;MOBILIZA;MOBILIZAÇÃO NACIONAL;0;0;307
6259-1-PA-6;6259;1;UF;PA;6;Deputado Federal;80;UP;UNIDADE POPULAR;1686;125;1686
6259-1-PA-7;6259;1;UF;PA;7;Deputado Estadual;13;PT;PARTIDO DOS TRABALHADORES;382471;21037;382471
6259-1-PA-7;6259;1;UF;PA;7;Deputado Estadual;43;PV;PARTIDO VERDE;77990;1461;77990
6259-1-PA-7;6259;1;UF;PA;7;Deputado Estadual;65;PCDOB;PARTIDO COMUNISTA DO BRASIL;13183;701;13183
6259-1-PA-7;6259;1;UF;PA;7;Deputado Estadual;16;PSTU;PARTIDO SOCIALISTA  DOS TRABALHADORES UNIFICADO;313;755;509
6259-1-PA-7;6259;1;UF;PA;7;Deputado Estadual;22;PL;PARTIDO LIBERAL;714917;49579;714917
6259-1-PA-7;6259;1;UF;PA;7;Deputado Estadual;10;REPUBLICANOS;REPUBLICANOS;250534;5958;250534
6259-1-PA-7;6259;1;UF;PA;7;Deputado Estadual;15;MDB;MOVIMENTO DEMOCRÁTICO BRASILEIRO;1302779;121015;1302779
6259-1-PA-7;6259;1;UF;PA;7;Deputado Estadual;55;PSD;PARTIDO SOCIAL DEMOCRÁTICO;388163;10100;388163
6259-1-PA-7;6259;1;UF;PA;7;Deputado Estadual;44;UNIÃO;UNIÃO BRASIL;386794;26666;386951
6259-1-PA-7;6259;1;UF;PA;7;Deputado Estadual;11;PP;PROGRESSISTAS;134323;6348;134323
6259-1-PA-7;6259;1;UF;PA;7;Deputado Estadual;20;PODE;PODEMOS;285781;32936;285781
6259-1-PA-7;6259;1;UF;PA;7;Deputado Estadual;45;PSDB;PARTIDO DA SOCIAL DEMOCRACIA BRASILEIRA;1633;3898;1633
6259-1-PA-7;6259;1;UF;PA;7;Deputado Estadual;23;CIDADANIA;CIDADANIA;452;987;452
6259-1-PA-7;6259;1;UF;PA;7;Deputado Estadual;27;DC;DEMOCRACIA CRISTÃ;1500;295;1500
6259-1-PA-7;6259;1;UF;PA;7;Deputado Estadual;33;MOBILIZA;MOBILIZAÇÃO NACIONAL;0;0;268
6259-1-PA-7;6259;1;UF;PA;7;Deputado Estadual;70;AVANTE;AVANTE;314380;2967;314380
6259-1-PA-7;6259;1;UF;PA;7;Deputado Estadual;80;UP;UNIDADE POPULAR;1414;240;1414
6259-1-PA-7;6259;1;UF;PA;7;Deputado Estadual;30;NOVO;PARTIDO NOVO;15031;895;15031
6259-1-PA-7;6259;1;UF;PA;7;Deputado Estadual;12;PDT;PARTIDO DEMOCRÁTICO TRABALHISTA;128175;17229;128175
6259-1-PA-7;6259;1;UF;PA;7;Deputado Estadual;50;PSOL;PARTIDO SOCIALISMO E LIBERDADE;105534;4047;105534
6259-1-PA-7;6259;1;UF;PA;7;Deputado Estadual;18;REDE;REDE SUSTENTABILIDADE;3119;521;3119
6259-1-PA-7;6259;1;UF;PA;7;Deputado Estadual;77;SOLIDARIEDADE;SOLIDARIEDADE;5618;1246;5618
6259-1-PA-7;6259;1;UF;PA;7;Deputado Estadual;25;PRD;PARTIDO RENOVACAO DEMOCRATICA;889;1246;889
6257-1-PB-1;6257;1;UF;PB;1;Presidente;22;PL;PARTIDO LIBERAL;831377;;831377
6257-1-PB-1;6257;1;UF;PB;1;Presidente;55;PSD;PARTIDO SOCIAL DEMOCRÁTICO;19511;;19511
6257-1-PB-1;6257;1;UF;PB;1;Presidente;13;PT;PARTIDO DOS TRABALHADORES;1541127;;1541127
6257-1-PB-1;6257;1;UF;PB;1;Presidente;27;DC;DEMOCRACIA CRISTÃ;604;;604
6257-1-PB-1;6257;1;UF;PB;1;Presidente;21;PCB;PARTIDO COMUNISTA BRASILEIRO;347;;347
6257-1-PB-1;6257;1;UF;PB;1;Presidente;16;PSTU;PARTIDO SOCIALISTA  DOS TRABALHADORES UNIFICADO;627;;627
6257-1-PB-1;6257;1;UF;PB;1;Presidente;70;AVANTE;AVANTE;73831;;73831
6257-1-PB-1;6257;1;UF;PB;1;Presidente;30;NOVO;PARTIDO NOVO;1988;;1988
6257-1-PB-1;6257;1;UF;PB;1;Presidente;80;UP;UNIDADE POPULAR;1593;;1593
6257-1-PB-1;6257;1;UF;PB;1;Presidente;35;DEMOCRATA;DEMOCRATA;221;;221
6257-1-PB-1;6257;1;UF;PB;1;Presidente;14;MISSÃO;PARTIDO MISSÃO;42247;;42247
6257-1-PB-1;6257;1;UF;PB;1;Presidente;29;PCO;PARTIDO DA CAUSA OPERÁRIA;274;;274
6259-1-PB-3;6259;1;UF;PB;3;Governador;15;MDB;MOVIMENTO DEMOCRÁTICO BRASILEIRO;252884;;252884
6259-1-PB-3;6259;1;UF;PB;3;Governador;29;PCO;PARTIDO DA CAUSA OPERÁRIA;2378;;2378
6259-1-PB-3;6259;1;UF;PB;3;Governador;11;PP;PROGRESSISTAS;1470252;;1470252
6259-1-PB-3;6259;1;UF;PB;3;Governador;80;UP;UNIDADE POPULAR;8272;;8272
6259-1-PB-3;6259;1;UF;PB;3;Governador;22;PL;PARTIDO LIBERAL;552836;;552836
6259-1-PB-5;6259;1;UF;PB;5;Senador;40;PSB;PARTIDO SOCIALISTA BRASILEIRO;1391994;;1391994
6259-1-PB-5;6259;1;UF;PB;5;Senador;10;REPUBLICANOS;REPUBLICANOS;895398;;895398
6259-1-PB-5;6259;1;UF;PB;5;Senador;22;PL;PARTIDO LIBERAL;533723;;533723
6259-1-PB-5;6259;1;UF;PB;5;Senador;15;MDB;MOVIMENTO DEMOCRÁTICO BRASILEIRO;1095722;;1095722
6259-1-PB-5;6259;1;UF;PB;5;Senador;30;NOVO;PARTIDO NOVO;329160;;329160
6259-1-PB-5;6259;1;UF;PB;5;Senador;27;DC;DEMOCRACIA CRISTÃ;8519;;8519
6259-1-PB-5;6259;1;UF;PB;5;Senador;29;PCO;PARTIDO DA CAUSA OPERÁRIA;2676;;2676
6259-1-PB-5;6259;1;UF;PB;5;Senador;80;UP;UNIDADE POPULAR;25570;;25570
6259-1-PB-6;6259;1;UF;PB;6;Deputado Federal;10;REPUBLICANOS;REPUBLICANOS;528678;8429;528678
6259-1-PB-6;6259;1;UF;PB;6;Deputado Federal;27;DC;DEMOCRACIA CRISTÃ;458;78;3398
6259-1-PB-6;6259;1;UF;PB;6;Deputado Federal;33;MOBILIZA;MOBILIZAÇÃO NACIONAL;1368;319;1368
6259-1-PB-6;6259;1;UF;PB;6;Deputado Federal;55;PSD;PARTIDO SOCIAL DEMOCRÁTICO;210087;2413;210087
6259-1-PB-6;6259;1;UF;PB;6;Deputado Federal;29;PCO;PARTIDO DA CAUSA OPERÁRIA;144;135;144
6259-1-PB-6;6259;1;UF;PB;6;Deputado Federal;80;UP;UNIDADE POPULAR;1229;140;1229
6259-1-PB-6;6259;1;UF;PB;6;Deputado Federal;44;UNIÃO;UNIÃO BRASIL;75593;2825;75593
6259-1-PB-6;6259;1;UF;PB;6;Deputado Federal;11;PP;PROGRESSISTAS;331020;11877;331020
6259-1-PB-6;6259;1;UF;PB;6;Deputado Federal;43;PV;PARTIDO VERDE;0;1744;0
6259-1-PB-6;6259;1;UF;PB;6;Deputado Federal;13;PT;PARTIDO DOS TRABALHADORES;263120;11808;263120
6259-1-PB-6;6259;1;UF;PB;6;Deputado Federal;65;PCDOB;PARTIDO COMUNISTA DO BRASIL;100336;2024;100336
6259-1-PB-6;6259;1;UF;PB;6;Deputado Federal;14;MISSÃO;PARTIDO MISSÃO;7099;1747;7099
6259-1-PB-6;6259;1;UF;PB;6;Deputado Federal;12;PDT;PARTIDO DEMOCRÁTICO TRABALHISTA;13668;6934;14039
6259-1-PB-6;6259;1;UF;PB;6;Deputado Federal;18;REDE;REDE SUSTENTABILIDADE;3810;436;3810
6259-1-PB-6;6259;1;UF;PB;6;Deputado Federal;50;PSOL;PARTIDO SOCIALISMO E LIBERDADE;6769;646;6769
6259-1-PB-6;6259;1;UF;PB;6;Deputado Federal;20;PODE;PODEMOS;261346;2954;261346
6259-1-PB-6;6259;1;UF;PB;6;Deputado Federal;77;SOLIDARIEDADE;SOLIDARIEDADE;3212;277;3533
6259-1-PB-6;6259;1;UF;PB;6;Deputado Federal;25;PRD;PARTIDO RENOVACAO DEMOCRATICA;1789;561;1789
6259-1-PB-6;6259;1;UF;PB;6;Deputado Federal;22;PL;PARTIDO LIBERAL;383137;9094;383137
6259-1-PB-6;6259;1;UF;PB;6;Deputado Federal;35;DEMOCRATA;DEMOCRATA;1392;112;1392
6259-1-PB-6;6259;1;UF;PB;6;Deputado Federal;30;NOVO;PARTIDO NOVO;7660;407;7660
6259-1-PB-6;6259;1;UF;PB;6;Deputado Federal;40;PSB;PARTIDO SOCIALISTA BRASILEIRO;128506;4568;129085
6259-1-PB-7;6259;1;UF;PB;7;Deputado Estadual;11;PP;PROGRESSISTAS;507751;14495;507751
6259-1-PB-7;6259;1;UF;PB;7;Deputado Estadual;44;UNIÃO;UNIÃO BRASIL;109621;3966;109621
6259-1-PB-7;6259;1;UF;PB;7;Deputado Estadual;50;PSOL;PARTIDO SOCIALISMO E LIBERDADE;628;415;628
6259-1-PB-7;6259;1;UF;PB;7;Deputado Estadual;18;REDE;REDE SUSTENTABILIDADE;6234;629;6234
6259-1-PB-7;6259;1;UF;PB;7;Deputado Estadual;22;PL;PARTIDO LIBERAL;378644;14779;378644
6259-1-PB-7;6259;1;UF;PB;7;Deputado Estadual;10;REPUBLICANOS;REPUBLICANOS;480130;26419;480130
6259-1-PB-7;6259;1;UF;PB;7;Deputado Estadual;12;PDT;PARTIDO DEMOCRÁTICO TRABALHISTA;25442;4171;25452
6259-1-PB-7;6259;1;UF;PB;7;Deputado Estadual;80;UP;UNIDADE POPULAR;2453;295;2453
6259-1-PB-7;6259;1;UF;PB;7;Deputado Estadual;43;PV;PARTIDO VERDE;110590;2183;110590
6259-1-PB-7;6259;1;UF;PB;7;Deputado Estadual;13;PT;PARTIDO DOS TRABALHADORES;91765;11997;91765
6259-1-PB-7;6259;1;UF;PB;7;Deputado Estadual;65;PCDOB;PARTIDO COMUNISTA DO BRASIL;87620;2649;87620
6259-1-PB-7;6259;1;UF;PB;7;Deputado Estadual;15;MDB;MOVIMENTO DEMOCRÁTICO BRASILEIRO;271614;28227;294517
6259-1-PB-7;6259;1;UF;PB;7;Deputado Estadual;40;PSB;PARTIDO SOCIALISTA BRASILEIRO;177497;39174;177637
6257-1-PE-1;6257;1;UF;PE;1;Presidente;22;PL;PARTIDO LIBERAL;1738043;;1738043
6257-1-PE-1;6257;1;UF;PE;1;Presidente;55;PSD;PARTIDO SOCIAL DEMOCRÁTICO;73176;;73176
6257-1-PE-1;6257;1;UF;PE;1;Presidente;13;PT;PARTIDO DOS TRABALHADORES;3553971;;3553971
6257-1-PE-1;6257;1;UF;PE;1;Presidente;16;PSTU;PARTIDO SOCIALISTA  DOS TRABALHADORES UNIFICADO;1114;;1114
6257-1-PE-1;6257;1;UF;PE;1;Presidente;21;PCB;PARTIDO COMUNISTA BRASILEIRO;705;;705
6257-1-PE-1;6257;1;UF;PE;1;Presidente;27;DC;DEMOCRACIA CRISTÃ;869;;869
6257-1-PE-1;6257;1;UF;PE;1;Presidente;30;NOVO;PARTIDO NOVO;6060;;6060
6257-1-PE-1;6257;1;UF;PE;1;Presidente;70;AVANTE;AVANTE;137960;;137960
6257-1-PE-1;6257;1;UF;PE;1;Presidente;35;DEMOCRATA;DEMOCRATA;457;;457
6257-1-PE-1;6257;1;UF;PE;1;Presidente;80;UP;UNIDADE POPULAR;2387;;2387
6257-1-PE-1;6257;1;UF;PE;1;Presidente;14;MISSÃO;PARTIDO MISSÃO;85865;;85865
6257-1-PE-1;6257;1;UF;PE;1;Presidente;29;PCO;PARTIDO DA CAUSA OPERÁRIA;410;;410
6259-1-PE-3;6259;1;UF;PE;3;Governador;55;PSD;PARTIDO SOCIAL DEMOCRÁTICO;2805438;;2805438
6259-1-PE-3;6259;1;UF;PE;3;Governador;50;PSOL;PARTIDO SOCIALISMO E LIBERDADE;77699;;77699
6259-1-PE-3;6259;1;UF;PE;3;Governador;16;PSTU;PARTIDO SOCIALISTA  DOS TRABALHADORES UNIFICADO;987;;987
6259-1-PE-3;6259;1;UF;PE;3;Governador;29;PCO;PARTIDO DA CAUSA OPERÁRIA;424;;424
6259-1-PE-3;6259;1;UF;PE;3;Governador;80;UP;UNIDADE POPULAR;3495;;3495
6259-1-PE-3;6259;1;UF;PE;3;Governador;14;MISSÃO;PARTIDO MISSÃO;18340;;18340
6259-1-PE-3;6259;1;UF;PE;3;Governador;40;PSB;PARTIDO SOCIALISTA BRASILEIRO;2360469;;2360469
6259-1-PE-5;6259;1;UF;PE;5;Senador;80;UP;UNIDADE POPULAR;10689;;10689
6259-1-PE-5;6259;1;UF;PE;5;Senador;30;NOVO;PARTIDO NOVO;698316;;698316
6259-1-PE-5;6259;1;UF;PE;5;Senador;16;PSTU;PARTIDO SOCIALISTA  DOS TRABALHADORES UNIFICADO;2417;;2417
6259-1-PE-5;6259;1;UF;PE;5;Senador;11;PP;PROGRESSISTAS;1289058;;1289058
6259-1-PE-5;6259;1;UF;PE;5;Senador;55;PSD;PARTIDO SOCIAL DEMOCRÁTICO;671975;;671975
6259-1-PE-5;6259;1;UF;PE;5;Senador;35;DEMOCRATA;DEMOCRATA;0;;18179
6259-1-PE-5;6259;1;UF;PE;5;Senador;12;PDT;PARTIDO DEMOCRÁTICO TRABALHISTA;2325127;;2325127
6259-1-PE-5;6259;1;UF;PE;5;Senador;13;PT;PARTIDO DOS TRABALHADORES;2531389;;2531389
6259-1-PE-5;6259;1;UF;PE;5;Senador;18;REDE;REDE SUSTENTABILIDADE;34062;;34062
6259-1-PE-5;6259;1;UF;PE;5;Senador;22;PL;PARTIDO LIBERAL;1728587;;1728587
6259-1-PE-5;6259;1;UF;PE;5;Senador;29;PCO;PARTIDO DA CAUSA OPERÁRIA;1158;;1158
6259-1-PE-6;6259;1;UF;PE;6;Deputado Federal;11;PP;PROGRESSISTAS;415304;11202;415304
6259-1-PE-6;6259;1;UF;PE;6;Deputado Federal;44;UNIÃO;UNIÃO BRASIL;433253;5714;433253
6259-1-PE-6;6259;1;UF;PE;6;Deputado Federal;40;PSB;PARTIDO SOCIALISTA BRASILEIRO;840706;15840;841478
6259-1-PE-6;6259;1;UF;PE;6;Deputado Federal;80;UP;UNIDADE POPULAR;782;207;782
6259-1-PE-6;6259;1;UF;PE;6;Deputado Federal;45;PSDB;PARTIDO DA SOCIAL DEMOCRACIA BRASILEIRA;62553;2017;62795
6259-1-PE-6;6259;1;UF;PE;6;Deputado Federal;23;CIDADANIA;CIDADANIA;515;1290;515
6259-1-PE-6;6259;1;UF;PE;6;Deputado Federal;29;PCO;PARTIDO DA CAUSA OPERÁRIA;63;270;173
6259-1-PE-6;6259;1;UF;PE;6;Deputado Federal;55;PSD;PARTIDO SOCIAL DEMOCRÁTICO;433230;16838;433230
6259-1-PE-6;6259;1;UF;PE;6;Deputado Federal;14;MISSÃO;PARTIDO MISSÃO;24445;2500;24445
6259-1-PE-6;6259;1;UF;PE;6;Deputado Federal;10;REPUBLICANOS;REPUBLICANOS;420732;5228;420732
6259-1-PE-6;6259;1;UF;PE;6;Deputado Federal;30;NOVO;PARTIDO NOVO;200742;2285;200742
6259-1-PE-6;6259;1;UF;PE;6;Deputado Federal;70;AVANTE;AVANTE;189467;1995;189467
6259-1-PE-6;6259;1;UF;PE;6;Deputado Federal;12;PDT;PARTIDO DEMOCRÁTICO TRABALHISTA;15132;19485;15132
6259-1-PE-6;6259;1;UF;PE;6;Deputado Federal;15;MDB;MOVIMENTO DEMOCRÁTICO BRASILEIRO;191557;3921;191557
6259-1-PE-6;6259;1;UF;PE;6;Deputado Federal;50;PSOL;PARTIDO SOCIALISMO E LIBERDADE;258495;2600;258495
6259-1-PE-6;6259;1;UF;PE;6;Deputado Federal;18;REDE;REDE SUSTENTABILIDADE;3061;583;3061
6259-1-PE-6;6259;1;UF;PE;6;Deputado Federal;13;PT;PARTIDO DOS TRABALHADORES;470408;41963;470408
6259-1-PE-6;6259;1;UF;PE;6;Deputado Federal;65;PCDOB;PARTIDO COMUNISTA DO BRASIL;96213;2355;96213
6259-1-PE-6;6259;1;UF;PE;6;Deputado Federal;43;PV;PARTIDO VERDE;100450;5664;100450
6259-1-PE-6;6259;1;UF;PE;6;Deputado Federal;20;PODE;PODEMOS;548751;5049;548751
6259-1-PE-6;6259;1;UF;PE;6;Deputado Federal;22;PL;PARTIDO LIBERAL;358582;14597;358582
6259-1-PE-6;6259;1;UF;PE;6;Deputado Federal;77;SOLIDARIEDADE;SOLIDARIEDADE;18136;617;18136
6259-1-PE-6;6259;1;UF;PE;6;Deputado Federal;25;PRD;PARTIDO RENOVACAO DEMOCRATICA;17534;1120;17534
6259-1-PE-6;6259;1;UF;PE;6;Deputado Federal;27;DC;DEMOCRACIA CRISTÃ;955;97;955
6259-1-PE-7;6259;1;UF;PE;7;Deputado Estadual;29;PCO;PARTIDO DA CAUSA OPERÁRIA;59;183;251
6259-1-PE-7;6259;1;UF;PE;7;Deputado Estadual;12;PDT;PARTIDO DEMOCRÁTICO TRABALHISTA;6747;53985;6747
6259-1-PE-7;6259;1;UF;PE;7;Deputado Estadual;44;UNIÃO;UNIÃO BRASIL;105885;7969;105885
6259-1-PE-7;6259;1;UF;PE;7;Deputado Estadual;11;PP;PROGRESSISTAS;632181;33742;632181
6259-1-PE-7;6259;1;UF;PE;7;Deputado Estadual;20;PODE;PODEMOS;572093;11369;572093
6259-1-PE-7;6259;1;UF;PE;7;Deputado Estadual;80;UP;UNIDADE POPULAR;751;383;751
6259-1-PE-7;6259;1;UF;PE;7;Deputado Estadual;30;NOVO;PARTIDO NOVO;114386;4695;116909
6259-1-PE-7;6259;1;UF;PE;7;Deputado Estadual;43;PV;PARTIDO VERDE;249260;5879;249260
6259-1-PE-7;6259;1;UF;PE;7;Deputado Estadual;13;PT;PARTIDO DOS TRABALHADORES;480281;100983;480281
6259-1-PE-7;6259;1;UF;PE;7;Deputado Estadual;65;PCDOB;PARTIDO COMUNISTA DO BRASIL;74310;2906;74310
6259-1-PE-7;6259;1;UF;PE;7;Deputado Estadual;16;PSTU;PARTIDO SOCIALISTA  DOS TRABALHADORES UNIFICADO;394;543;394
6259-1-PE-7;6259;1;UF;PE;7;Deputado Estadual;18;REDE;REDE SUSTENTABILIDADE;5057;648;5057
6259-1-PE-7;6259;1;UF;PE;7;Deputado Estadual;50;PSOL;PARTIDO SOCIALISMO E LIBERDADE;65135;3613;65135
6259-1-PE-7;6259;1;UF;PE;7;Deputado Estadual;33;MOBILIZA;MOBILIZAÇÃO NACIONAL;0;0;5933
6259-1-PE-7;6259;1;UF;PE;7;Deputado Estadual;70;AVANTE;AVANTE;145179;4399;145179
6259-1-PE-7;6259;1;UF;PE;7;Deputado Estadual;10;REPUBLICANOS;REPUBLICANOS;157124;9309;157124
6259-1-PE-7;6259;1;UF;PE;7;Deputado Estadual;14;MISSÃO;PARTIDO MISSÃO;19367;3945;19367
6259-1-PE-7;6259;1;UF;PE;7;Deputado Estadual;25;PRD;PARTIDO RENOVACAO DEMOCRATICA;897;1741;897
6259-1-PE-7;6259;1;UF;PE;7;Deputado Estadual;77;SOLIDARIEDADE;SOLIDARIEDADE;1805;1796;1805
6259-1-PE-7;6259;1;UF;PE;7;Deputado Estadual;55;PSD;PARTIDO SOCIAL DEMOCRÁTICO;882270;34067;882270
6259-1-PE-7;6259;1;UF;PE;7;Deputado Estadual;22;PL;PARTIDO LIBERAL;345272;35583;345272
6259-1-PE-7;6259;1;UF;PE;7;Deputado Estadual;40;PSB;PARTIDO SOCIALISTA BRASILEIRO;833867;35588;833867
6259-1-PE-7;6259;1;UF;PE;7;Deputado Estadual;15;MDB;MOVIMENTO DEMOCRÁTICO BRASILEIRO;195628;7019;195628
6257-1-PI-1;6257;1;UF;PI;1;Presidente;22;PL;PARTIDO LIBERAL;517028;;517028
6257-1-PI-1;6257;1;UF;PI;1;Presidente;55;PSD;PARTIDO SOCIAL DEMOCRÁTICO;21629;;21629
6257-1-PI-1;6257;1;UF;PI;1;Presidente;13;PT;PARTIDO DOS TRABALHADORES;1523710;;1523710
6257-1-PI-1;6257;1;UF;PI;1;Presidente;16;PSTU;PARTIDO SOCIALISTA  DOS TRABALHADORES UNIFICADO;443;;443
6257-1-PI-1;6257;1;UF;PI;1;Presidente;21;PCB;PARTIDO COMUNISTA BRASILEIRO;319;;319
6257-1-PI-1;6257;1;UF;PI;1;Presidente;27;DC;DEMOCRACIA CRISTÃ;504;;504
6257-1-PI-1;6257;1;UF;PI;1;Presidente;30;NOVO;PARTIDO NOVO;1357;;1357
6257-1-PI-1;6257;1;UF;PI;1;Presidente;70;AVANTE;AVANTE;47692;;47692
6257-1-PI-1;6257;1;UF;PI;1;Presidente;35;DEMOCRATA;DEMOCRATA;193;;193
6257-1-PI-1;6257;1;UF;PI;1;Presidente;80;UP;UNIDADE POPULAR;1099;;1099
6257-1-PI-1;6257;1;UF;PI;1;Presidente;14;MISSÃO;PARTIDO MISSÃO;32274;;32274
6257-1-PI-1;6257;1;UF;PI;1;Presidente;29;PCO;PARTIDO DA CAUSA OPERÁRIA;146;;146
6259-1-PI-3;6259;1;UF;PI;3;Governador;30;NOVO;PARTIDO NOVO;5141;;5141
6259-1-PI-3;6259;1;UF;PI;3;Governador;27;DC;DEMOCRACIA CRISTÃ;0;;1102
6259-1-PI-3;6259;1;UF;PI;3;Governador;35;DEMOCRATA;DEMOCRATA;0;;819
6259-1-PI-3;6259;1;UF;PI;3;Governador;45;PSDB;PARTIDO DA SOCIAL DEMOCRACIA BRASILEIRA;9611;;9611
6259-1-PI-3;6259;1;UF;PI;3;Governador;50;PSOL;PARTIDO SOCIALISMO E LIBERDADE;10002;;10002
6259-1-PI-3;6259;1;UF;PI;3;Governador;80;UP;UNIDADE POPULAR;1777;;1777
6259-1-PI-3;6259;1;UF;PI;3;Governador;16;PSTU;PARTIDO SOCIALISTA  DOS TRABALHADORES UNIFICADO;0;;1858
6259-1-PI-3;6259;1;UF;PI;3;Governador;11;PP;PROGRESSISTAS;557972;;557972
6259-1-PI-3;6259;1;UF;PI;3;Governador;13;PT;PARTIDO DOS TRABALHADORES;1436697;;1436697
6259-1-PI-3;6259;1;UF;PI;3;Governador;29;PCO;PARTIDO DA CAUSA OPERÁRIA;0;;1296
6259-1-PI-5;6259;1;UF;PI;5;Senador;80;UP;UNIDADE POPULAR;5909;;5909
6259-1-PI-5;6259;1;UF;PI;5;Senador;27;DC;DEMOCRACIA CRISTÃ;0;;14111
6259-1-PI-5;6259;1;UF;PI;5;Senador;16;PSTU;PARTIDO SOCIALISTA  DOS TRABALHADORES UNIFICADO;0;;2790
6259-1-PI-5;6259;1;UF;PI;5;Senador;30;NOVO;PARTIDO NOVO;38544;;38544
6259-1-PI-5;6259;1;UF;PI;5;Senador;70;AVANTE;AVANTE;22408;;22408
6259-1-PI-5;6259;1;UF;PI;5;Senador;35;DEMOCRATA;DEMOCRATA;0;;7989
6259-1-PI-5;6259;1;UF;PI;5;Senador;50;PSOL;PARTIDO SOCIALISMO E LIBERDADE;38444;;38444
6259-1-PI-5;6259;1;UF;PI;5;Senador;55;PSD;PARTIDO SOCIAL DEMOCRÁTICO;989146;;989146
6259-1-PI-5;6259;1;UF;PI;5;Senador;15;MDB;MOVIMENTO DEMOCRÁTICO BRASILEIRO;1307833;;1307833
6259-1-PI-5;6259;1;UF;PI;5;Senador;11;PP;PROGRESSISTAS;904961;;904961
6259-1-PI-5;6259;1;UF;PI;5;Senador;22;PL;PARTIDO LIBERAL;324530;;324530
6259-1-PI-5;6259;1;UF;PI;5;Senador;45;PSDB;PARTIDO DA SOCIAL DEMOCRACIA BRASILEIRA;9174;;9174
6259-1-PI-5;6259;1;UF;PI;5;Senador;29;PCO;PARTIDO DA CAUSA OPERÁRIA;0;;634
6259-1-PI-6;6259;1;UF;PI;6;Deputado Federal;12;PDT;PARTIDO DEMOCRÁTICO TRABALHISTA;6590;10543;6590
6259-1-PI-6;6259;1;UF;PI;6;Deputado Federal;15;MDB;MOVIMENTO DEMOCRÁTICO BRASILEIRO;350765;9477;350765
6259-1-PI-6;6259;1;UF;PI;6;Deputado Federal;33;MOBILIZA;MOBILIZAÇÃO NACIONAL;0;0;1327
6259-1-PI-6;6259;1;UF;PI;6;Deputado Federal;70;AVANTE;AVANTE;1162;192;1422
6259-1-PI-6;6259;1;UF;PI;6;Deputado Federal;80;UP;UNIDADE POPULAR;684;62;684
6259-1-PI-6;6259;1;UF;PI;6;Deputado Federal;10;REPUBLICANOS;REPUBLICANOS;203871;1786;203871
6259-1-PI-6;6259;1;UF;PI;6;Deputado Federal;22;PL;PARTIDO LIBERAL;41895;3000;42891
6259-1-PI-6;6259;1;UF;PI;6;Deputado Federal;55;PSD;PARTIDO SOCIAL DEMOCRÁTICO;349099;8779;349099
6259-1-PI-6;6259;1;UF;PI;6;Deputado Federal;43;PV;PARTIDO VERDE;191176;4101;191176
6259-1-PI-6;6259;1;UF;PI;6;Deputado Federal;65;PCDOB;PARTIDO COMUNISTA DO BRASIL;0;1232;0
6259-1-PI-6;6259;1;UF;PI;6;Deputado Federal;13;PT;PARTIDO DOS TRABALHADORES;562871;28069;562871
6259-1-PI-6;6259;1;UF;PI;6;Deputado Federal;18;REDE;REDE SUSTENTABILIDADE;426;307;426
6259-1-PI-6;6259;1;UF;PI;6;Deputado Federal;50;PSOL;PARTIDO SOCIALISMO E LIBERDADE;6129;669;6129
6259-1-PI-6;6259;1;UF;PI;6;Deputado Federal;20;PODE;PODEMOS;1585;121;2069
6259-1-PI-6;6259;1;UF;PI;6;Deputado Federal;45;PSDB;PARTIDO DA SOCIAL DEMOCRACIA BRASILEIRA;2020;874;2126
6259-1-PI-6;6259;1;UF;PI;6;Deputado Federal;23;CIDADANIA;CIDADANIA;695;501;695
6259-1-PI-6;6259;1;UF;PI;6;Deputado Federal;35;DEMOCRATA;DEMOCRATA;0;0;1349
6259-1-PI-6;6259;1;UF;PI;6;Deputado Federal;44;UNIÃO;UNIÃO BRASIL;58470;945;58470
6259-1-PI-6;6259;1;UF;PI;6;Deputado Federal;11;PP;PROGRESSISTAS;243980;10565;243980
6259-1-PI-6;6259;1;UF;PI;6;Deputado Federal;14;MISSÃO;PARTIDO MISSÃO;3535;1060;3535
6259-1-PI-6;6259;1;UF;PI;6;Deputado Federal;27;DC;DEMOCRACIA CRISTÃ;0;0;364
6259-1-PI-6;6259;1;UF;PI;6;Deputado Federal;30;NOVO;PARTIDO NOVO;1671;156;1671
6259-1-PI-6;6259;1;UF;PI;6;Deputado Federal;29;PCO;PARTIDO DA CAUSA OPERÁRIA;0;0;109
6259-1-PI-7;6259;1;UF;PI;7;Deputado Estadual;15;MDB;MOVIMENTO DEMOCRÁTICO BRASILEIRO;530830;52106;530830
6259-1-PI-7;6259;1;UF;PI;7;Deputado Estadual;43;PV;PARTIDO VERDE;80446;3479;80446
6259-1-PI-7;6259;1;UF;PI;7;Deputado Estadual;65;PCDOB;PARTIDO COMUNISTA DO BRASIL;44541;908;44541
6259-1-PI-7;6259;1;UF;PI;7;Deputado Estadual;13;PT;PARTIDO DOS TRABALHADORES;775444;32669;775444
6259-1-PI-7;6259;1;UF;PI;7;Deputado Estadual;22;PL;PARTIDO LIBERAL;26263;5439;26968
6259-1-PI-7;6259;1;UF;PI;7;Deputado Estadual;55;PSD;PARTIDO SOCIAL DEMOCRÁTICO;304265;31093;304265
6259-1-PI-7;6259;1;UF;PI;7;Deputado Estadual;70;AVANTE;AVANTE;3557;302;3586
6259-1-PI-7;6259;1;UF;PI;7;Deputado Estadual;18;REDE;REDE SUSTENTABILIDADE;0;410;0
6259-1-PI-7;6259;1;UF;PI;7;Deputado Estadual;50;PSOL;PARTIDO SOCIALISMO E LIBERDADE;1596;758;1596
6259-1-PI-7;6259;1;UF;PI;7;Deputado Estadual;23;CIDADANIA;CIDADANIA;0;443;0
6259-1-PI-7;6259;1;UF;PI;7;Deputado Estadual;45;PSDB;PARTIDO DA SOCIAL DEMOCRACIA BRASILEIRA;3080;3133;3173
6259-1-PI-7;6259;1;UF;PI;7;Deputado Estadual;11;PP;PROGRESSISTAS;171698;28804;171698
6259-1-PI-7;6259;1;UF;PI;7;Deputado Estadual;44;UNIÃO;UNIÃO BRASIL;1906;1420;1906
6257-1-PR-1;6257;1;UF;PR;1;Presidente;22;PL;PARTIDO LIBERAL;3945345;;3945345
6257-1-PR-1;6257;1;UF;PR;1;Presidente;55;PSD;PARTIDO SOCIAL DEMOCRÁTICO;171294;;171294
6257-1-PR-1;6257;1;UF;PR;1;Presidente;13;PT;PARTIDO DOS TRABALHADORES;2054597;;2054597
6257-1-PR-1;6257;1;UF;PR;1;Presidente;27;DC;DEMOCRACIA CRISTÃ;2445;;2445
6257-1-PR-1;6257;1;UF;PR;1;Presidente;21;PCB;PARTIDO COMUNISTA BRASILEIRO;1195;;1195
6257-1-PR-1;6257;1;UF;PR;1;Presidente;16;PSTU;PARTIDO SOCIALISTA  DOS TRABALHADORES UNIFICADO;2056;;2056
6257-1-PR-1;6257;1;UF;PR;1;Presidente;70;AVANTE;AVANTE;205095;;205095
6257-1-PR-1;6257;1;UF;PR;1;Presidente;30;NOVO;PARTIDO NOVO;17172;;17172
6257-1-PR-1;6257;1;UF;PR;1;Presidente;80;UP;UNIDADE POPULAR;6731;;6731
6257-1-PR-1;6257;1;UF;PR;1;Presidente;35;DEMOCRATA;DEMOCRATA;962;;962
6257-1-PR-1;6257;1;UF;PR;1;Presidente;14;MISSÃO;PARTIDO MISSÃO;177434;;177434
6257-1-PR-1;6257;1;UF;PR;1;Presidente;29;PCO;PARTIDO DA CAUSA OPERÁRIA;917;;917
6259-1-PR-3;6259;1;UF;PR;3;Governador;55;PSD;PARTIDO SOCIAL DEMOCRÁTICO;1583764;;1583764
6259-1-PR-3;6259;1;UF;PR;3;Governador;29;PCO;PARTIDO DA CAUSA OPERÁRIA;0;;1525
6259-1-PR-3;6259;1;UF;PR;3;Governador;12;PDT;PARTIDO DEMOCRÁTICO TRABALHISTA;1465601;;1465601
6259-1-PR-3;6259;1;UF;PR;3;Governador;14;MISSÃO;PARTIDO MISSÃO;44581;;44581
6259-1-PR-3;6259;1;UF;PR;3;Governador;22;PL;PARTIDO LIBERAL;3127911;;3127911
6259-1-PR-3;6259;1;UF;PR;3;Governador;33;MOBILIZA;MOBILIZAÇÃO NACIONAL;4144;;4144
6259-1-PR-3;6259;1;UF;PR;3;Governador;80;UP;UNIDADE POPULAR;14193;;14193
6259-1-PR-3;6259;1;UF;PR;3;Governador;16;PSTU;PARTIDO SOCIALISTA  DOS TRABALHADORES UNIFICADO;2080;;2080
6259-1-PR-5;6259;1;UF;PR;5;Senador;29;PCO;PARTIDO DA CAUSA OPERÁRIA;0;;9194
6259-1-PR-5;6259;1;UF;PR;5;Senador;55;PSD;PARTIDO SOCIAL DEMOCRÁTICO;737893;;737893
6259-1-PR-5;6259;1;UF;PR;5;Senador;10;REPUBLICANOS;REPUBLICANOS;1947135;;1947135
6259-1-PR-5;6259;1;UF;PR;5;Senador;14;MISSÃO;PARTIDO MISSÃO;93198;;93198
6259-1-PR-5;6259;1;UF;PR;5;Senador;80;UP;UNIDADE POPULAR;15457;;15457
6259-1-PR-5;6259;1;UF;PR;5;Senador;13;PT;PARTIDO DOS TRABALHADORES;2696779;;2696779
6259-1-PR-5;6259;1;UF;PR;5;Senador;30;NOVO;PARTIDO NOVO;2904594;;2904594
6259-1-PR-5;6259;1;UF;PR;5;Senador;22;PL;PARTIDO LIBERAL;3148583;;3148583
6259-1-PR-6;6259;1;UF;PR;6;Deputado Federal;20;PODE;PODEMOS;342448;2519;342448
6259-1-PR-6;6259;1;UF;PR;6;Deputado Federal;40;PSB;PARTIDO SOCIALISTA BRASILEIRO;125719;817;125719
6259-1-PR-6;6259;1;UF;PR;6;Deputado Federal;80;UP;UNIDADE POPULAR;2126;291;2126
6259-1-PR-6;6259;1;UF;PR;6;Deputado Federal;35;DEMOCRATA;DEMOCRATA;1073;475;1173
6259-1-PR-6;6259;1;UF;PR;6;Deputado Federal;12;PDT;PARTIDO DEMOCRÁTICO TRABALHISTA;130784;11150;130967
6259-1-PR-6;6259;1;UF;PR;6;Deputado Federal;14;MISSÃO;PARTIDO MISSÃO;70644;4940;70644
6259-1-PR-6;6259;1;UF;PR;6;Deputado Federal;50;PSOL;PARTIDO SOCIALISMO E LIBERDADE;8359;4730;8359
6259-1-PR-6;6259;1;UF;PR;6;Deputado Federal;18;REDE;REDE SUSTENTABILIDADE;1796;532;1796
6259-1-PR-6;6259;1;UF;PR;6;Deputado Federal;25;PRD;PARTIDO RENOVACAO DEMOCRATICA;3399;1487;16911
6259-1-PR-6;6259;1;UF;PR;6;Deputado Federal;77;SOLIDARIEDADE;SOLIDARIEDADE;12704;489;12704
6259-1-PR-6;6259;1;UF;PR;6;Deputado Federal;29;PCO;PARTIDO DA CAUSA OPERÁRIA;0;0;204
6259-1-PR-6;6259;1;UF;PR;6;Deputado Federal;22;PL;PARTIDO LIBERAL;893395;44018;893395
6259-1-PR-6;6259;1;UF;PR;6;Deputado Federal;10;REPUBLICANOS;REPUBLICANOS;362546;7482;371182
6259-1-PR-6;6259;1;UF;PR;6;Deputado Federal;13;PT;PARTIDO DOS TRABALHADORES;882094;52468;882094
6259-1-PR-6;6259;1;UF;PR;6;Deputado Federal;65;PCDOB;PARTIDO COMUNISTA DO BRASIL;3259;531;3259
6259-1-PR-6;6259;1;UF;PR;6;Deputado Federal;43;PV;PARTIDO VERDE;125383;1647;125383
6259-1-PR-6;6259;1;UF;PR;6;Deputado Federal;30;NOVO;PARTIDO NOVO;927737;13394;927737
6259-1-PR-6;6259;1;UF;PR;6;Deputado Federal;11;PP;PROGRESSISTAS;592820;8166;592820
6259-1-PR-6;6259;1;UF;PR;6;Deputado Federal;44;UNIÃO;UNIÃO BRASIL;469007;4341;469007
6259-1-PR-6;6259;1;UF;PR;6;Deputado Federal;15;MDB;MOVIMENTO DEMOCRÁTICO BRASILEIRO;240502;4138;240765
6259-1-PR-6;6259;1;UF;PR;6;Deputado Federal;23;CIDADANIA;CIDADANIA;13910;1388;13910
6259-1-PR-6;6259;1;UF;PR;6;Deputado Federal;45;PSDB;PARTIDO DA SOCIAL DEMOCRACIA BRASILEIRA;116040;2347;120280
6259-1-PR-6;6259;1;UF;PR;6;Deputado Federal;55;PSD;PARTIDO SOCIAL DEMOCRÁTICO;708533;15601;713537
6259-1-PR-7;6259;1;UF;PR;7;Deputado Estadual;33;MOBILIZA;MOBILIZAÇÃO NACIONAL;4629;1356;4768
6259-1-PR-7;6259;1;UF;PR;7;Deputado Estadual;70;AVANTE;AVANTE;83925;1452;84014
6259-1-PR-7;6259;1;UF;PR;7;Deputado Estadual;65;PCDOB;PARTIDO COMUNISTA DO BRASIL;10125;897;10125
6259-1-PR-7;6259;1;UF;PR;7;Deputado Estadual;43;PV;PARTIDO VERDE;36004;2355;36004
6259-1-PR-7;6259;1;UF;PR;7;Deputado Estadual;13;PT;PARTIDO DOS TRABALHADORES;677328;108029;677328
6259-1-PR-7;6259;1;UF;PR;7;Deputado Estadual;16;PSTU;PARTIDO SOCIALISTA  DOS TRABALHADORES UNIFICADO;448;376;448
6259-1-PR-7;6259;1;UF;PR;7;Deputado Estadual;30;NOVO;PARTIDO NOVO;371998;35192;371998
6259-1-PR-7;6259;1;UF;PR;7;Deputado Estadual;80;UP;UNIDADE POPULAR;2261;391;2261
6259-1-PR-7;6259;1;UF;PR;7;Deputado Estadual;10;REPUBLICANOS;REPUBLICANOS;302928;48928;302928
6259-1-PR-7;6259;1;UF;PR;7;Deputado Estadual;44;UNIÃO;UNIÃO BRASIL;99234;6278;99596
6259-1-PR-7;6259;1;UF;PR;7;Deputado Estadual;11;PP;PROGRESSISTAS;503019;13401;503019
6259-1-PR-7;6259;1;UF;PR;7;Deputado Estadual;20;PODE;PODEMOS;331985;6660;332118
6259-1-PR-7;6259;1;UF;PR;7;Deputado Estadual;35;DEMOCRATA;DEMOCRATA;4150;922;4150
6259-1-PR-7;6259;1;UF;PR;7;Deputado Estadual;14;MISSÃO;PARTIDO MISSÃO;87404;7165;87404
6259-1-PR-7;6259;1;UF;PR;7;Deputado Estadual;15;MDB;MOVIMENTO DEMOCRÁTICO BRASILEIRO;260100;8403;260100
6259-1-PR-7;6259;1;UF;PR;7;Deputado Estadual;18;REDE;REDE SUSTENTABILIDADE;8595;940;8595
6259-1-PR-7;6259;1;UF;PR;7;Deputado Estadual;50;PSOL;PARTIDO SOCIALISMO E LIBERDADE;72292;2819;72763
6259-1-PR-7;6259;1;UF;PR;7;Deputado Estadual;22;PL;PARTIDO LIBERAL;1362183;81087;1376673
6259-1-PR-7;6259;1;UF;PR;7;Deputado Estadual;12;PDT;PARTIDO DEMOCRÁTICO TRABALHISTA;127023;16023;127576
6259-1-PR-7;6259;1;UF;PR;7;Deputado Estadual;25;PRD;PARTIDO RENOVACAO DEMOCRATICA;1592;2334;1592
6259-1-PR-7;6259;1;UF;PR;7;Deputado Estadual;77;SOLIDARIEDADE;SOLIDARIEDADE;12696;707;12696
6259-1-PR-7;6259;1;UF;PR;7;Deputado Estadual;55;PSD;PARTIDO SOCIAL DEMOCRÁTICO;1393330;32424;1393330
6259-1-PR-7;6259;1;UF;PR;7;Deputado Estadual;45;PSDB;PARTIDO DA SOCIAL DEMOCRACIA BRASILEIRA;38821;5645;39506
6259-1-PR-7;6259;1;UF;PR;7;Deputado Estadual;23;CIDADANIA;CIDADANIA;2484;1923;2484
6259-1-PR-7;6259;1;UF;PR;7;Deputado Estadual;29;PCO;PARTIDO DA CAUSA OPERÁRIA;0;0;214
6257-1-RJ-1;6257;1;UF;RJ;1;Presidente;22;PL;PARTIDO LIBERAL;4966844;;4966844
6257-1-RJ-1;6257;1;UF;RJ;1;Presidente;55;PSD;PARTIDO SOCIAL DEMOCRÁTICO;199844;;199844
6257-1-RJ-1;6257;1;UF;RJ;1;Presidente;13;PT;PARTIDO DOS TRABALHADORES;3693021;;3693021
6257-1-RJ-1;6257;1;UF;RJ;1;Presidente;16;PSTU;PARTIDO SOCIALISTA  DOS TRABALHADORES UNIFICADO;3999;;3999
6257-1-RJ-1;6257;1;UF;RJ;1;Presidente;21;PCB;PARTIDO COMUNISTA BRASILEIRO;2854;;2854
6257-1-RJ-1;6257;1;UF;RJ;1;Presidente;27;DC;DEMOCRACIA CRISTÃ;4082;;4082
6257-1-RJ-1;6257;1;UF;RJ;1;Presidente;30;NOVO;PARTIDO NOVO;21907;;21907
6257-1-RJ-1;6257;1;UF;RJ;1;Presidente;70;AVANTE;AVANTE;247397;;247397
6257-1-RJ-1;6257;1;UF;RJ;1;Presidente;35;DEMOCRATA;DEMOCRATA;1930;;1930
6257-1-RJ-1;6257;1;UF;RJ;1;Presidente;80;UP;UNIDADE POPULAR;14186;;14186
6257-1-RJ-1;6257;1;UF;RJ;1;Presidente;14;MISSÃO;PARTIDO MISSÃO;211843;;211843
6257-1-RJ-1;6257;1;UF;RJ;1;Presidente;29;PCO;PARTIDO DA CAUSA OPERÁRIA;1793;;1793
6259-1-RJ-3;6259;1;UF;RJ;3;Governador;22;PL;PARTIDO LIBERAL;4271199;;4271199
6259-1-RJ-3;6259;1;UF;RJ;3;Governador;30;NOVO;PARTIDO NOVO;45359;;45359
6259-1-RJ-3;6259;1;UF;RJ;3;Governador;29;PCO;PARTIDO DA CAUSA OPERÁRIA;2777;;2777
6259-1-RJ-3;6259;1;UF;RJ;3;Governador;55;PSD;PARTIDO SOCIAL DEMOCRÁTICO;3706984;;3706984
6259-1-RJ-3;6259;1;UF;RJ;3;Governador;80;UP;UNIDADE POPULAR;33430;;33430
6259-1-RJ-3;6259;1;UF;RJ;3;Governador;50;PSOL;PARTIDO SOCIALISMO E LIBERDADE;235347;;235347
6259-1-RJ-3;6259;1;UF;RJ;3;Governador;10;REPUBLICANOS;REPUBLICANOS;0;;274411
6259-1-RJ-3;6259;1;UF;RJ;3;Governador;14;MISSÃO;PARTIDO MISSÃO;84889;;84889
6259-1-RJ-3;6259;1;UF;RJ;3;Governador;16;PSTU;PARTIDO SOCIALISTA  DOS TRABALHADORES UNIFICADO;14642;;14642
6259-1-RJ-5;6259;1;UF;RJ;5;Senador;14;MISSÃO;PARTIDO MISSÃO;131065;;131065
6259-1-RJ-5;6259;1;UF;RJ;5;Senador;22;PL;PARTIDO LIBERAL;8177337;;8177337
6259-1-RJ-5;6259;1;UF;RJ;5;Senador;29;PCO;PARTIDO DA CAUSA OPERÁRIA;0;;5825
6259-1-RJ-5;6259;1;UF;RJ;5;Senador;20;PODE;PODEMOS;194605;;194605
6259-1-RJ-5;6259;1;UF;RJ;5;Senador;35;DEMOCRATA;DEMOCRATA;9176;;9176
6259-1-RJ-5;6259;1;UF;RJ;5;Senador;80;UP;UNIDADE POPULAR;40320;;40320
6259-1-RJ-5;6259;1;UF;RJ;5;Senador;16;PSTU;PARTIDO SOCIALISTA  DOS TRABALHADORES UNIFICADO;27631;;27631
6259-1-RJ-5;6259;1;UF;RJ;5;Senador;50;PSOL;PARTIDO SOCIALISMO E LIBERDADE;1538444;;1538444
6259-1-RJ-5;6259;1;UF;RJ;5;Senador;28;PRTB;PARTIDO RENOVADOR TRABALHISTA BRASILEIRO;23911;;23911
6259-1-RJ-5;6259;1;UF;RJ;5;Senador;10;REPUBLICANOS;REPUBLICANOS;656051;;656051
6259-1-RJ-5;6259;1;UF;RJ;5;Senador;55;PSD;PARTIDO SOCIAL DEMOCRÁTICO;1904352;;1904352
6259-1-RJ-5;6259;1;UF;RJ;5;Senador;13;PT;PARTIDO DOS TRABALHADORES;3220765;;3220765
6259-1-RJ-6;6259;1;UF;RJ;6;Deputado Federal;11;PP;PROGRESSISTAS;677231;9929;681697
6259-1-RJ-6;6259;1;UF;RJ;6;Deputado Federal;44;UNIÃO;UNIÃO BRASIL;374437;6019;386860
6259-1-RJ-6;6259;1;UF;RJ;6;Deputado Federal;14;MISSÃO;PARTIDO MISSÃO;67868;7228;67868
6259-1-RJ-6;6259;1;UF;RJ;6;Deputado Federal;35;DEMOCRATA;DEMOCRATA;13035;622;13315
6259-1-RJ-6;6259;1;UF;RJ;6;Deputado Federal;10;REPUBLICANOS;REPUBLICANOS;291765;5612;296795
6259-1-RJ-6;6259;1;UF;RJ;6;Deputado Federal;15;MDB;MOVIMENTO DEMOCRÁTICO BRASILEIRO;309837;5758;309837
6259-1-RJ-6;6259;1;UF;RJ;6;Deputado Federal;23;CIDADANIA;CIDADANIA;8143;3204;8143
6259-1-RJ-6;6259;1;UF;RJ;6;Deputado Federal;45;PSDB;PARTIDO DA SOCIAL DEMOCRACIA BRASILEIRA;717550;4456;787454
6259-1-RJ-6;6259;1;UF;RJ;6;Deputado Federal;40;PSB;PARTIDO SOCIALISTA BRASILEIRO;122206;1967;122206
6259-1-RJ-6;6259;1;UF;RJ;6;Deputado Federal;12;PDT;PARTIDO DEMOCRÁTICO TRABALHISTA;219001;9882;221921
6259-1-RJ-6;6259;1;UF;RJ;6;Deputado Federal;16;PSTU;PARTIDO SOCIALISTA  DOS TRABALHADORES UNIFICADO;1256;811;1256
6259-1-RJ-6;6259;1;UF;RJ;6;Deputado Federal;20;PODE;PODEMOS;109226;1940;109226
6259-1-RJ-6;6259;1;UF;RJ;6;Deputado Federal;29;PCO;PARTIDO DA CAUSA OPERÁRIA;382;285;518
6259-1-RJ-6;6259;1;UF;RJ;6;Deputado Federal;30;NOVO;PARTIDO NOVO;167406;4434;167608
6259-1-RJ-6;6259;1;UF;RJ;6;Deputado Federal;70;AVANTE;AVANTE;156819;2953;160016
6259-1-RJ-6;6259;1;UF;RJ;6;Deputado Federal;80;UP;UNIDADE POPULAR;3108;540;3108
6259-1-RJ-6;6259;1;UF;RJ;6;Deputado Federal;22;PL;PARTIDO LIBERAL;2288081;92148;2288527
6259-1-RJ-6;6259;1;UF;RJ;6;Deputado Federal;27;DC;DEMOCRACIA CRISTÃ;47606;595;48280
6259-1-RJ-6;6259;1;UF;RJ;6;Deputado Federal;77;SOLIDARIEDADE;SOLIDARIEDADE;224272;2506;224272
6259-1-RJ-6;6259;1;UF;RJ;6;Deputado Federal;25;PRD;PARTIDO RENOVACAO DEMOCRATICA;61946;4556;61946
6259-1-RJ-6;6259;1;UF;RJ;6;Deputado Federal;55;PSD;PARTIDO SOCIAL DEMOCRÁTICO;667469;17743;673211
6259-1-RJ-6;6259;1;UF;RJ;6;Deputado Federal;50;PSOL;PARTIDO SOCIALISMO E LIBERDADE;618928;18182;618928
6259-1-RJ-6;6259;1;UF;RJ;6;Deputado Federal;18;REDE;REDE SUSTENTABILIDADE;17220;1988;17220
6259-1-RJ-6;6259;1;UF;RJ;6;Deputado Federal;33;MOBILIZA;MOBILIZAÇÃO NACIONAL;13587;974;22360
6259-1-RJ-6;6259;1;UF;RJ;6;Deputado Federal;43;PV;PARTIDO VERDE;94928;1984;94928
6259-1-RJ-6;6259;1;UF;RJ;6;Deputado Federal;13;PT;PARTIDO DOS TRABALHADORES;1000787;67522;1000787
6259-1-RJ-6;6259;1;UF;RJ;6;Deputado Federal;65;PCDOB;PARTIDO COMUNISTA DO BRASIL;192960;2861;192960
6259-1-RJ-7;6259;1;UF;RJ;7;Deputado Estadual;43;PV;PARTIDO VERDE;33935;2677;35451
6259-1-RJ-7;6259;1;UF;RJ;7;Deputado Estadual;13;PT;PARTIDO DOS TRABALHADORES;716952;123012;766825
6259-1-RJ-7;6259;1;UF;RJ;7;Deputado Estadual;65;PCDOB;PARTIDO COMUNISTA DO BRASIL;204423;4718;204423
6259-1-RJ-7;6259;1;UF;RJ;7;Deputado Estadual;29;PCO;PARTIDO DA CAUSA OPERÁRIA;508;395;508
6259-1-RJ-7;6259;1;UF;RJ;7;Deputado Estadual;15;MDB;MOVIMENTO DEMOCRÁTICO BRASILEIRO;287959;11919;288245
6259-1-RJ-7;6259;1;UF;RJ;7;Deputado Estadual;22;PL;PARTIDO LIBERAL;2054741;167448;2065388
6259-1-RJ-7;6259;1;UF;RJ;7;Deputado Estadual;33;MOBILIZA;MOBILIZAÇÃO NACIONAL;40301;1761;40301
6259-1-RJ-7;6259;1;UF;RJ;7;Deputado Estadual;16;PSTU;PARTIDO SOCIALISTA  DOS TRABALHADORES UNIFICADO;1149;1149;1149
6259-1-RJ-7;6259;1;UF;RJ;7;Deputado Estadual;20;PODE;PODEMOS;69048;4321;69048
6259-1-RJ-7;6259;1;UF;RJ;7;Deputado Estadual;55;PSD;PARTIDO SOCIAL DEMOCRÁTICO;985253;58298;985253
6259-1-RJ-7;6259;1;UF;RJ;7;Deputado Estadual;80;UP;UNIDADE POPULAR;5547;801;5547
6259-1-RJ-7;6259;1;UF;RJ;7;Deputado Estadual;35;DEMOCRATA;DEMOCRATA;15099;1389;16553
6259-1-RJ-7;6259;1;UF;RJ;7;Deputado Estadual;10;REPUBLICANOS;REPUBLICANOS;307842;16695;307842
6259-1-RJ-7;6259;1;UF;RJ;7;Deputado Estadual;77;SOLIDARIEDADE;SOLIDARIEDADE;219234;6266;221613
6259-1-RJ-7;6259;1;UF;RJ;7;Deputado Estadual;25;PRD;PARTIDO RENOVACAO DEMOCRATICA;91553;6691;222800
6259-1-RJ-7;6259;1;UF;RJ;7;Deputado Estadual;36;AGIR;AGIR;195859;2523;196794
6259-1-RJ-7;6259;1;UF;RJ;7;Deputado Estadual;40;PSB;PARTIDO SOCIALISTA BRASILEIRO;266406;5147;266683
6259-1-RJ-7;6259;1;UF;RJ;7;Deputado Estadual;12;PDT;PARTIDO DEMOCRÁTICO TRABALHISTA;284411;16247;284411
6259-1-RJ-7;6259;1;UF;RJ;7;Deputado Estadual;14;MISSÃO;PARTIDO MISSÃO;49085;10645;49085
6259-1-RJ-7;6259;1;UF;RJ;7;Deputado Estadual;18;REDE;REDE SUSTENTABILIDADE;7855;1221;7855
6259-1-RJ-7;6259;1;UF;RJ;7;Deputado Estadual;50;PSOL;PARTIDO SOCIALISMO E LIBERDADE;532525;26807;532525
6259-1-RJ-7;6259;1;UF;RJ;7;Deputado Estadual;45;PSDB;PARTIDO DA SOCIAL DEMOCRACIA BRASILEIRA;199250;17545;288667
6259-1-RJ-7;6259;1;UF;RJ;7;Deputado Estadual;23;CIDADANIA;CIDADANIA;1558;3332;1558
6259-1-RJ-7;6259;1;UF;RJ;7;Deputado Estadual;30;NOVO;PARTIDO NOVO;196058;8977;196699
6259-1-RJ-7;6259;1;UF;RJ;7;Deputado Estadual;44;UNIÃO;UNIÃO BRASIL;483309;13314;517054
6259-1-RJ-7;6259;1;UF;RJ;7;Deputado Estadual;11;PP;PROGRESSISTAS;473058;15850;473058
6259-1-RJ-7;6259;1;UF;RJ;7;Deputado Estadual;27;DC;DEMOCRACIA CRISTÃ;105123;2155;105810
6259-1-RJ-7;6259;1;UF;RJ;7;Deputado Estadual;70;AVANTE;AVANTE;115446;4715;130858
6257-1-RN-1;6257;1;UF;RN;1;Presidente;22;PL;PARTIDO LIBERAL;720493;;720493
6257-1-RN-1;6257;1;UF;RN;1;Presidente;55;PSD;PARTIDO SOCIAL DEMOCRÁTICO;16407;;16407
6257-1-RN-1;6257;1;UF;RN;1;Presidente;13;PT;PARTIDO DOS TRABALHADORES;1237963;;1237963
6257-1-RN-1;6257;1;UF;RN;1;Presidente;16;PSTU;PARTIDO SOCIALISTA  DOS TRABALHADORES UNIFICADO;572;;572
6257-1-RN-1;6257;1;UF;RN;1;Presidente;21;PCB;PARTIDO COMUNISTA BRASILEIRO;315;;315
6257-1-RN-1;6257;1;UF;RN;1;Presidente;27;DC;DEMOCRACIA CRISTÃ;405;;405
6257-1-RN-1;6257;1;UF;RN;1;Presidente;30;NOVO;PARTIDO NOVO;1525;;1525
6257-1-RN-1;6257;1;UF;RN;1;Presidente;70;AVANTE;AVANTE;57367;;57367
6257-1-RN-1;6257;1;UF;RN;1;Presidente;35;DEMOCRATA;DEMOCRATA;185;;185
6257-1-RN-1;6257;1;UF;RN;1;Presidente;80;UP;UNIDADE POPULAR;1228;;1228
6257-1-RN-1;6257;1;UF;RN;1;Presidente;14;MISSÃO;PARTIDO MISSÃO;35261;;35261
6257-1-RN-1;6257;1;UF;RN;1;Presidente;29;PCO;PARTIDO DA CAUSA OPERÁRIA;177;;177
6259-1-RN-3;6259;1;UF;RN;3;Governador;36;AGIR;AGIR;434;;434
6259-1-RN-3;6259;1;UF;RN;3;Governador;27;DC;DEMOCRACIA CRISTÃ;464;;464
6259-1-RN-3;6259;1;UF;RN;3;Governador;80;UP;UNIDADE POPULAR;1466;;1466
6259-1-RN-3;6259;1;UF;RN;3;Governador;13;PT;PARTIDO DOS TRABALHADORES;718300;;718300
6259-1-RN-3;6259;1;UF;RN;3;Governador;16;PSTU;PARTIDO SOCIALISTA  DOS TRABALHADORES UNIFICADO;1388;;1388
6259-1-RN-3;6259;1;UF;RN;3;Governador;22;PL;PARTIDO LIBERAL;530580;;530580
6259-1-RN-3;6259;1;UF;RN;3;Governador;44;UNIÃO;UNIÃO BRASIL;733809;;733809
6259-1-RN-3;6259;1;UF;RN;3;Governador;29;PCO;PARTIDO DA CAUSA OPERÁRIA;0;;227
6259-1-RN-5;6259;1;UF;RN;5;Senador;16;PSTU;PARTIDO SOCIALISTA  DOS TRABALHADORES UNIFICADO;6281;;6281
6259-1-RN-5;6259;1;UF;RN;5;Senador;36;AGIR;AGIR;3494;;3494
6259-1-RN-5;6259;1;UF;RN;5;Senador;20;PODE;PODEMOS;1055000;;1055000
6259-1-RN-5;6259;1;UF;RN;5;Senador;22;PL;PARTIDO LIBERAL;620354;;620354
6259-1-RN-5;6259;1;UF;RN;5;Senador;44;UNIÃO;UNIÃO BRASIL;102834;;102834
6259-1-RN-5;6259;1;UF;RN;5;Senador;55;PSD;PARTIDO SOCIAL DEMOCRÁTICO;630159;;630159
6259-1-RN-5;6259;1;UF;RN;5;Senador;80;UP;UNIDADE POPULAR;5511;;5511
6259-1-RN-5;6259;1;UF;RN;5;Senador;13;PT;PARTIDO DOS TRABALHADORES;635924;;635924
6259-1-RN-5;6259;1;UF;RN;5;Senador;12;PDT;PARTIDO DEMOCRÁTICO TRABALHISTA;510674;;510674
6259-1-RN-5;6259;1;UF;RN;5;Senador;50;PSOL;PARTIDO SOCIALISMO E LIBERDADE;36575;;36575
6259-1-RN-6;6259;1;UF;RN;6;Deputado Federal;27;DC;DEMOCRACIA CRISTÃ;507;52;507
6259-1-RN-6;6259;1;UF;RN;6;Deputado Federal;14;MISSÃO;PARTIDO MISSÃO;7144;871;7144
6259-1-RN-6;6259;1;UF;RN;6;Deputado Federal;80;UP;UNIDADE POPULAR;935;61;935
6259-1-RN-6;6259;1;UF;RN;6;Deputado Federal;77;SOLIDARIEDADE;SOLIDARIEDADE;5248;232;5248
6259-1-RN-6;6259;1;UF;RN;6;Deputado Federal;25;PRD;PARTIDO RENOVACAO DEMOCRATICA;2361;441;2361
6259-1-RN-6;6259;1;UF;RN;6;Deputado Federal;22;PL;PARTIDO LIBERAL;760545;11835;760545
6259-1-RN-6;6259;1;UF;RN;6;Deputado Federal;12;PDT;PARTIDO DEMOCRÁTICO TRABALHISTA;15974;6632;15974
6259-1-RN-6;6259;1;UF;RN;6;Deputado Federal;70;AVANTE;AVANTE;7624;173;7624
6259-1-RN-6;6259;1;UF;RN;6;Deputado Federal;23;CIDADANIA;CIDADANIA;484;1326;484
6259-1-RN-6;6259;1;UF;RN;6;Deputado Federal;45;PSDB;PARTIDO DA SOCIAL DEMOCRACIA BRASILEIRA;6504;3441;6504
6259-1-RN-6;6259;1;UF;RN;6;Deputado Federal;43;PV;PARTIDO VERDE;223578;4920;223578
6259-1-RN-6;6259;1;UF;RN;6;Deputado Federal;65;PCDOB;PARTIDO COMUNISTA DO BRASIL;8339;219;8339
6259-1-RN-6;6259;1;UF;RN;6;Deputado Federal;13;PT;PARTIDO DOS TRABALHADORES;381606;17128;381606
6259-1-RN-6;6259;1;UF;RN;6;Deputado Federal;18;REDE;REDE SUSTENTABILIDADE;0;387;0
6259-1-RN-6;6259;1;UF;RN;6;Deputado Federal;50;PSOL;PARTIDO SOCIALISMO E LIBERDADE;631;627;631
6259-1-RN-6;6259;1;UF;RN;6;Deputado Federal;44;UNIÃO;UNIÃO BRASIL;220183;4274;220183
6259-1-RN-6;6259;1;UF;RN;6;Deputado Federal;11;PP;PROGRESSISTAS;256508;6922;256508
6259-1-RN-6;6259;1;UF;RN;6;Deputado Federal;30;NOVO;PARTIDO NOVO;5355;203;5355
6259-1-RN-6;6259;1;UF;RN;6;Deputado Federal;33;MOBILIZA;MOBILIZAÇÃO NACIONAL;859;453;859
6259-1-RN-6;6259;1;UF;RN;6;Deputado Federal;40;PSB;PARTIDO SOCIALISTA BRASILEIRO;2493;625;2493
6259-1-RN-7;6259;1;UF;RN;7;Deputado Estadual;50;PSOL;PARTIDO SOCIALISMO E LIBERDADE;17581;498;17581
6259-1-RN-7;6259;1;UF;RN;7;Deputado Estadual;18;REDE;REDE SUSTENTABILIDADE;2758;135;2758
6259-1-RN-7;6259;1;UF;RN;7;Deputado Estadual;77;SOLIDARIEDADE;SOLIDARIEDADE;0;608;0
6259-1-RN-7;6259;1;UF;RN;7;Deputado Estadual;25;PRD;PARTIDO RENOVACAO DEMOCRATICA;2766;644;2766
6259-1-RN-7;6259;1;UF;RN;7;Deputado Estadual;11;PP;PROGRESSISTAS;248964;6511;248964
6259-1-RN-7;6259;1;UF;RN;7;Deputado Estadual;44;UNIÃO;UNIÃO BRASIL;181600;8412;181600
6259-1-RN-7;6259;1;UF;RN;7;Deputado Estadual;14;MISSÃO;PARTIDO MISSÃO;6675;1211;6675
6259-1-RN-7;6259;1;UF;RN;7;Deputado Estadual;16;PSTU;PARTIDO SOCIALISTA  DOS TRABALHADORES UNIFICADO;377;280;377
6259-1-RN-7;6259;1;UF;RN;7;Deputado Estadual;15;MDB;MOVIMENTO DEMOCRÁTICO BRASILEIRO;136357;2702;140279
6259-1-RN-7;6259;1;UF;RN;7;Deputado Estadual;22;PL;PARTIDO LIBERAL;518179;21093;518179
6259-1-RN-7;6259;1;UF;RN;7;Deputado Estadual;45;PSDB;PARTIDO DA SOCIAL DEMOCRACIA BRASILEIRA;269408;6689;269408
6259-1-RN-7;6259;1;UF;RN;7;Deputado Estadual;23;CIDADANIA;CIDADANIA;779;899;779
6259-1-RN-7;6259;1;UF;RN;7;Deputado Estadual;43;PV;PARTIDO VERDE;209272;4941;209272
6259-1-RN-7;6259;1;UF;RN;7;Deputado Estadual;13;PT;PARTIDO DOS TRABALHADORES;249986;33507;249986
6259-1-RN-7;6259;1;UF;RN;7;Deputado Estadual;65;PCDOB;PARTIDO COMUNISTA DO BRASIL;4342;277;4342
6259-1-RN-7;6259;1;UF;RN;7;Deputado Estadual;80;UP;UNIDADE POPULAR;743;115;743
6257-1-RO-1;6257;1;UF;RO;1;Presidente;22;PL;PARTIDO LIBERAL;652988;;652988
6257-1-RO-1;6257;1;UF;RO;1;Presidente;55;PSD;PARTIDO SOCIAL DEMOCRÁTICO;16929;;16929
6257-1-RO-1;6257;1;UF;RO;1;Presidente;13;PT;PARTIDO DOS TRABALHADORES;250667;;250667
6257-1-RO-1;6257;1;UF;RO;1;Presidente;27;DC;DEMOCRACIA CRISTÃ;356;;356
6257-1-RO-1;6257;1;UF;RO;1;Presidente;21;PCB;PARTIDO COMUNISTA BRASILEIRO;160;;160
6257-1-RO-1;6257;1;UF;RO;1;Presidente;16;PSTU;PARTIDO SOCIALISTA  DOS TRABALHADORES UNIFICADO;174;;174
6257-1-RO-1;6257;1;UF;RO;1;Presidente;70;AVANTE;AVANTE;25280;;25280
6257-1-RO-1;6257;1;UF;RO;1;Presidente;30;NOVO;PARTIDO NOVO;1318;;1318
6257-1-RO-1;6257;1;UF;RO;1;Presidente;80;UP;UNIDADE POPULAR;843;;843
6257-1-RO-1;6257;1;UF;RO;1;Presidente;35;DEMOCRATA;DEMOCRATA;97;;97
6257-1-RO-1;6257;1;UF;RO;1;Presidente;14;MISSÃO;PARTIDO MISSÃO;19187;;19187
6257-1-RO-1;6257;1;UF;RO;1;Presidente;29;PCO;PARTIDO DA CAUSA OPERÁRIA;60;;60
6259-1-RO-3;6259;1;UF;RO;3;Governador;55;PSD;PARTIDO SOCIAL DEMOCRÁTICO;189547;;189547
6259-1-RO-3;6259;1;UF;RO;3;Governador;44;UNIÃO;UNIÃO BRASIL;134355;;134355
6259-1-RO-3;6259;1;UF;RO;3;Governador;40;PSB;PARTIDO SOCIALISTA BRASILEIRO;4344;;4344
6259-1-RO-3;6259;1;UF;RO;3;Governador;22;PL;PARTIDO LIBERAL;537370;;537370
6259-1-RO-3;6259;1;UF;RO;3;Governador;13;PT;PARTIDO DOS TRABALHADORES;72851;;72851
6259-1-RO-3;6259;1;UF;RO;3;Governador;15;MDB;MOVIMENTO DEMOCRÁTICO BRASILEIRO;6591;;6591
6259-1-RO-5;6259;1;UF;RO;5;Senador;22;PL;PARTIDO LIBERAL;1045025;;1045025
6259-1-RO-5;6259;1;UF;RO;5;Senador;12;PDT;PARTIDO DEMOCRÁTICO TRABALHISTA;72490;;72490
6259-1-RO-5;6259;1;UF;RO;5;Senador;55;PSD;PARTIDO SOCIAL DEMOCRÁTICO;23737;;23737
6259-1-RO-5;6259;1;UF;RO;5;Senador;40;PSB;PARTIDO SOCIALISTA BRASILEIRO;0;;25316
6259-1-RO-5;6259;1;UF;RO;5;Senador;14;MISSÃO;PARTIDO MISSÃO;7594;;7594
6259-1-RO-5;6259;1;UF;RO;5;Senador;13;PT;PARTIDO DOS TRABALHADORES;96391;;96391
6259-1-RO-5;6259;1;UF;RO;5;Senador;43;PV;PARTIDO VERDE;3202;;3202
6259-1-RO-5;6259;1;UF;RO;5;Senador;10;REPUBLICANOS;REPUBLICANOS;207398;;207398
6259-1-RO-5;6259;1;UF;RO;5;Senador;11;PP;PROGRESSISTAS;304061;;304061
6259-1-RO-6;6259;1;UF;RO;6;Deputado Federal;10;REPUBLICANOS;REPUBLICANOS;67974;1568;67974
6259-1-RO-6;6259;1;UF;RO;6;Deputado Federal;25;PRD;PARTIDO RENOVACAO DEMOCRATICA;28934;2349;28934
6259-1-RO-6;6259;1;UF;RO;6;Deputado Federal;77;SOLIDARIEDADE;SOLIDARIEDADE;8572;148;8572
6259-1-RO-6;6259;1;UF;RO;6;Deputado Federal;33;MOBILIZA;MOBILIZAÇÃO NACIONAL;0;0;0
6259-1-RO-6;6259;1;UF;RO;6;Deputado Federal;50;PSOL;PARTIDO SOCIALISMO E LIBERDADE;1420;257;1608
6259-1-RO-6;6259;1;UF;RO;6;Deputado Federal;18;REDE;REDE SUSTENTABILIDADE;0;92;0
6259-1-RO-6;6259;1;UF;RO;6;Deputado Federal;20;PODE;PODEMOS;148885;1335;148885
6259-1-RO-6;6259;1;UF;RO;6;Deputado Federal;22;PL;PARTIDO LIBERAL;292585;9179;294486
6259-1-RO-6;6259;1;UF;RO;6;Deputado Federal;13;PT;PARTIDO DOS TRABALHADORES;68479;4850;68479
6259-1-RO-6;6259;1;UF;RO;6;Deputado Federal;43;PV;PARTIDO VERDE;689;126;689
6259-1-RO-6;6259;1;UF;RO;6;Deputado Federal;65;PCDOB;PARTIDO COMUNISTA DO BRASIL;0;56;0
6259-1-RO-6;6259;1;UF;RO;6;Deputado Federal;11;PP;PROGRESSISTAS;22549;1920;22549
6259-1-RO-6;6259;1;UF;RO;6;Deputado Federal;44;UNIÃO;UNIÃO BRASIL;119574;1160;119574
6259-1-RO-6;6259;1;UF;RO;6;Deputado Federal;12;PDT;PARTIDO DEMOCRÁTICO TRABALHISTA;10617;1497;10617
6259-1-RO-6;6259;1;UF;RO;6;Deputado Federal;14;MISSÃO;PARTIDO MISSÃO;3853;410;3853
6259-1-RO-6;6259;1;UF;RO;6;Deputado Federal;15;MDB;MOVIMENTO DEMOCRÁTICO BRASILEIRO;15502;462;15502
6259-1-RO-6;6259;1;UF;RO;6;Deputado Federal;27;DC;DEMOCRACIA CRISTÃ;1008;32;1008
6259-1-RO-6;6259;1;UF;RO;6;Deputado Federal;40;PSB;PARTIDO SOCIALISTA BRASILEIRO;1463;207;1567
6259-1-RO-6;6259;1;UF;RO;6;Deputado Federal;55;PSD;PARTIDO SOCIAL DEMOCRÁTICO;98395;2067;98395
6259-1-RO-6;6259;1;UF;RO;6;Deputado Federal;30;NOVO;PARTIDO NOVO;8104;609;8104
6259-1-RO-6;6259;1;UF;RO;6;Deputado Federal;70;AVANTE;AVANTE;5415;597;5415
6259-1-RO-7;6259;1;UF;RO;7;Deputado Estadual;18;REDE;REDE SUSTENTABILIDADE;0;69;0
6259-1-RO-7;6259;1;UF;RO;7;Deputado Estadual;50;PSOL;PARTIDO SOCIALISMO E LIBERDADE;784;205;784
6259-1-RO-7;6259;1;UF;RO;7;Deputado Estadual;20;PODE;PODEMOS;57720;1872;57720
6259-1-RO-7;6259;1;UF;RO;7;Deputado Estadual;22;PL;PARTIDO LIBERAL;215640;17467;215640
6259-1-RO-7;6259;1;UF;RO;7;Deputado Estadual;30;NOVO;PARTIDO NOVO;67722;728;67722
6259-1-RO-7;6259;1;UF;RO;7;Deputado Estadual;55;PSD;PARTIDO SOCIAL DEMOCRÁTICO;114957;2596;114957
6259-1-RO-7;6259;1;UF;RO;7;Deputado Estadual;65;PCDOB;PARTIDO COMUNISTA DO BRASIL;287;46;287
6259-1-RO-7;6259;1;UF;RO;7;Deputado Estadual;43;PV;PARTIDO VERDE;1860;135;1860
6259-1-RO-7;6259;1;UF;RO;7;Deputado Estadual;13;PT;PARTIDO DOS TRABALHADORES;50828;6618;52620
6259-1-RO-7;6259;1;UF;RO;7;Deputado Estadual;15;MDB;MOVIMENTO DEMOCRÁTICO BRASILEIRO;15804;591;15804
6259-1-RO-7;6259;1;UF;RO;7;Deputado Estadual;40;PSB;PARTIDO SOCIALISTA BRASILEIRO;503;309;503
6259-1-RO-7;6259;1;UF;RO;7;Deputado Estadual;25;PRD;PARTIDO RENOVACAO DEMOCRATICA;99804;1937;99804
6259-1-RO-7;6259;1;UF;RO;7;Deputado Estadual;77;SOLIDARIEDADE;SOLIDARIEDADE;9298;286;9298
6259-1-RO-7;6259;1;UF;RO;7;Deputado Estadual;10;REPUBLICANOS;REPUBLICANOS;84166;3687;84404
6259-1-RO-7;6259;1;UF;RO;7;Deputado Estadual;44;UNIÃO;UNIÃO BRASIL;34450;1731;34450
6259-1-RO-7;6259;1;UF;RO;7;Deputado Estadual;11;PP;PROGRESSISTAS;44811;6178;44811
6259-1-RO-7;6259;1;UF;RO;7;Deputado Estadual;33;MOBILIZA;MOBILIZAÇÃO NACIONAL;23261;358;23261
6259-1-RO-7;6259;1;UF;RO;7;Deputado Estadual;70;AVANTE;AVANTE;74706;607;74706
6257-1-RR-1;6257;1;UF;RR;1;Presidente;22;PL;PARTIDO LIBERAL;231322;;231322
6257-1-RR-1;6257;1;UF;RR;1;Presidente;55;PSD;PARTIDO SOCIAL DEMOCRÁTICO;3639;;3639
6257-1-RR-1;6257;1;UF;RR;1;Presidente;13;PT;PARTIDO DOS TRABALHADORES;74420;;74420
6257-1-RR-1;6257;1;UF;RR;1;Presidente;16;PSTU;PARTIDO SOCIALISTA  DOS TRABALHADORES UNIFICADO;60;;60
6257-1-RR-1;6257;1;UF;RR;1;Presidente;21;PCB;PARTIDO COMUNISTA BRASILEIRO;42;;42
6257-1-RR-1;6257;1;UF;RR;1;Presidente;27;DC;DEMOCRACIA CRISTÃ;168;;168
6257-1-RR-1;6257;1;UF;RR;1;Presidente;30;NOVO;PARTIDO NOVO;337;;337
6257-1-RR-1;6257;1;UF;RR;1;Presidente;70;AVANTE;AVANTE;8579;;8579
6257-1-RR-1;6257;1;UF;RR;1;Presidente;35;DEMOCRATA;DEMOCRATA;41;;41
6257-1-RR-1;6257;1;UF;RR;1;Presidente;80;UP;UNIDADE POPULAR;280;;280
6257-1-RR-1;6257;1;UF;RR;1;Presidente;14;MISSÃO;PARTIDO MISSÃO;6623;;6623
6257-1-RR-1;6257;1;UF;RR;1;Presidente;29;PCO;PARTIDO DA CAUSA OPERÁRIA;34;;34
6259-1-RR-3;6259;1;UF;RR;3;Governador;77;SOLIDARIEDADE;SOLIDARIEDADE;213;;213
6259-1-RR-3;6259;1;UF;RR;3;Governador;50;PSOL;PARTIDO SOCIALISMO E LIBERDADE;4880;;4880
6259-1-RR-3;6259;1;UF;RR;3;Governador;29;PCO;PARTIDO DA CAUSA OPERÁRIA;0;;77
6259-1-RR-3;6259;1;UF;RR;3;Governador;22;PL;PARTIDO LIBERAL;220809;;220809
6259-1-RR-3;6259;1;UF;RR;3;Governador;10;REPUBLICANOS;REPUBLICANOS;93434;;93434
6259-1-RR-5;6259;1;UF;RR;5;Senador;15;MDB;MOVIMENTO DEMOCRÁTICO BRASILEIRO;117270;;117270
6259-1-RR-5;6259;1;UF;RR;5;Senador;40;PSB;PARTIDO SOCIALISTA BRASILEIRO;81845;;81845
6259-1-RR-5;6259;1;UF;RR;5;Senador;45;PSDB;PARTIDO DA SOCIAL DEMOCRACIA BRASILEIRA;0;;3806
6259-1-RR-5;6259;1;UF;RR;5;Senador;70;AVANTE;AVANTE;4736;;4736
6259-1-RR-5;6259;1;UF;RR;5;Senador;43;PV;PARTIDO VERDE;0;;2442
6259-1-RR-5;6259;1;UF;RR;5;Senador;30;NOVO;PARTIDO NOVO;45367;;45367
6259-1-RR-5;6259;1;UF;RR;5;Senador;50;PSOL;PARTIDO SOCIALISMO E LIBERDADE;11299;;11299
6259-1-RR-5;6259;1;UF;RR;5;Senador;22;PL;PARTIDO LIBERAL;217307;;217307
6259-1-RR-5;6259;1;UF;RR;5;Senador;55;PSD;PARTIDO SOCIAL DEMOCRÁTICO;106652;;106652
6259-1-RR-5;6259;1;UF;RR;5;Senador;44;UNIÃO;UNIÃO BRASIL;18046;;18046
6259-1-RR-5;6259;1;UF;RR;5;Senador;27;DC;DEMOCRACIA CRISTÃ;843;;843
6259-1-RR-6;6259;1;UF;RR;6;Deputado Federal;50;PSOL;PARTIDO SOCIALISMO E LIBERDADE;298;41;298
6259-1-RR-6;6259;1;UF;RR;6;Deputado Federal;18;REDE;REDE SUSTENTABILIDADE;0;29;0
6259-1-RR-6;6259;1;UF;RR;6;Deputado Federal;12;PDT;PARTIDO DEMOCRÁTICO TRABALHISTA;6332;502;6332
6259-1-RR-6;6259;1;UF;RR;6;Deputado Federal;15;MDB;MOVIMENTO DEMOCRÁTICO BRASILEIRO;4831;482;4831
6259-1-RR-6;6259;1;UF;RR;6;Deputado Federal;10;REPUBLICANOS;REPUBLICANOS;88918;1153;88918
6259-1-RR-6;6259;1;UF;RR;6;Deputado Federal;44;UNIÃO;UNIÃO BRASIL;68895;1048;68895
6259-1-RR-6;6259;1;UF;RR;6;Deputado Federal;11;PP;PROGRESSISTAS;0;660;0
6259-1-RR-6;6259;1;UF;RR;6;Deputado Federal;30;NOVO;PARTIDO NOVO;2041;104;2041
6259-1-RR-6;6259;1;UF;RR;6;Deputado Federal;65;PCDOB;PARTIDO COMUNISTA DO BRASIL;0;11;0
6259-1-RR-6;6259;1;UF;RR;6;Deputado Federal;43;PV;PARTIDO VERDE;213;57;213
6259-1-RR-6;6259;1;UF;RR;6;Deputado Federal;13;PT;PARTIDO DOS TRABALHADORES;15788;551;15788
6259-1-RR-6;6259;1;UF;RR;6;Deputado Federal;20;PODE;PODEMOS;51019;583;51019
6259-1-RR-6;6259;1;UF;RR;6;Deputado Federal;27;DC;DEMOCRACIA CRISTÃ;61;32;61
6259-1-RR-6;6259;1;UF;RR;6;Deputado Federal;22;PL;PARTIDO LIBERAL;47164;2259;47164
6259-1-RR-6;6259;1;UF;RR;6;Deputado Federal;70;AVANTE;AVANTE;1459;72;1459
6259-1-RR-6;6259;1;UF;RR;6;Deputado Federal;45;PSDB;PARTIDO DA SOCIAL DEMOCRACIA BRASILEIRA;20331;376;20331
6259-1-RR-6;6259;1;UF;RR;6;Deputado Federal;23;CIDADANIA;CIDADANIA;2141;44;2141
6259-1-RR-6;6259;1;UF;RR;6;Deputado Federal;14;MISSÃO;PARTIDO MISSÃO;720;120;720
6259-1-RR-6;6259;1;UF;RR;6;Deputado Federal;77;SOLIDARIEDADE;SOLIDARIEDADE;312;36;312
6259-1-RR-6;6259;1;UF;RR;6;Deputado Federal;25;PRD;PARTIDO RENOVACAO DEMOCRATICA;95;43;95
6259-1-RR-7;6259;1;UF;RR;7;Deputado Estadual;11;PP;PROGRESSISTAS;17812;228;17812
6259-1-RR-7;6259;1;UF;RR;7;Deputado Estadual;44;UNIÃO;UNIÃO BRASIL;83737;1480;83737
6259-1-RR-7;6259;1;UF;RR;7;Deputado Estadual;20;PODE;PODEMOS;32952;773;33860
6259-1-RR-7;6259;1;UF;RR;7;Deputado Estadual;45;PSDB;PARTIDO DA SOCIAL DEMOCRACIA BRASILEIRA;9249;455;9259
6259-1-RR-7;6259;1;UF;RR;7;Deputado Estadual;23;CIDADANIA;CIDADANIA;0;60;0
6259-1-RR-7;6259;1;UF;RR;7;Deputado Estadual;12;PDT;PARTIDO DEMOCRÁTICO TRABALHISTA;22966;379;22966
6259-1-RR-7;6259;1;UF;RR;7;Deputado Estadual;65;PCDOB;PARTIDO COMUNISTA DO BRASIL;0;11;0
6259-1-RR-7;6259;1;UF;RR;7;Deputado Estadual;13;PT;PARTIDO DOS TRABALHADORES;6538;604;6538
6259-1-RR-7;6259;1;UF;RR;7;Deputado Estadual;43;PV;PARTIDO VERDE;1009;34;1009
6259-1-RR-7;6259;1;UF;RR;7;Deputado Estadual;22;PL;PARTIDO LIBERAL;61583;2726;61583
6259-1-RR-7;6259;1;UF;RR;7;Deputado Estadual;36;AGIR;AGIR;18560;128;18560
6259-1-RR-7;6259;1;UF;RR;7;Deputado Estadual;15;MDB;MOVIMENTO DEMOCRÁTICO BRASILEIRO;13248;1263;13248
6259-1-RR-7;6259;1;UF;RR;7;Deputado Estadual;10;REPUBLICANOS;REPUBLICANOS;42871;1224;42871
6259-1-RR-7;6259;1;UF;RR;7;Deputado Estadual;30;NOVO;PARTIDO NOVO;443;269;443
6259-1-RR-7;6259;1;UF;RR;7;Deputado Estadual;27;DC;DEMOCRACIA CRISTÃ;307;19;307
6257-1-RS-1;6257;1;UF;RS;1;Presidente;22;PL;PARTIDO LIBERAL;3573783;;3573783
6257-1-RS-1;6257;1;UF;RS;1;Presidente;55;PSD;PARTIDO SOCIAL DEMOCRÁTICO;158821;;158821
6257-1-RS-1;6257;1;UF;RS;1;Presidente;13;PT;PARTIDO DOS TRABALHADORES;2294759;;2294759
6257-1-RS-1;6257;1;UF;RS;1;Presidente;16;PSTU;PARTIDO SOCIALISTA  DOS TRABALHADORES UNIFICADO;2146;;2146
6257-1-RS-1;6257;1;UF;RS;1;Presidente;21;PCB;PARTIDO COMUNISTA BRASILEIRO;1031;;1031
6257-1-RS-1;6257;1;UF;RS;1;Presidente;27;DC;DEMOCRACIA CRISTÃ;2066;;2066
6257-1-RS-1;6257;1;UF;RS;1;Presidente;30;NOVO;PARTIDO NOVO;18988;;18988
6257-1-RS-1;6257;1;UF;RS;1;Presidente;70;AVANTE;AVANTE;195296;;195296
6257-1-RS-1;6257;1;UF;RS;1;Presidente;35;DEMOCRATA;DEMOCRATA;923;;923
6257-1-RS-1;6257;1;UF;RS;1;Presidente;80;UP;UNIDADE POPULAR;6632;;6632
6257-1-RS-1;6257;1;UF;RS;1;Presidente;14;MISSÃO;PARTIDO MISSÃO;167558;;167558
6257-1-RS-1;6257;1;UF;RS;1;Presidente;29;PCO;PARTIDO DA CAUSA OPERÁRIA;1043;;1043
6259-1-RS-3;6259;1;UF;RS;3;Governador;15;MDB;MOVIMENTO DEMOCRÁTICO BRASILEIRO;510698;;510698
6259-1-RS-3;6259;1;UF;RS;3;Governador;12;PDT;PARTIDO DEMOCRÁTICO TRABALHISTA;1917374;;1917374
6259-1-RS-3;6259;1;UF;RS;3;Governador;16;PSTU;PARTIDO SOCIALISTA  DOS TRABALHADORES UNIFICADO;3492;;3492
6259-1-RS-3;6259;1;UF;RS;3;Governador;80;UP;UNIDADE POPULAR;5716;;5716
6259-1-RS-3;6259;1;UF;RS;3;Governador;22;PL;PARTIDO LIBERAL;3516048;;3516048
6259-1-RS-3;6259;1;UF;RS;3;Governador;45;PSDB;PARTIDO DA SOCIAL DEMOCRACIA BRASILEIRA;101978;;101978
6259-1-RS-3;6259;1;UF;RS;3;Governador;29;PCO;PARTIDO DA CAUSA OPERÁRIA;0;;2137
6259-1-RS-5;6259;1;UF;RS;5;Senador;13;PT;PARTIDO DOS TRABALHADORES;1870301;;1870301
6259-1-RS-5;6259;1;UF;RS;5;Senador;50;PSOL;PARTIDO SOCIALISMO E LIBERDADE;1957697;;1957697
6259-1-RS-5;6259;1;UF;RS;5;Senador;55;PSD;PARTIDO SOCIAL DEMOCRÁTICO;223643;;223643
6259-1-RS-5;6259;1;UF;RS;5;Senador;15;MDB;MOVIMENTO DEMOCRÁTICO BRASILEIRO;420722;;420722
6259-1-RS-5;6259;1;UF;RS;5;Senador;22;PL;PARTIDO LIBERAL;3453316;;3453316
6259-1-RS-5;6259;1;UF;RS;5;Senador;30;NOVO;PARTIDO NOVO;3449053;;3449053
6259-1-RS-5;6259;1;UF;RS;5;Senador;16;PSTU;PARTIDO SOCIALISTA  DOS TRABALHADORES UNIFICADO;30835;;30835
6259-1-RS-5;6259;1;UF;RS;5;Senador;29;PCO;PARTIDO DA CAUSA OPERÁRIA;0;;2310
6259-1-RS-5;6259;1;UF;RS;5;Senador;23;CIDADANIA;CIDADANIA;16428;;16428
6259-1-RS-5;6259;1;UF;RS;5;Senador;45;PSDB;PARTIDO DA SOCIAL DEMOCRACIA BRASILEIRA;25937;;25937
6259-1-RS-5;6259;1;UF;RS;5;Senador;80;UP;UNIDADE POPULAR;17850;;17850
6259-1-RS-6;6259;1;UF;RS;6;Deputado Federal;16;PSTU;PARTIDO SOCIALISTA  DOS TRABALHADORES UNIFICADO;708;661;708
6259-1-RS-6;6259;1;UF;RS;6;Deputado Federal;50;PSOL;PARTIDO SOCIALISMO E LIBERDADE;355911;7120;355911
6259-1-RS-6;6259;1;UF;RS;6;Deputado Federal;18;REDE;REDE SUSTENTABILIDADE;4325;1455;4325
6259-1-RS-6;6259;1;UF;RS;6;Deputado Federal;40;PSB;PARTIDO SOCIALISTA BRASILEIRO;51642;999;51642
6259-1-RS-6;6259;1;UF;RS;6;Deputado Federal;20;PODE;PODEMOS;425114;3464;425114
6259-1-RS-6;6259;1;UF;RS;6;Deputado Federal;12;PDT;PARTIDO DEMOCRÁTICO TRABALHISTA;260314;13225;260314
6259-1-RS-6;6259;1;UF;RS;6;Deputado Federal;77;SOLIDARIEDADE;SOLIDARIEDADE;3686;247;3686
6259-1-RS-6;6259;1;UF;RS;6;Deputado Federal;25;PRD;PARTIDO RENOVACAO DEMOCRATICA;1455;935;1455
6259-1-RS-6;6259;1;UF;RS;6;Deputado Federal;36;AGIR;AGIR;0;0;1393
6259-1-RS-6;6259;1;UF;RS;6;Deputado Federal;22;PL;PARTIDO LIBERAL;1273934;38981;1273934
6259-1-RS-6;6259;1;UF;RS;6;Deputado Federal;35;DEMOCRATA;DEMOCRATA;0;0;3996
6259-1-RS-6;6259;1;UF;RS;6;Deputado Federal;70;AVANTE;AVANTE;24483;917;24483
6259-1-RS-6;6259;1;UF;RS;6;Deputado Federal;13;PT;PARTIDO DOS TRABALHADORES;877927;53332;877927
6259-1-RS-6;6259;1;UF;RS;6;Deputado Federal;65;PCDOB;PARTIDO COMUNISTA DO BRASIL;114660;1283;114660
6259-1-RS-6;6259;1;UF;RS;6;Deputado Federal;43;PV;PARTIDO VERDE;15877;357;15877
6259-1-RS-6;6259;1;UF;RS;6;Deputado Federal;27;DC;DEMOCRACIA CRISTÃ;4124;272;4124
6259-1-RS-6;6259;1;UF;RS;6;Deputado Federal;15;MDB;MOVIMENTO DEMOCRÁTICO BRASILEIRO;461814;9935;461814
6259-1-RS-6;6259;1;UF;RS;6;Deputado Federal;10;REPUBLICANOS;REPUBLICANOS;381783;3322;403256
6259-1-RS-6;6259;1;UF;RS;6;Deputado Federal;14;MISSÃO;PARTIDO MISSÃO;71454;4856;71454
6259-1-RS-6;6259;1;UF;RS;6;Deputado Federal;80;UP;UNIDADE POPULAR;1738;263;1738
6259-1-RS-6;6259;1;UF;RS;6;Deputado Federal;23;CIDADANIA;CIDADANIA;0;1604;0
6259-1-RS-6;6259;1;UF;RS;6;Deputado Federal;45;PSDB;PARTIDO DA SOCIAL DEMOCRACIA BRASILEIRA;134263;2293;134263
6259-1-RS-6;6259;1;UF;RS;6;Deputado Federal;44;UNIÃO;UNIÃO BRASIL;61145;3688;61145
6259-1-RS-6;6259;1;UF;RS;6;Deputado Federal;11;PP;PROGRESSISTAS;696588;13528;696588
6259-1-RS-6;6259;1;UF;RS;6;Deputado Federal;55;PSD;PARTIDO SOCIAL DEMOCRÁTICO;418863;6284;418863
6259-1-RS-6;6259;1;UF;RS;6;Deputado Federal;30;NOVO;PARTIDO NOVO;263259;7183;263259
6259-1-RS-7;6259;1;UF;RS;7;Deputado Estadual;10;REPUBLICANOS;REPUBLICANOS;441005;8310;441005
6259-1-RS-7;6259;1;UF;RS;7;Deputado Estadual;15;MDB;MOVIMENTO DEMOCRÁTICO BRASILEIRO;565339;24141;565339
6259-1-RS-7;6259;1;UF;RS;7;Deputado Estadual;23;CIDADANIA;CIDADANIA;5488;1560;5488
6259-1-RS-7;6259;1;UF;RS;7;Deputado Estadual;45;PSDB;PARTIDO DA SOCIAL DEMOCRACIA BRASILEIRA;105876;5861;106057
6259-1-RS-7;6259;1;UF;RS;7;Deputado Estadual;18;REDE;REDE SUSTENTABILIDADE;580;692;580
6259-1-RS-7;6259;1;UF;RS;7;Deputado Estadual;50;PSOL;PARTIDO SOCIALISMO E LIBERDADE;302087;21911;302087
6259-1-RS-7;6259;1;UF;RS;7;Deputado Estadual;30;NOVO;PARTIDO NOVO;162897;30084;162897
6259-1-RS-7;6259;1;UF;RS;7;Deputado Estadual;40;PSB;PARTIDO SOCIALISTA BRASILEIRO;64732;2201;64732
6259-1-RS-7;6259;1;UF;RS;7;Deputado Estadual;80;UP;UNIDADE POPULAR;1424;326;1424
6259-1-RS-7;6259;1;UF;RS;7;Deputado Estadual;13;PT;PARTIDO DOS TRABALHADORES;823132;95119;823132
6259-1-RS-7;6259;1;UF;RS;7;Deputado Estadual;65;PCDOB;PARTIDO COMUNISTA DO BRASIL;70512;1880;70512
6259-1-RS-7;6259;1;UF;RS;7;Deputado Estadual;43;PV;PARTIDO VERDE;2437;644;2437
6259-1-RS-7;6259;1;UF;RS;7;Deputado Estadual;35;DEMOCRATA;DEMOCRATA;0;0;1617
6259-1-RS-7;6259;1;UF;RS;7;Deputado Estadual;12;PDT;PARTIDO DEMOCRÁTICO TRABALHISTA;389881;18737;389881
6259-1-RS-7;6259;1;UF;RS;7;Deputado Estadual;16;PSTU;PARTIDO SOCIALISTA  DOS TRABALHADORES UNIFICADO;526;758;526
6259-1-RS-7;6259;1;UF;RS;7;Deputado Estadual;20;PODE;PODEMOS;284702;6840;284702
6259-1-RS-7;6259;1;UF;RS;7;Deputado Estadual;22;PL;PARTIDO LIBERAL;1117476;77601;1117476
6259-1-RS-7;6259;1;UF;RS;7;Deputado Estadual;44;UNIÃO;UNIÃO BRASIL;164570;3044;164570
6259-1-RS-7;6259;1;UF;RS;7;Deputado Estadual;11;PP;PROGRESSISTAS;694999;15455;694999
6259-1-RS-7;6259;1;UF;RS;7;Deputado Estadual;55;PSD;PARTIDO SOCIAL DEMOCRÁTICO;544799;12766;544799
6259-1-RS-7;6259;1;UF;RS;7;Deputado Estadual;14;MISSÃO;PARTIDO MISSÃO;30368;6235;30368
6257-1-SC-1;6257;1;UF;SC;1;Presidente;22;PL;PARTIDO LIBERAL;3000020;;3000020
6257-1-SC-1;6257;1;UF;SC;1;Presidente;55;PSD;PARTIDO SOCIAL DEMOCRÁTICO;79911;;79911
6257-1-SC-1;6257;1;UF;SC;1;Presidente;13;PT;PARTIDO DOS TRABALHADORES;1127168;;1127168
6257-1-SC-1;6257;1;UF;SC;1;Presidente;16;PSTU;PARTIDO SOCIALISTA  DOS TRABALHADORES UNIFICADO;1503;;1503
6257-1-SC-1;6257;1;UF;SC;1;Presidente;21;PCB;PARTIDO COMUNISTA BRASILEIRO;828;;828
6257-1-SC-1;6257;1;UF;SC;1;Presidente;27;DC;DEMOCRACIA CRISTÃ;1429;;1429
6257-1-SC-1;6257;1;UF;SC;1;Presidente;30;NOVO;PARTIDO NOVO;16718;;16718
6257-1-SC-1;6257;1;UF;SC;1;Presidente;70;AVANTE;AVANTE;134273;;134273
6257-1-SC-1;6257;1;UF;SC;1;Presidente;35;DEMOCRATA;DEMOCRATA;560;;560
6257-1-SC-1;6257;1;UF;SC;1;Presidente;80;UP;UNIDADE POPULAR;5049;;5049
6257-1-SC-1;6257;1;UF;SC;1;Presidente;14;MISSÃO;PARTIDO MISSÃO;132795;;132795
6257-1-SC-1;6257;1;UF;SC;1;Presidente;29;PCO;PARTIDO DA CAUSA OPERÁRIA;643;;643
6259-1-SC-3;6259;1;UF;SC;3;Governador;55;PSD;PARTIDO SOCIAL DEMOCRÁTICO;569263;;569263
6259-1-SC-3;6259;1;UF;SC;3;Governador;80;UP;UNIDADE POPULAR;21252;;21252
6259-1-SC-3;6259;1;UF;SC;3;Governador;29;PCO;PARTIDO DA CAUSA OPERÁRIA;2413;;2413
6259-1-SC-3;6259;1;UF;SC;3;Governador;25;PRD;PARTIDO RENOVACAO DEMOCRATICA;9000;;9000
6259-1-SC-3;6259;1;UF;SC;3;Governador;40;PSB;PARTIDO SOCIALISTA BRASILEIRO;668021;;668021
6259-1-SC-3;6259;1;UF;SC;3;Governador;22;PL;PARTIDO LIBERAL;2942386;;2942386
6259-1-SC-3;6259;1;UF;SC;3;Governador;16;PSTU;PARTIDO SOCIALISTA  DOS TRABALHADORES UNIFICADO;6682;;6682
6259-1-SC-3;6259;1;UF;SC;3;Governador;14;MISSÃO;PARTIDO MISSÃO;46624;;46624
6259-1-SC-5;6259;1;UF;SC;5;Senador;14;MISSÃO;PARTIDO MISSÃO;59365;;59365
6259-1-SC-5;6259;1;UF;SC;5;Senador;11;PP;PROGRESSISTAS;1233034;;1233034
6259-1-SC-5;6259;1;UF;SC;5;Senador;15;MDB;MOVIMENTO DEMOCRÁTICO BRASILEIRO;482413;;482413
6259-1-SC-5;6259;1;UF;SC;5;Senador;22;PL;PARTIDO LIBERAL;4736758;;4736758
6259-1-SC-5;6259;1;UF;SC;5;Senador;13;PT;PARTIDO DOS TRABALHADORES;823200;;823200
6259-1-SC-5;6259;1;UF;SC;5;Senador;50;PSOL;PARTIDO SOCIALISMO E LIBERDADE;657451;;657451
6259-1-SC-5;6259;1;UF;SC;5;Senador;25;PRD;PARTIDO RENOVACAO DEMOCRATICA;14060;;14060
6259-1-SC-5;6259;1;UF;SC;5;Senador;29;PCO;PARTIDO DA CAUSA OPERÁRIA;0;;11975
6259-1-SC-5;6259;1;UF;SC;5;Senador;80;UP;UNIDADE POPULAR;24940;;24940
6259-1-SC-5;6259;1;UF;SC;5;Senador;16;PSTU;PARTIDO SOCIALISTA  DOS TRABALHADORES UNIFICADO;9879;;9879
6259-1-SC-6;6259;1;UF;SC;6;Deputado Federal;25;PRD;PARTIDO RENOVACAO DEMOCRATICA;10719;807;11035
6259-1-SC-6;6259;1;UF;SC;6;Deputado Federal;77;SOLIDARIEDADE;SOLIDARIEDADE;622;186;680
6259-1-SC-6;6259;1;UF;SC;6;Deputado Federal;80;UP;UNIDADE POPULAR;3392;223;3392
6259-1-SC-6;6259;1;UF;SC;6;Deputado Federal;45;PSDB;PARTIDO DA SOCIAL DEMOCRACIA BRASILEIRA;0;2138;0
6259-1-SC-6;6259;1;UF;SC;6;Deputado Federal;23;CIDADANIA;CIDADANIA;2649;1323;2649
6259-1-SC-6;6259;1;UF;SC;6;Deputado Federal;27;DC;DEMOCRACIA CRISTÃ;4605;107;4605
6259-1-SC-6;6259;1;UF;SC;6;Deputado Federal;14;MISSÃO;PARTIDO MISSÃO;46045;3184;46816
6259-1-SC-6;6259;1;UF;SC;6;Deputado Federal;18;REDE;REDE SUSTENTABILIDADE;0;745;0
6259-1-SC-6;6259;1;UF;SC;6;Deputado Federal;50;PSOL;PARTIDO SOCIALISMO E LIBERDADE;37448;3972;37448
6259-1-SC-6;6259;1;UF;SC;6;Deputado Federal;22;PL;PARTIDO LIBERAL;1502338;36796;1502338
6259-1-SC-6;6259;1;UF;SC;6;Deputado Federal;10;REPUBLICANOS;REPUBLICANOS;335568;5003;335568
6259-1-SC-6;6259;1;UF;SC;6;Deputado Federal;13;PT;PARTIDO DOS TRABALHADORES;545852;28778;545852
6259-1-SC-6;6259;1;UF;SC;6;Deputado Federal;65;PCDOB;PARTIDO COMUNISTA DO BRASIL;114976;849;114976
6259-1-SC-6;6259;1;UF;SC;6;Deputado Federal;43;PV;PARTIDO VERDE;1372;131;1372
6259-1-SC-6;6259;1;UF;SC;6;Deputado Federal;30;NOVO;PARTIDO NOVO;299508;3444;299508
6259-1-SC-6;6259;1;UF;SC;6;Deputado Federal;12;PDT;PARTIDO DEMOCRÁTICO TRABALHISTA;10410;6153;10410
6259-1-SC-6;6259;1;UF;SC;6;Deputado Federal;20;PODE;PODEMOS;215900;2778;215900
6259-1-SC-6;6259;1;UF;SC;6;Deputado Federal;55;PSD;PARTIDO SOCIAL DEMOCRÁTICO;278290;4672;278290
6259-1-SC-6;6259;1;UF;SC;6;Deputado Federal;44;UNIÃO;UNIÃO BRASIL;131703;3067;131703
6259-1-SC-6;6259;1;UF;SC;6;Deputado Federal;11;PP;PROGRESSISTAS;184084;7790;184084
6259-1-SC-6;6259;1;UF;SC;6;Deputado Federal;15;MDB;MOVIMENTO DEMOCRÁTICO BRASILEIRO;376479;7917;403768
6259-1-SC-6;6259;1;UF;SC;6;Deputado Federal;29;PCO;PARTIDO DA CAUSA OPERÁRIA;368;137;368
6259-1-SC-6;6259;1;UF;SC;6;Deputado Federal;40;PSB;PARTIDO SOCIALISTA BRASILEIRO;1677;1338;1677
6259-1-SC-6;6259;1;UF;SC;6;Deputado Federal;70;AVANTE;AVANTE;5390;565;5607
6259-1-SC-7;6259;1;UF;SC;7;Deputado Estadual;15;MDB;MOVIMENTO DEMOCRÁTICO BRASILEIRO;362881;14988;362961
6259-1-SC-7;6259;1;UF;SC;7;Deputado Estadual;65;PCDOB;PARTIDO COMUNISTA DO BRASIL;24223;1207;24223
6259-1-SC-7;6259;1;UF;SC;7;Deputado Estadual;43;PV;PARTIDO VERDE;0;290;0
6259-1-SC-7;6259;1;UF;SC;7;Deputado Estadual;13;PT;PARTIDO DOS TRABALHADORES;424520;53309;441209
6259-1-SC-7;6259;1;UF;SC;7;Deputado Estadual;12;PDT;PARTIDO DEMOCRÁTICO TRABALHISTA;91971;4507;91971
6259-1-SC-7;6259;1;UF;SC;7;Deputado Estadual;18;REDE;REDE SUSTENTABILIDADE;415;510;415
6259-1-SC-7;6259;1;UF;SC;7;Deputado Estadual;50;PSOL;PARTIDO SOCIALISMO E LIBERDADE;128363;4664;128363
6259-1-SC-7;6259;1;UF;SC;7;Deputado Estadual;22;PL;PARTIDO LIBERAL;1446212;82517;1446212
6259-1-SC-7;6259;1;UF;SC;7;Deputado Estadual;20;PODE;PODEMOS;191466;4244;191466
6259-1-SC-7;6259;1;UF;SC;7;Deputado Estadual;16;PSTU;PARTIDO SOCIALISTA  DOS TRABALHADORES UNIFICADO;691;539;691
6259-1-SC-7;6259;1;UF;SC;7;Deputado Estadual;36;AGIR;AGIR;272;232;272
6259-1-SC-7;6259;1;UF;SC;7;Deputado Estadual;44;UNIÃO;UNIÃO BRASIL;255778;3631;255778
6259-1-SC-7;6259;1;UF;SC;7;Deputado Estadual;11;PP;PROGRESSISTAS;190345;18785;190345
6259-1-SC-7;6259;1;UF;SC;7;Deputado Estadual;45;PSDB;PARTIDO DA SOCIAL DEMOCRACIA BRASILEIRA;61593;3205;61593
6259-1-SC-7;6259;1;UF;SC;7;Deputado Estadual;23;CIDADANIA;CIDADANIA;8390;1037;8390
6259-1-SC-7;6259;1;UF;SC;7;Deputado Estadual;30;NOVO;PARTIDO NOVO;183117;3893;183117
6259-1-SC-7;6259;1;UF;SC;7;Deputado Estadual;25;PRD;PARTIDO RENOVACAO DEMOCRATICA;12269;1102;12269
6259-1-SC-7;6259;1;UF;SC;7;Deputado Estadual;77;SOLIDARIEDADE;SOLIDARIEDADE;714;221;714
6259-1-SC-7;6259;1;UF;SC;7;Deputado Estadual;70;AVANTE;AVANTE;2214;440;2214
6259-1-SC-7;6259;1;UF;SC;7;Deputado Estadual;55;PSD;PARTIDO SOCIAL DEMOCRÁTICO;312992;7190;312992
6259-1-SC-7;6259;1;UF;SC;7;Deputado Estadual;10;REPUBLICANOS;REPUBLICANOS;325122;6099;325122
6259-1-SC-7;6259;1;UF;SC;7;Deputado Estadual;14;MISSÃO;PARTIDO MISSÃO;31239;3687;31723
6257-1-SE-1;6257;1;UF;SE;1;Presidente;22;PL;PARTIDO LIBERAL;417839;;417839
6257-1-SE-1;6257;1;UF;SE;1;Presidente;55;PSD;PARTIDO SOCIAL DEMOCRÁTICO;26651;;26651
6257-1-SE-1;6257;1;UF;SE;1;Presidente;13;PT;PARTIDO DOS TRABALHADORES;856019;;856019
6257-1-SE-1;6257;1;UF;SE;1;Presidente;27;DC;DEMOCRACIA CRISTÃ;457;;457
6257-1-SE-1;6257;1;UF;SE;1;Presidente;21;PCB;PARTIDO COMUNISTA BRASILEIRO;204;;204
6257-1-SE-1;6257;1;UF;SE;1;Presidente;16;PSTU;PARTIDO SOCIALISTA  DOS TRABALHADORES UNIFICADO;331;;331
6257-1-SE-1;6257;1;UF;SE;1;Presidente;70;AVANTE;AVANTE;38895;;38895
6257-1-SE-1;6257;1;UF;SE;1;Presidente;30;NOVO;PARTIDO NOVO;1158;;1158
6257-1-SE-1;6257;1;UF;SE;1;Presidente;80;UP;UNIDADE POPULAR;991;;991
6257-1-SE-1;6257;1;UF;SE;1;Presidente;35;DEMOCRATA;DEMOCRATA;138;;138
6257-1-SE-1;6257;1;UF;SE;1;Presidente;14;MISSÃO;PARTIDO MISSÃO;21405;;21405
6257-1-SE-1;6257;1;UF;SE;1;Presidente;29;PCO;PARTIDO DA CAUSA OPERÁRIA;108;;108
6259-1-SE-3;6259;1;UF;SE;3;Governador;27;DC;DEMOCRACIA CRISTÃ;2728;;2728
6259-1-SE-3;6259;1;UF;SE;3;Governador;55;PSD;PARTIDO SOCIAL DEMOCRÁTICO;727291;;727291
6259-1-SE-3;6259;1;UF;SE;3;Governador;10;REPUBLICANOS;REPUBLICANOS;459908;;459908
6259-1-SE-3;6259;1;UF;SE;3;Governador;50;PSOL;PARTIDO SOCIALISMO E LIBERDADE;0;;37081
6259-1-SE-5;6259;1;UF;SE;5;Senador;10;REPUBLICANOS;REPUBLICANOS;601437;;601437
6259-1-SE-5;6259;1;UF;SE;5;Senador;15;MDB;MOVIMENTO DEMOCRÁTICO BRASILEIRO;399775;;399775
6259-1-SE-5;6259;1;UF;SE;5;Senador;12;PDT;PARTIDO DEMOCRÁTICO TRABALHISTA;187491;;187491
6259-1-SE-5;6259;1;UF;SE;5;Senador;22;PL;PARTIDO LIBERAL;169728;;169728
6259-1-SE-5;6259;1;UF;SE;5;Senador;27;DC;DEMOCRACIA CRISTÃ;7527;;7527
6259-1-SE-5;6259;1;UF;SE;5;Senador;13;PT;PARTIDO DOS TRABALHADORES;511142;;511142
6259-1-SE-5;6259;1;UF;SE;5;Senador;44;UNIÃO;UNIÃO BRASIL;377669;;377669
6259-1-SE-5;6259;1;UF;SE;5;Senador;50;PSOL;PARTIDO SOCIALISMO E LIBERDADE;0;;78400
6259-1-SE-6;6259;1;UF;SE;6;Deputado Federal;27;DC;DEMOCRACIA CRISTÃ;486;38;486
6259-1-SE-6;6259;1;UF;SE;6;Deputado Federal;14;MISSÃO;PARTIDO MISSÃO;5328;510;5328
6259-1-SE-6;6259;1;UF;SE;6;Deputado Federal;55;PSD;PARTIDO SOCIAL DEMOCRÁTICO;251612;5562;251612
6259-1-SE-6;6259;1;UF;SE;6;Deputado Federal;40;PSB;PARTIDO SOCIALISTA BRASILEIRO;191297;2024;191297
6259-1-SE-6;6259;1;UF;SE;6;Deputado Federal;80;UP;UNIDADE POPULAR;468;34;468
6259-1-SE-6;6259;1;UF;SE;6;Deputado Federal;13;PT;PARTIDO DOS TRABALHADORES;158938;9265;158938
6259-1-SE-6;6259;1;UF;SE;6;Deputado Federal;65;PCDOB;PARTIDO COMUNISTA DO BRASIL;989;108;989
6259-1-SE-6;6259;1;UF;SE;6;Deputado Federal;43;PV;PARTIDO VERDE;2763;1108;2763
6259-1-SE-6;6259;1;UF;SE;6;Deputado Federal;18;REDE;REDE SUSTENTABILIDADE;0;0;0
6259-1-SE-6;6259;1;UF;SE;6;Deputado Federal;50;PSOL;PARTIDO SOCIALISMO E LIBERDADE;0;0;11495
6259-1-SE-6;6259;1;UF;SE;6;Deputado Federal;10;REPUBLICANOS;REPUBLICANOS;199106;3810;199106
6259-1-SE-6;6259;1;UF;SE;6;Deputado Federal;45;PSDB;PARTIDO DA SOCIAL DEMOCRACIA BRASILEIRA;1073;454;1073
6259-1-SE-6;6259;1;UF;SE;6;Deputado Federal;23;CIDADANIA;CIDADANIA;1822;236;1822
6259-1-SE-6;6259;1;UF;SE;6;Deputado Federal;20;PODE;PODEMOS;1789;417;1789
6259-1-SE-6;6259;1;UF;SE;6;Deputado Federal;30;NOVO;PARTIDO NOVO;1531;87;1531
6259-1-SE-6;6259;1;UF;SE;6;Deputado Federal;70;AVANTE;AVANTE;17115;838;17115
6259-1-SE-6;6259;1;UF;SE;6;Deputado Federal;15;MDB;MOVIMENTO DEMOCRÁTICO BRASILEIRO;7202;2202;7202
6259-1-SE-6;6259;1;UF;SE;6;Deputado Federal;11;PP;PROGRESSISTAS;111827;2943;111827
6259-1-SE-6;6259;1;UF;SE;6;Deputado Federal;44;UNIÃO;UNIÃO BRASIL;195203;5119;195203
6259-1-SE-6;6259;1;UF;SE;6;Deputado Federal;12;PDT;PARTIDO DEMOCRÁTICO TRABALHISTA;4305;3078;4305
6259-1-SE-6;6259;1;UF;SE;6;Deputado Federal;22;PL;PARTIDO LIBERAL;89678;3335;89678
6259-1-SE-7;6259;1;UF;SE;7;Deputado Estadual;55;PSD;PARTIDO SOCIAL DEMOCRÁTICO;242222;7820;242222
6259-1-SE-7;6259;1;UF;SE;7;Deputado Estadual;11;PP;PROGRESSISTAS;33365;2387;33365
6259-1-SE-7;6259;1;UF;SE;7;Deputado Estadual;44;UNIÃO;UNIÃO BRASIL;251192;13207;251192
6259-1-SE-7;6259;1;UF;SE;7;Deputado Estadual;13;PT;PARTIDO DOS TRABALHADORES;90895;18121;90895
6259-1-SE-7;6259;1;UF;SE;7;Deputado Estadual;43;PV;PARTIDO VERDE;55330;723;55330
6259-1-SE-7;6259;1;UF;SE;7;Deputado Estadual;65;PCDOB;PARTIDO COMUNISTA DO BRASIL;1137;144;1137
6259-1-SE-7;6259;1;UF;SE;7;Deputado Estadual;10;REPUBLICANOS;REPUBLICANOS;127968;12185;127968
6259-1-SE-7;6259;1;UF;SE;7;Deputado Estadual;18;REDE;REDE SUSTENTABILIDADE;0;0;0
6259-1-SE-7;6259;1;UF;SE;7;Deputado Estadual;50;PSOL;PARTIDO SOCIALISMO E LIBERDADE;0;0;55143
6259-1-SE-7;6259;1;UF;SE;7;Deputado Estadual;22;PL;PARTIDO LIBERAL;86790;4787;86790
6259-1-SE-7;6259;1;UF;SE;7;Deputado Estadual;70;AVANTE;AVANTE;48809;897;49171
6259-1-SE-7;6259;1;UF;SE;7;Deputado Estadual;15;MDB;MOVIMENTO DEMOCRÁTICO BRASILEIRO;112942;7435;112942
6259-1-SE-7;6259;1;UF;SE;7;Deputado Estadual;20;PODE;PODEMOS;16937;283;16937
6259-1-SE-7;6259;1;UF;SE;7;Deputado Estadual;40;PSB;PARTIDO SOCIALISTA BRASILEIRO;97380;3304;97380
6259-1-SE-7;6259;1;UF;SE;7;Deputado Estadual;80;UP;UNIDADE POPULAR;248;74;248
6257-1-SP-1;6257;1;UF;SP;1;Presidente;22;PL;PARTIDO LIBERAL;12922023;;12922023
6257-1-SP-1;6257;1;UF;SP;1;Presidente;55;PSD;PARTIDO SOCIAL DEMOCRÁTICO;579571;;579571
6257-1-SP-1;6257;1;UF;SP;1;Presidente;13;PT;PARTIDO DOS TRABALHADORES;9505413;;9505413
6257-1-SP-1;6257;1;UF;SP;1;Presidente;27;DC;DEMOCRACIA CRISTÃ;10563;;10563
6257-1-SP-1;6257;1;UF;SP;1;Presidente;21;PCB;PARTIDO COMUNISTA BRASILEIRO;6129;;6129
6257-1-SP-1;6257;1;UF;SP;1;Presidente;16;PSTU;PARTIDO SOCIALISTA  DOS TRABALHADORES UNIFICADO;15815;;15815
6257-1-SP-1;6257;1;UF;SP;1;Presidente;70;AVANTE;AVANTE;892368;;892368
6257-1-SP-1;6257;1;UF;SP;1;Presidente;30;NOVO;PARTIDO NOVO;94635;;94635
6257-1-SP-1;6257;1;UF;SP;1;Presidente;80;UP;UNIDADE POPULAR;42532;;42532
6257-1-SP-1;6257;1;UF;SP;1;Presidente;35;DEMOCRATA;DEMOCRATA;5160;;5160
6257-1-SP-1;6257;1;UF;SP;1;Presidente;14;MISSÃO;PARTIDO MISSÃO;804310;;804310
6257-1-SP-1;6257;1;UF;SP;1;Presidente;29;PCO;PARTIDO DA CAUSA OPERÁRIA;4429;;4429
6259-1-SP-3;6259;1;UF;SP;3;Governador;10;REPUBLICANOS;REPUBLICANOS;14491874;;14491874
6259-1-SP-3;6259;1;UF;SP;3;Governador;13;PT;PARTIDO DOS TRABALHADORES;8423656;;8423656
6259-1-SP-3;6259;1;UF;SP;3;Governador;80;UP;UNIDADE POPULAR;80480;;80480
6259-1-SP-3;6259;1;UF;SP;3;Governador;16;PSTU;PARTIDO SOCIALISTA  DOS TRABALHADORES UNIFICADO;75641;;75641
6259-1-SP-3;6259;1;UF;SP;3;Governador;21;PCB;PARTIDO COMUNISTA BRASILEIRO;58862;;58862
6259-1-SP-5;6259;1;UF;SP;5;Senador;22;PL;PARTIDO LIBERAL;12703089;;12703089
6259-1-SP-5;6259;1;UF;SP;5;Senador;11;PP;PROGRESSISTAS;13273880;;13273880
6259-1-SP-5;6259;1;UF;SP;5;Senador;21;PCB;PARTIDO COMUNISTA BRASILEIRO;28311;;28311
6259-1-SP-5;6259;1;UF;SP;5;Senador;14;MISSÃO;PARTIDO MISSÃO;392916;;392916
6259-1-SP-5;6259;1;UF;SP;5;Senador;40;PSB;PARTIDO SOCIALISTA BRASILEIRO;8342968;;8342968
6259-1-SP-5;6259;1;UF;SP;5;Senador;18;REDE;REDE SUSTENTABILIDADE;7862400;;7862400
6259-1-SP-5;6259;1;UF;SP;5;Senador;16;PSTU;PARTIDO SOCIALISTA  DOS TRABALHADORES UNIFICADO;85703;;85703
6259-1-SP-5;6259;1;UF;SP;5;Senador;20;PODE;PODEMOS;386468;;386468
6259-1-SP-5;6259;1;UF;SP;5;Senador;23;CIDADANIA;CIDADANIA;165707;;165707
6259-1-SP-5;6259;1;UF;SP;5;Senador;36;AGIR;AGIR;0;;8732
6259-1-SP-5;6259;1;UF;SP;5;Senador;80;UP;UNIDADE POPULAR;136461;;136461
6259-1-SP-6;6259;1;UF;SP;6;Deputado Federal;14;MISSÃO;PARTIDO MISSÃO;640258;16133;640258
6259-1-SP-6;6259;1;UF;SP;6;Deputado Federal;16;PSTU;PARTIDO SOCIALISTA  DOS TRABALHADORES UNIFICADO;5862;2150;5862
6259-1-SP-6;6259;1;UF;SP;6;Deputado Federal;40;PSB;PARTIDO SOCIALISTA BRASILEIRO;940365;23919;941597
6259-1-SP-6;6259;1;UF;SP;6;Deputado Federal;55;PSD;PARTIDO SOCIAL DEMOCRÁTICO;1560406;10437;1560406
6259-1-SP-6;6259;1;UF;SP;6;Deputado Federal;10;REPUBLICANOS;REPUBLICANOS;1473799;27804;1479856
6259-1-SP-6;6259;1;UF;SP;6;Deputado Federal;20;PODE;PODEMOS;1904268;8780;1904268
6259-1-SP-6;6259;1;UF;SP;6;Deputado Federal;22;PL;PARTIDO LIBERAL;6278173;151324;6279893
6259-1-SP-6;6259;1;UF;SP;6;Deputado Federal;36;AGIR;AGIR;2813;521;9808
6259-1-SP-6;6259;1;UF;SP;6;Deputado Federal;11;PP;PROGRESSISTAS;1045570;36924;1045570
6259-1-SP-6;6259;1;UF;SP;6;Deputado Federal;44;UNIÃO;UNIÃO BRASIL;723240;4277;723240
6259-1-SP-6;6259;1;UF;SP;6;Deputado Federal;80;UP;UNIDADE POPULAR;11004;2472;11004
6259-1-SP-6;6259;1;UF;SP;6;Deputado Federal;77;SOLIDARIEDADE;SOLIDARIEDADE;156961;2396;156961
6259-1-SP-6;6259;1;UF;SP;6;Deputado Federal;25;PRD;PARTIDO RENOVACAO DEMOCRATICA;197375;3805;197375
6259-1-SP-6;6259;1;UF;SP;6;Deputado Federal;30;NOVO;PARTIDO NOVO;585331;11165;585543
6259-1-SP-6;6259;1;UF;SP;6;Deputado Federal;70;AVANTE;AVANTE;190184;5314;197031
6259-1-SP-6;6259;1;UF;SP;6;Deputado Federal;12;PDT;PARTIDO DEMOCRÁTICO TRABALHISTA;128372;19928;128372
6259-1-SP-6;6259;1;UF;SP;6;Deputado Federal;15;MDB;MOVIMENTO DEMOCRÁTICO BRASILEIRO;1173591;14138;1173591
6259-1-SP-6;6259;1;UF;SP;6;Deputado Federal;23;CIDADANIA;CIDADANIA;120457;8082;120457
6259-1-SP-6;6259;1;UF;SP;6;Deputado Federal;45;PSDB;PARTIDO DA SOCIAL DEMOCRACIA BRASILEIRA;244233;6533;244369
6259-1-SP-6;6259;1;UF;SP;6;Deputado Federal;65;PCDOB;PARTIDO COMUNISTA DO BRASIL;79912;4948;79912
6259-1-SP-6;6259;1;UF;SP;6;Deputado Federal;13;PT;PARTIDO DOS TRABALHADORES;2467871;264980;2467871
6259-1-SP-6;6259;1;UF;SP;6;Deputado Federal;43;PV;PARTIDO VERDE;23473;2358;23473
6259-1-SP-6;6259;1;UF;SP;6;Deputado Federal;18;REDE;REDE SUSTENTABILIDADE;29600;29057;29600
6259-1-SP-6;6259;1;UF;SP;6;Deputado Federal;50;PSOL;PARTIDO SOCIALISMO E LIBERDADE;2975795;26299;2979330
6259-1-SP-6;6259;1;UF;SP;6;Deputado Federal;27;DC;DEMOCRACIA CRISTÃ;26743;665;30367
6259-1-SP-6;6259;1;UF;SP;6;Deputado Federal;35;DEMOCRATA;DEMOCRATA;2652;1471;2652
6259-1-SP-7;6259;1;UF;SP;7;Deputado Estadual;12;PDT;PARTIDO DEMOCRÁTICO TRABALHISTA;133629;26360;133629
6259-1-SP-7;6259;1;UF;SP;7;Deputado Estadual;65;PCDOB;PARTIDO COMUNISTA DO BRASIL;137403;6955;137403
6259-1-SP-7;6259;1;UF;SP;7;Deputado Estadual;43;PV;PARTIDO VERDE;25235;3777;25235
6259-1-SP-7;6259;1;UF;SP;7;Deputado Estadual;13;PT;PARTIDO DOS TRABALHADORES;3146068;337123;3146068
6259-1-SP-7;6259;1;UF;SP;7;Deputado Estadual;14;MISSÃO;PARTIDO MISSÃO;393153;36017;394137
6259-1-SP-7;6259;1;UF;SP;7;Deputado Estadual;27;DC;DEMOCRACIA CRISTÃ;33411;1606;36473
6259-1-SP-7;6259;1;UF;SP;7;Deputado Estadual;22;PL;PARTIDO LIBERAL;5954540;331507;5954540
6259-1-SP-7;6259;1;UF;SP;7;Deputado Estadual;25;PRD;PARTIDO RENOVACAO DEMOCRATICA;158493;10683;158493
6259-1-SP-7;6259;1;UF;SP;7;Deputado Estadual;77;SOLIDARIEDADE;SOLIDARIEDADE;91179;4871;103238
6259-1-SP-7;6259;1;UF;SP;7;Deputado Estadual;29;PCO;PARTIDO DA CAUSA OPERÁRIA;0;0;1545
6259-1-SP-7;6259;1;UF;SP;7;Deputado Estadual;55;PSD;PARTIDO SOCIAL DEMOCRÁTICO;2208670;43171;2208943
6259-1-SP-7;6259;1;UF;SP;7;Deputado Estadual;16;PSTU;PARTIDO SOCIALISTA  DOS TRABALHADORES UNIFICADO;6557;3431;6557
6259-1-SP-7;6259;1;UF;SP;7;Deputado Estadual;35;DEMOCRATA;DEMOCRATA;2380;2294;2380
6259-1-SP-7;6259;1;UF;SP;7;Deputado Estadual;11;PP;PROGRESSISTAS;977013;123327;977324
6259-1-SP-7;6259;1;UF;SP;7;Deputado Estadual;44;UNIÃO;UNIÃO BRASIL;981047;24262;981047
6259-1-SP-7;6259;1;UF;SP;7;Deputado Estadual;40;PSB;PARTIDO SOCIALISTA BRASILEIRO;622171;119394;622171
6259-1-SP-7;6259;1;UF;SP;7;Deputado Estadual;15;MDB;MOVIMENTO DEMOCRÁTICO BRASILEIRO;1157483;36934;1157483
6259-1-SP-7;6259;1;UF;SP;7;Deputado Estadual;18;REDE;REDE SUSTENTABILIDADE;40330;130888;40330
6259-1-SP-7;6259;1;UF;SP;7;Deputado Estadual;50;PSOL;PARTIDO SOCIALISMO E LIBERDADE;2028929;60359;2029280
6259-1-SP-7;6259;1;UF;SP;7;Deputado Estadual;20;PODE;PODEMOS;1339361;39801;1340899
6259-1-SP-7;6259;1;UF;SP;7;Deputado Estadual;30;NOVO;PARTIDO NOVO;319244;27462;319244
6259-1-SP-7;6259;1;UF;SP;7;Deputado Estadual;33;MOBILIZA;MOBILIZAÇÃO NACIONAL;20348;1962;25291
6259-1-SP-7;6259;1;UF;SP;7;Deputado Estadual;23;CIDADANIA;CIDADANIA;114722;10372;114722
6259-1-SP-7;6259;1;UF;SP;7;Deputado Estadual;45;PSDB;PARTIDO DA SOCIAL DEMOCRACIA BRASILEIRA;320011;22242;320011
6259-1-SP-7;6259;1;UF;SP;7;Deputado Estadual;70;AVANTE;AVANTE;51367;8384;51367
6259-1-SP-7;6259;1;UF;SP;7;Deputado Estadual;10;REPUBLICANOS;REPUBLICANOS;1514712;76117;1516333
6259-1-SP-7;6259;1;UF;SP;7;Deputado Estadual;36;AGIR;AGIR;3636;1887;12076
6259-1-SP-7;6259;1;UF;SP;7;Deputado Estadual;80;UP;UNIDADE POPULAR;14289;3447;14289
6257-1-TO-1;6257;1;UF;TO;1;Presidente;22;PL;PARTIDO LIBERAL;469321;;469321
6257-1-TO-1;6257;1;UF;TO;1;Presidente;55;PSD;PARTIDO SOCIAL DEMOCRÁTICO;20189;;20189
6257-1-TO-1;6257;1;UF;TO;1;Presidente;13;PT;PARTIDO DOS TRABALHADORES;404009;;404009
6257-1-TO-1;6257;1;UF;TO;1;Presidente;27;DC;DEMOCRACIA CRISTÃ;171;;171
6257-1-TO-1;6257;1;UF;TO;1;Presidente;21;PCB;PARTIDO COMUNISTA BRASILEIRO;117;;117
6257-1-TO-1;6257;1;UF;TO;1;Presidente;16;PSTU;PARTIDO SOCIALISTA  DOS TRABALHADORES UNIFICADO;101;;101
6257-1-TO-1;6257;1;UF;TO;1;Presidente;70;AVANTE;AVANTE;22434;;22434
6257-1-TO-1;6257;1;UF;TO;1;Presidente;30;NOVO;PARTIDO NOVO;595;;595
6257-1-TO-1;6257;1;UF;TO;1;Presidente;80;UP;UNIDADE POPULAR;395;;395
6257-1-TO-1;6257;1;UF;TO;1;Presidente;35;DEMOCRATA;DEMOCRATA;67;;67
6257-1-TO-1;6257;1;UF;TO;1;Presidente;14;MISSÃO;PARTIDO MISSÃO;12983;;12983
6257-1-TO-1;6257;1;UF;TO;1;Presidente;29;PCO;PARTIDO DA CAUSA OPERÁRIA;65;;65
6259-1-TO-3;6259;1;UF;TO;3;Governador;45;PSDB;PARTIDO DA SOCIAL DEMOCRACIA BRASILEIRA;372848;;372848
6259-1-TO-3;6259;1;UF;TO;3;Governador;27;DC;DEMOCRACIA CRISTÃ;1272;;1272
6259-1-TO-3;6259;1;UF;TO;3;Governador;30;NOVO;PARTIDO NOVO;13173;;13173
6259-1-TO-3;6259;1;UF;TO;3;Governador;55;PSD;PARTIDO SOCIAL DEMOCRÁTICO;69967;;69967
6259-1-TO-3;6259;1;UF;TO;3;Governador;50;PSOL;PARTIDO SOCIALISMO E LIBERDADE;5109;;5109
6259-1-TO-3;6259;1;UF;TO;3;Governador;44;UNIÃO;UNIÃO BRASIL;386260;;386260
6259-1-TO-5;6259;1;UF;TO;5;Senador;13;PT;PARTIDO DOS TRABALHADORES;129838;;129838
6259-1-TO-5;6259;1;UF;TO;5;Senador;10;REPUBLICANOS;REPUBLICANOS;271829;;271829
6259-1-TO-5;6259;1;UF;TO;5;Senador;22;PL;PARTIDO LIBERAL;450191;;450191
6259-1-TO-5;6259;1;UF;TO;5;Senador;18;REDE;REDE SUSTENTABILIDADE;7802;;7802
6259-1-TO-5;6259;1;UF;TO;5;Senador;50;PSOL;PARTIDO SOCIALISMO E LIBERDADE;35722;;35722
6259-1-TO-5;6259;1;UF;TO;5;Senador;35;DEMOCRATA;DEMOCRATA;4943;;8197
6259-1-TO-5;6259;1;UF;TO;5;Senador;20;PODE;PODEMOS;160996;;160996
6259-1-TO-5;6259;1;UF;TO;5;Senador;44;UNIÃO;UNIÃO BRASIL;255548;;255548
6259-1-TO-5;6259;1;UF;TO;5;Senador;15;MDB;MOVIMENTO DEMOCRÁTICO BRASILEIRO;316786;;316786
6259-1-TO-5;6259;1;UF;TO;5;Senador;30;NOVO;PARTIDO NOVO;14558;;14558
6259-1-TO-5;6259;1;UF;TO;5;Senador;27;DC;DEMOCRACIA CRISTÃ;2198;;2198
6259-1-TO-6;6259;1;UF;TO;6;Deputado Federal;20;PODE;PODEMOS;91727;2129;91727
6259-1-TO-6;6259;1;UF;TO;6;Deputado Federal;65;PCDOB;PARTIDO COMUNISTA DO BRASIL;0;378;0
6259-1-TO-6;6259;1;UF;TO;6;Deputado Federal;13;PT;PARTIDO DOS TRABALHADORES;49094;5414;53376
6259-1-TO-6;6259;1;UF;TO;6;Deputado Federal;43;PV;PARTIDO VERDE;2166;587;2166
6259-1-TO-6;6259;1;UF;TO;6;Deputado Federal;14;MISSÃO;PARTIDO MISSÃO;1913;457;1913
6259-1-TO-6;6259;1;UF;TO;6;Deputado Federal;30;NOVO;PARTIDO NOVO;575;119;575
6259-1-TO-6;6259;1;UF;TO;6;Deputado Federal;10;REPUBLICANOS;REPUBLICANOS;278178;3332;278178
6259-1-TO-6;6259;1;UF;TO;6;Deputado Federal;22;PL;PARTIDO LIBERAL;98169;3681;98169
6259-1-TO-6;6259;1;UF;TO;6;Deputado Federal;25;PRD;PARTIDO RENOVACAO DEMOCRATICA;132;1053;132
6259-1-TO-6;6259;1;UF;TO;6;Deputado Federal;77;SOLIDARIEDADE;SOLIDARIEDADE;0;618;0
6259-1-TO-6;6259;1;UF;TO;6;Deputado Federal;44;UNIÃO;UNIÃO BRASIL;150385;3317;150385
6259-1-TO-6;6259;1;UF;TO;6;Deputado Federal;11;PP;PROGRESSISTAS;105697;2127;105697
6259-1-TO-6;6259;1;UF;TO;6;Deputado Federal;12;PDT;PARTIDO DEMOCRÁTICO TRABALHISTA;2133;2336;2133
6259-1-TO-6;6259;1;UF;TO;6;Deputado Federal;27;DC;DEMOCRACIA CRISTÃ;100;47;100
6259-1-TO-6;6259;1;UF;TO;6;Deputado Federal;40;PSB;PARTIDO SOCIALISTA BRASILEIRO;954;161;954
6259-1-TO-6;6259;1;UF;TO;6;Deputado Federal;18;REDE;REDE SUSTENTABILIDADE;450;124;450
6259-1-TO-6;6259;1;UF;TO;6;Deputado Federal;50;PSOL;PARTIDO SOCIALISMO E LIBERDADE;954;217;954
6259-1-TO-6;6259;1;UF;TO;6;Deputado Federal;35;DEMOCRATA;DEMOCRATA;141;42;141
6259-1-TO-6;6259;1;UF;TO;6;Deputado Federal;45;PSDB;PARTIDO DA SOCIAL DEMOCRACIA BRASILEIRA;91635;1843;91635
6259-1-TO-6;6259;1;UF;TO;6;Deputado Federal;23;CIDADANIA;CIDADANIA;0;182;0
6259-1-TO-7;6259;1;UF;TO;7;Deputado Estadual;10;REPUBLICANOS;REPUBLICANOS;149988;6837;150081
6259-1-TO-7;6259;1;UF;TO;7;Deputado Estadual;44;UNIÃO;UNIÃO BRASIL;102424;8286;102424
6259-1-TO-7;6259;1;UF;TO;7;Deputado Estadual;11;PP;PROGRESSISTAS;3257;1690;3257
6259-1-TO-7;6259;1;UF;TO;7;Deputado Estadual;65;PCDOB;PARTIDO COMUNISTA DO BRASIL;16197;310;16197
6259-1-TO-7;6259;1;UF;TO;7;Deputado Estadual;13;PT;PARTIDO DOS TRABALHADORES;29733;8829;29733
6259-1-TO-7;6259;1;UF;TO;7;Deputado Estadual;43;PV;PARTIDO VERDE;23798;532;23798
6259-1-TO-7;6259;1;UF;TO;7;Deputado Estadual;20;PODE;PODEMOS;77482;3496;77482
6259-1-TO-7;6259;1;UF;TO;7;Deputado Estadual;22;PL;PARTIDO LIBERAL;157573;10814;157573
6259-1-TO-7;6259;1;UF;TO;7;Deputado Estadual;55;PSD;PARTIDO SOCIAL DEMOCRÁTICO;55538;1328;55538
6259-1-TO-7;6259;1;UF;TO;7;Deputado Estadual;15;MDB;MOVIMENTO DEMOCRÁTICO BRASILEIRO;99755;9827;99755
6259-1-TO-7;6259;1;UF;TO;7;Deputado Estadual;45;PSDB;PARTIDO DA SOCIAL DEMOCRACIA BRASILEIRA;71552;3451;71552
6259-1-TO-7;6259;1;UF;TO;7;Deputado Estadual;23;CIDADANIA;CIDADANIA;0;248;0
6259-1-TO-7;6259;1;UF;TO;7;Deputado Estadual;30;NOVO;PARTIDO NOVO;3088;208;3088
6259-1-TO-7;6259;1;UF;TO;7;Deputado Estadual;27;DC;DEMOCRACIA CRISTÃ;397;125;397
6259-1-TO-7;6259;1;UF;TO;7;Deputado Estadual;77;SOLIDARIEDADE;SOLIDARIEDADE;17847;300;17847
6259-1-TO-7;6259;1;UF;TO;7;Deputado Estadual;25;PRD;PARTIDO RENOVACAO DEMOCRATICA;43517;689;50697
6259-1-TO-7;6259;1;UF;TO;7;Deputado Estadual;35;DEMOCRATA;DEMOCRATA;82;91;82
6257-1-ZZ-1;6257;1;Exterior;ZZ;1;Presidente;22;PL;PARTIDO LIBERAL;143900;;143900
6257-1-ZZ-1;6257;1;Exterior;ZZ;1;Presidente;55;PSD;PARTIDO SOCIAL DEMOCRÁTICO;4708;;4708
6257-1-ZZ-1;6257;1;Exterior;ZZ;1;Presidente;13;PT;PARTIDO DOS TRABALHADORES;157387;;157387
6257-1-ZZ-1;6257;1;Exterior;ZZ;1;Presidente;16;PSTU;PARTIDO SOCIALISTA  DOS TRABALHADORES UNIFICADO;373;;373
6257-1-ZZ-1;6257;1;Exterior;ZZ;1;Presidente;21;PCB;PARTIDO COMUNISTA BRASILEIRO;421;;421
6257-1-ZZ-1;6257;1;Exterior;ZZ;1;Presidente;27;DC;DEMOCRACIA CRISTÃ;825;;825
6257-1-ZZ-1;6257;1;Exterior;ZZ;1;Presidente;30;NOVO;PARTIDO NOVO;3329;;3329
6257-1-ZZ-1;6257;1;Exterior;ZZ;1;Presidente;70;AVANTE;AVANTE;9734;;9734
6257-1-ZZ-1;6257;1;Exterior;ZZ;1;Presidente;35;DEMOCRATA;DEMOCRATA;373;;373
6257-1-ZZ-1;6257;1;Exterior;ZZ;1;Presidente;80;UP;UNIDADE POPULAR;1053;;1053
6257-1-ZZ-1;6257;1;Exterior;ZZ;1;Presidente;14;MISSÃO;PARTIDO MISSÃO;8580;;8580
6257-1-ZZ-1;6257;1;Exterior;ZZ;1;Presidente;29;PCO;PARTIDO DA CAUSA OPERÁRIA;199;;199
